-220.00000172E-6,0.0,2.5460000
-219.80000020E-6,-200.00000298E-3,2.5420001
-219.59999867E-6,-200.00000298E-3,2.5500002
-219.39999715E-6,0.0,2.5440001
-219.19999563E-6,-400.00000596E-3,2.5420001
-219.00000866E-6,-200.00000298E-3,2.5440001
-218.80000713E-6,-200.00000298E-3,2.5420001
-218.60000561E-6,0.0,2.5440001
-218.40000409E-6,0.0,2.5400002
-218.20000256E-6,-400.00000596E-3,2.5360000
-218.00000104E-6,-200.00000298E-3,2.5380001
-217.79999952E-6,-200.00000298E-3,2.5420001
-217.59999800E-6,-200.00000298E-3,2.5420001
-217.39999647E-6,-400.00000596E-3,2.5400002
-217.19999495E-6,-200.00000298E-3,2.5440001
-217.00000798E-6,-400.00000596E-3,2.5340002
-216.80000646E-6,0.0,2.5440001
-216.60000493E-6,0.0,2.5540001
-216.40000341E-6,-200.00000298E-3,2.5460000
-216.20000189E-6,0.0,2.5440001
-216.00000036E-6,0.0,2.5480001
-215.79999884E-6,-400.00000596E-3,2.5460000
-215.59999732E-6,0.0,2.5440001
-215.39999580E-6,0.0,2.5480001
-215.20000882E-6,0.0,2.5440001
-215.00000730E-6,0.0,2.5420001
-214.80000578E-6,0.0,2.5420001
-214.60000426E-6,0.0,2.5400002
-214.40000273E-6,-200.00000298E-3,2.5400002
-214.20000121E-6,-200.00000298E-3,2.5340002
-213.99999969E-6,-200.00000298E-3,2.5400002
-213.79999816E-6,200.00000298E-3,2.5340002
-213.59999664E-6,0.0,2.5380001
-213.39999512E-6,0.0,2.5400002
-213.20000815E-6,-200.00000298E-3,2.5340002
-213.00000662E-6,-200.00000298E-3,2.5360000
-212.80000510E-6,0.0,2.5340002
-212.60000358E-6,-200.00000298E-3,2.5340002
-212.40000206E-6,0.0,2.5340002
-212.20000053E-6,0.0,2.5320001
-211.99999901E-6,0.0,2.5340002
-211.79999749E-6,-200.00000298E-3,2.5360000
-211.59999596E-6,0.0,2.5360000
-211.39999444E-6,0.0,2.5320001
-211.20000747E-6,-200.00000298E-3,2.5340002
-211.00000595E-6,0.0,2.5280001
-210.80000442E-6,-200.00000298E-3,2.5380001
-210.60000290E-6,0.0,2.5420001
-210.40000138E-6,0.0,2.5380001
-210.19999986E-6,-200.00000298E-3,2.5380001
-209.99999833E-6,-200.00000298E-3,2.5440001
-209.79999681E-6,0.0,2.5360000
-209.59999529E-6,0.0,2.5360000
-209.40000832E-6,-400.00000596E-3,2.5400002
-209.20000679E-6,-200.00000298E-3,2.5380001
-209.00000527E-6,0.0,2.5400002
-208.80000375E-6,0.0,2.5360000
-208.60000222E-6,200.00000298E-3,2.5380001
-208.40000070E-6,200.00000298E-3,2.5380001
-208.19999918E-6,0.0,2.5380001
-207.99999766E-6,0.0,2.5360000
-207.79999613E-6,0.0,2.5380001
-207.59999461E-6,-200.00000298E-3,2.5380001
-207.40000764E-6,-200.00000298E-3,2.5420001
-207.20000612E-6,-200.00000298E-3,2.5400002
-207.00000459E-6,-200.00000298E-3,2.5400002
-206.80000307E-6,-200.00000298E-3,2.5420001
-206.60000155E-6,0.0,2.5400002
-206.40000002E-6,-200.00000298E-3,2.5380001
-206.19999850E-6,-200.00000298E-3,2.5380001
-205.99999698E-6,0.0,2.5460000
-205.79999546E-6,-200.00000298E-3,2.5440001
-205.60000848E-6,-200.00000298E-3,2.5460000
-205.40000696E-6,-200.00000298E-3,2.5360000
-205.20000544E-6,0.0,2.5300002
-205.00000392E-6,0.0,2.5360000
-204.80000239E-6,0.0,2.5420001
-204.60000087E-6,-200.00000298E-3,2.5340002
-204.39999935E-6,-200.00000298E-3,2.5360000
-204.19999782E-6,-400.00000596E-3,2.5360000
-203.99999630E-6,-200.00000298E-3,2.5400002
-203.79999478E-6,0.0,2.5300002
-203.60000781E-6,0.0,2.5380001
-203.40000628E-6,0.0,2.5260000
-203.20000476E-6,0.0,2.5340002
-203.00000324E-6,0.0,2.5400002
-202.80000172E-6,-200.00000298E-3,2.5360000
-202.60000019E-6,0.0,2.5400002
-202.39999867E-6,-200.00000298E-3,2.5380001
-202.19999715E-6,0.0,2.5380001
-201.99999562E-6,-200.00000298E-3,2.5340002
-201.80000865E-6,0.0,2.5340002
-201.60000713E-6,-400.00000596E-3,2.5400002
-201.40000561E-6,-400.00000596E-3,2.5380001
-201.20000408E-6,-200.00000298E-3,2.5380001
-201.00000256E-6,-200.00000298E-3,2.5320001
-200.80000104E-6,-200.00000298E-3,2.5360000
-200.59999952E-6,-200.00000298E-3,2.5320001
-200.39999799E-6,200.00000298E-3,2.5340002
-200.19999647E-6,0.0,2.5320001
-199.99999495E-6,0.0,2.5400002
-199.80000798E-6,-200.00000298E-3,2.5380001
-199.60000645E-6,0.0,2.5380001
-199.40000493E-6,-200.00000298E-3,2.5380001
-199.20000341E-6,-200.00000298E-3,2.5300002
-199.00000188E-6,0.0,2.5300002
-198.80000036E-6,0.0,2.5380001
-198.59999884E-6,4.80000019,2.5420001
-198.39999732E-6,4.59999990,2.5360000
-198.19999579E-6,4.40000010,2.5280001
-197.99999427E-6,4.59999990,2.5300002
-197.80000730E-6,4.59999990,2.4280002
-197.60000578E-6,4.20000029,2.5640001
-197.40000425E-6,4.59999990,2.5280001
-197.20000273E-6,4.59999990,2.5280001
-197.00000121E-6,4.59999990,2.5400002
-196.79999969E-6,4.40000010,2.5320001
-196.59999816E-6,4.59999990,2.5320001
-196.39999664E-6,4.40000010,2.5300002
-196.19999512E-6,4.40000010,2.5320001
-196.00000815E-6,4.40000010,2.5400002
-195.80000662E-6,4.40000010,2.5380001
-195.60000510E-6,4.40000010,2.5320001
-195.40000358E-6,4.59999990,2.5320001
-195.20000205E-6,4.59999990,2.5300002
-195.00000053E-6,4.59999990,2.5340002
-194.79999901E-6,4.40000010,2.5280001
-194.59999749E-6,4.40000010,2.5320001
-194.39999596E-6,4.40000010,2.5340002
-194.19999444E-6,4.59999990,2.5300002
-194.00000747E-6,4.40000010,2.5320001
-193.80000595E-6,4.40000010,2.5240002
-193.60000442E-6,4.40000010,2.5300002
-193.40000290E-6,4.59999990,2.5260000
-193.20000138E-6,4.59999990,2.5320001
-192.99999985E-6,4.59999990,2.5260000
-192.79999833E-6,4.40000010,2.5300002
-192.59999681E-6,4.40000010,2.5340002
-192.39999529E-6,4.40000010,2.5280001
-192.20000831E-6,4.59999990,2.5200002
-192.00000679E-6,4.40000010,2.5320001
-191.80000527E-6,4.40000010,2.5320001
-191.60000375E-6,4.20000029,2.5260000
-191.40000222E-6,4.40000010,2.5280001
-191.20000070E-6,4.59999990,2.5300002
-190.99999918E-6,4.00000000,2.5320001
-190.79999765E-6,4.40000010,2.5240002
-190.59999613E-6,4.40000010,2.5260000
-190.39999461E-6,4.20000029,2.5300002
-190.20000764E-6,4.40000010,2.5220001
-190.00000611E-6,4.59999990,2.5380001
-189.80000459E-6,4.40000010,2.5280001
-189.60000307E-6,4.40000010,2.5260000
-189.40000155E-6,4.59999990,2.5360000
-189.20000002E-6,4.40000010,2.5280001
-188.99999850E-6,4.40000010,2.5240002
-188.79999698E-6,4.59999990,2.5240002
-188.59999545E-6,4.59999990,2.5340002
-188.40000848E-6,4.59999990,2.5280001
-188.20000696E-6,4.40000010,2.5300002
-188.00000544E-6,4.59999990,2.5320001
-187.80000391E-6,4.59999990,2.5320001
-187.60000239E-6,4.40000010,2.5320001
-187.40000087E-6,4.40000010,2.5260000
-187.19999935E-6,4.40000010,2.5280001
-186.99999782E-6,4.59999990,2.5280001
-186.79999630E-6,4.40000010,2.5240002
-186.59999478E-6,4.59999990,2.5280001
-186.40000781E-6,4.40000010,2.5320001
-186.20000628E-6,4.59999990,2.5280001
-186.00000476E-6,4.40000010,2.5280001
-185.80000324E-6,4.59999990,2.5320001
-185.60000171E-6,4.40000010,2.5280001
-185.40000019E-6,4.80000019,2.5260000
-185.19999867E-6,4.20000029,2.5220001
-184.99999715E-6,4.59999990,2.5340002
-184.79999562E-6,4.20000029,2.5180001
-184.59999410E-6,4.40000010,2.5240002
-184.40000713E-6,4.40000010,2.5240002
-184.20000561E-6,4.40000010,2.5320001
-184.00000408E-6,4.40000010,2.5300002
-183.80000256E-6,4.80000019,2.5200002
-183.60000104E-6,4.40000010,2.5300002
-183.39999951E-6,4.59999990,2.5360000
-183.19999799E-6,4.40000010,2.5280001
-182.99999647E-6,4.40000010,2.5260000
-182.79999495E-6,4.59999990,2.5240002
-182.60000797E-6,4.40000010,2.5280001
-182.40000645E-6,4.59999990,2.5320001
-182.20000493E-6,4.40000010,2.5220001
-182.00000341E-6,4.20000029,2.5260000
-181.80000188E-6,4.20000029,2.5280001
-181.60000036E-6,4.20000029,2.5300002
-181.39999884E-6,4.20000029,2.5320001
-181.19999731E-6,4.59999990,2.5280001
-180.99999579E-6,4.20000029,2.5300002
-180.79999427E-6,4.20000029,2.5320001
-180.60000730E-6,4.20000029,2.5320001
-180.40000577E-6,4.40000010,2.5280001
-180.20000425E-6,4.20000029,2.5260000
-180.00000273E-6,4.40000010,2.5360000
-179.80000121E-6,4.40000010,2.5260000
-179.59999968E-6,4.59999990,2.5320001
-179.39999816E-6,4.20000029,2.5200002
-179.19999664E-6,4.59999990,2.5300002
-178.99999511E-6,4.40000010,2.5300002
-178.80000814E-6,4.40000010,2.5260000
-178.60000662E-6,4.20000029,2.5380001
-178.40000510E-6,4.00000000,2.5300002
-178.20000357E-6,4.40000010,2.5260000
-178.00000205E-6,4.20000029,2.5260000
-177.80000053E-6,4.40000010,2.5320001
-177.59999901E-6,4.40000010,2.5280001
-177.39999748E-6,4.20000029,2.5160000
-177.19999596E-6,4.59999990,2.5360000
-176.99999444E-6,4.40000010,2.5240002
-176.80000747E-6,4.20000029,2.5280001
-176.60000594E-6,4.59999990,2.5260000
-176.40000442E-6,4.40000010,2.5240002
-176.20000290E-6,4.40000010,2.5320001
-176.00000137E-6,4.40000010,2.5340002
-175.79999985E-6,4.59999990,2.5320001
-175.59999833E-6,4.20000029,2.5180001
-175.39999681E-6,4.20000029,2.5280001
-175.19999528E-6,4.59999990,2.5320001
-175.00000831E-6,4.40000010,2.5280001
-174.80000679E-6,4.40000010,2.5320001
-174.60000527E-6,4.59999990,2.5320001
-174.40000374E-6,4.59999990,2.5340002
-174.20000222E-6,4.40000010,2.5360000
-174.00000070E-6,4.59999990,2.5320001
-173.79999917E-6,4.59999990,2.5280001
-173.59999765E-6,4.59999990,2.5320001
-173.39999613E-6,4.59999990,2.5320001
-173.19999461E-6,4.40000010,2.5280001
-173.00000763E-6,4.20000029,2.5260000
-172.80000611E-6,4.40000010,2.5340002
-172.60000459E-6,4.40000010,2.5260000
-172.40000307E-6,4.40000010,2.5300002
-172.20000154E-6,4.59999990,2.5340002
-172.00000002E-6,4.40000010,2.5280001
-171.79999850E-6,4.40000010,2.5360000
-171.59999697E-6,4.40000010,2.5320001
-171.39999545E-6,4.59999990,2.5360000
-171.19999393E-6,4.40000010,2.5360000
-171.00000696E-6,4.40000010,2.5340002
-170.80000544E-6,4.59999990,2.5360000
-170.60000391E-6,4.20000029,2.5380001
-170.40000239E-6,4.59999990,2.5360000
-170.20000087E-6,4.59999990,2.5320001
-169.99999934E-6,4.59999990,2.5320001
-169.79999782E-6,4.20000029,2.5300002
-169.59999630E-6,4.59999990,2.5320001
-169.39999477E-6,4.59999990,2.5360000
-169.20000780E-6,4.59999990,2.5340002
-169.00000628E-6,4.59999990,2.5380001
-168.80000476E-6,4.59999990,2.5380001
-168.60000324E-6,4.20000029,2.5320001
-168.40000171E-6,4.20000029,2.5300002
-168.20000019E-6,4.59999990,2.5360000
-167.99999867E-6,4.59999990,2.5340002
-167.79999714E-6,4.40000010,2.5360000
-167.59999562E-6,4.20000029,2.5320001
-167.39999410E-6,4.40000010,2.5420001
-167.20000713E-6,4.40000010,2.5280001
-167.00000560E-6,4.59999990,2.5280001
-166.80000408E-6,4.40000010,2.5300002
-166.60000256E-6,4.59999990,2.5260000
-166.40000104E-6,4.59999990,2.5400002
-166.19999951E-6,4.40000010,2.5400002
-165.99999799E-6,4.59999990,2.5280001
-165.79999647E-6,4.40000010,2.5380001
-165.59999494E-6,4.80000019,2.5340002
-165.40000797E-6,4.59999990,2.5340002
-165.20000645E-6,4.59999990,2.5380001
-165.00000493E-6,4.59999990,2.5320001
-164.80000340E-6,4.20000029,2.5280001
-164.60000188E-6,4.40000010,2.5400002
-164.40000036E-6,4.59999990,2.5400002
-164.19999884E-6,4.59999990,2.5320001
-163.99999731E-6,4.59999990,2.5360000
-163.79999579E-6,4.80000019,2.5260000
-163.59999427E-6,4.40000010,2.5360000
-163.40000730E-6,4.20000029,2.5280001
-163.20000577E-6,4.40000010,2.5300002
-163.00000425E-6,4.59999990,2.5300002
-162.80000273E-6,4.40000010,2.5320001
-162.60000120E-6,4.40000010,2.5380001
-162.39999968E-6,4.40000010,2.5320001
-162.19999816E-6,4.40000010,2.5340002
-161.99999664E-6,4.40000010,2.5320001
-161.79999511E-6,4.40000010,2.5360000
-161.60000814E-6,4.40000010,2.5320001
-161.40000662E-6,4.59999990,2.5300002
-161.20000510E-6,4.40000010,2.5300002
-161.00000357E-6,4.59999990,2.5340002
-160.80000205E-6,4.59999990,2.5400002
-160.60000053E-6,4.59999990,2.5320001
-160.39999900E-6,4.59999990,2.5340002
-160.19999748E-6,4.40000010,2.5320001
-159.99999596E-6,4.59999990,2.5460000
-159.79999444E-6,4.59999990,2.5340002
-159.60000746E-6,4.59999990,2.5320001
-159.40000594E-6,4.40000010,2.5360000
-159.20000442E-6,4.20000029,2.5300002
-159.00000290E-6,4.40000010,2.5380001
-158.80000137E-6,4.59999990,2.5340002
-158.59999985E-6,4.40000010,2.5380001
-158.39999833E-6,4.40000010,2.5380001
-158.19999680E-6,4.40000010,2.5400002
-157.99999528E-6,4.20000029,2.5400002
-157.79999376E-6,4.59999990,2.5440001
-157.60000679E-6,4.20000029,2.5200002
-157.40000526E-6,4.40000010,2.5360000
-157.20000374E-6,4.40000010,2.5380001
-157.00000222E-6,4.40000010,2.5320001
-156.80000070E-6,4.20000029,2.5340002
-156.59999917E-6,4.40000010,2.5340002
-156.39999765E-6,4.40000010,2.5360000
-156.19999613E-6,4.40000010,2.5340002
-155.99999460E-6,4.59999990,2.5400002
-155.80000763E-6,4.59999990,2.5320001
-155.60000611E-6,4.59999990,2.5400002
-155.40000459E-6,4.40000010,2.5360000
-155.20000306E-6,4.40000010,2.5380001
-155.00000154E-6,4.20000029,2.5340002
-154.80000002E-6,4.40000010,2.5360000
-154.59999850E-6,4.40000010,2.5320001
-154.39999697E-6,4.40000010,2.5400002
-154.19999545E-6,4.40000010,2.5360000
-153.99999393E-6,4.40000010,2.5360000
-153.80000696E-6,4.40000010,2.5400002
-153.60000543E-6,4.59999990,2.5400002
-153.40000391E-6,4.40000010,2.5340002
-153.20000239E-6,4.00000000,2.5380001
-153.00000086E-6,4.40000010,2.5320001
-152.79999934E-6,4.40000010,2.5400002
-152.59999782E-6,4.40000010,2.5380001
-152.39999630E-6,4.40000010,2.5400002
-152.19999477E-6,4.40000010,2.5400002
-152.00000780E-6,4.59999990,2.5420001
-151.80000628E-6,4.59999990,2.5360000
-151.60000476E-6,4.40000010,2.5420001
-151.40000323E-6,4.40000010,2.5460000
-151.20000171E-6,4.59999990,2.5340002
-151.00000019E-6,4.40000010,2.5340002
-150.79999866E-6,4.40000010,2.5420001
-150.59999714E-6,4.40000010,2.5480001
-150.39999562E-6,4.40000010,2.5360000
-150.19999410E-6,4.20000029,2.5400002
-150.00000712E-6,4.40000010,2.5420001
-149.80000560E-6,4.59999990,2.5480001
-149.60000408E-6,4.40000010,2.5400002
-149.40000256E-6,4.59999990,2.5320001
-149.20000103E-6,4.80000019,2.5500002
-148.99999951E-6,4.80000019,2.5400002
-148.79999799E-6,4.59999990,2.5440001
-148.59999646E-6,-400.00000596E-3,2.5320001
-148.3999949E-6,-200.00000298E-3,2.5380001
-148.2000080E-6,0.0,2.5400002
-148.0000064E-6,-200.00000298E-3,2.5440001
-147.8000049E-6,-200.00000298E-3,2.5480001
-147.6000034E-6,-400.00000596E-3,2.5420001
-147.4000019E-6,-200.00000298E-3,2.5520000
-147.2000004E-6,-200.00000298E-3,2.5440001
-146.9999988E-6,-200.00000298E-3,2.5420001
-146.7999973E-6,-200.00000298E-3,2.5400002
-146.5999958E-6,0.0,2.5520000
-146.3999943E-6,-400.00000596E-3,2.5480001
-146.2000073E-6,0.0,2.5400002
-146.0000058E-6,0.0,2.5440001
-145.8000042E-6,0.0,2.5440001
-145.6000027E-6,-200.00000298E-3,2.5440001
-145.4000012E-6,-200.00000298E-3,2.5400002
-145.1999997E-6,-200.00000298E-3,2.5340002
-144.9999982E-6,-200.00000298E-3,2.5420001
-144.7999966E-6,-200.00000298E-3,2.5400002
-144.5999951E-6,-200.00000298E-3,2.5440001
-144.3999936E-6,0.0,2.5420001
-144.2000066E-6,0.0,2.5360000
-144.0000051E-6,200.00000298E-3,2.5400002
-143.8000036E-6,0.0,2.5420001
-143.6000020E-6,0.0,2.5440001
-143.4000005E-6,-200.00000298E-3,2.5480001
-143.1999990E-6,0.0,2.5500002
-142.9999975E-6,0.0,2.5420001
-142.7999960E-6,0.0,2.5440001
-142.5999944E-6,-200.00000298E-3,2.5440001
-142.4000075E-6,-200.00000298E-3,2.5460000
-142.2000059E-6,-200.00000298E-3,2.5440001
-142.0000044E-6,-200.00000298E-3,2.5440001
-141.8000029E-6,-200.00000298E-3,2.5460000
-141.6000014E-6,-200.00000298E-3,2.5480001
-141.3999998E-6,0.0,2.5400002
-141.1999983E-6,0.0,2.5520000
-140.9999968E-6,0.0,2.5420001
-140.7999953E-6,0.0,2.5480001
-140.5999938E-6,-200.00000298E-3,2.5380001
-140.4000068E-6,200.00000298E-3,2.5400002
-140.2000053E-6,0.0,2.5420001
-140.0000037E-6,0.0,2.5460000
-139.8000022E-6,0.0,2.5440001
-139.6000007E-6,-200.00000298E-3,2.5480001
-139.3999992E-6,0.0,2.5460000
-139.1999976E-6,0.0,2.5440001
-138.9999961E-6,0.0,2.5440001
-138.7999946E-6,0.0,2.5480001
-138.6000076E-6,-200.00000298E-3,2.5480001
-138.4000061E-6,-200.00000298E-3,2.5440001
-138.2000046E-6,-200.00000298E-3,2.5560002
-138.0000031E-6,200.00000298E-3,2.5500002
-137.8000015E-6,0.0,2.5380001
-137.6000000E-6,0.0,2.5440001
-137.3999985E-6,-200.00000298E-3,2.5480001
-137.1999970E-6,-200.00000298E-3,2.5460000
-136.9999954E-6,0.0,2.5440001
-136.7999939E-6,-400.00000596E-3,2.5520000
-136.6000070E-6,-200.00000298E-3,2.5440001
-136.4000054E-6,-200.00000298E-3,2.5400002
-136.2000039E-6,-200.00000298E-3,2.5480001
-136.0000024E-6,0.0,2.5500002
-135.8000009E-6,-200.00000298E-3,2.5460000
-135.5999993E-6,-200.00000298E-3,2.5480001
-135.3999978E-6,-200.00000298E-3,2.5420001
-135.1999963E-6,-200.00000298E-3,2.5440001
-134.9999948E-6,-200.00000298E-3,2.5480001
-134.8000078E-6,-200.00000298E-3,2.5500002
-134.6000063E-6,0.0,2.5500002
-134.4000048E-6,0.0,2.5460000
-134.2000032E-6,-200.00000298E-3,2.5420001
-134.0000017E-6,-400.00000596E-3,2.5440001
-133.8000002E-6,-200.00000298E-3,2.5420001
-133.5999987E-6,0.0,2.5400002
-133.3999971E-6,-200.00000298E-3,2.5460000
-133.1999956E-6,0.0,2.5380001
-132.9999941E-6,-200.00000298E-3,2.5400002
-132.8000071E-6,0.0,2.5460000
-132.6000056E-6,-200.00000298E-3,2.5440001
-132.4000041E-6,-200.00000298E-3,2.5480001
-132.2000026E-6,-200.00000298E-3,2.5400002
-132.0000010E-6,0.0,2.5400002
-131.7999995E-6,200.00000298E-3,2.5420001
-131.5999980E-6,-200.00000298E-3,2.5480001
-131.3999965E-6,-200.00000298E-3,2.5420001
-131.1999949E-6,0.0,2.5420001
-130.9999934E-6,-200.00000298E-3,2.5440001
-130.8000064E-6,-200.00000298E-3,2.5420001
-130.6000049E-6,0.0,2.5440001
-130.4000034E-6,-200.00000298E-3,2.5480001
-130.2000019E-6,-200.00000298E-3,2.5480001
-130.0000004E-6,-200.00000298E-3,2.5480001
-129.7999988E-6,0.0,2.5500002
-129.5999973E-6,-200.00000298E-3,2.5520000
-129.3999958E-6,0.0,2.5460000
-129.1999943E-6,-200.00000298E-3,2.5460000
-129.0000073E-6,-200.00000298E-3,2.5420001
-128.8000058E-6,-200.00000298E-3,2.5380001
-128.6000042E-6,0.0,2.5460000
-128.4000027E-6,0.0,2.5460000
-128.2000012E-6,-200.00000298E-3,2.5440001
-127.9999997E-6,-400.00000596E-3,2.5440001
-127.7999982E-6,0.0,2.5440001
-127.5999966E-6,-200.00000298E-3,2.5480001
-127.3999951E-6,0.0,2.5480001
-127.1999936E-6,-200.00000298E-3,2.5420001
-127.0000066E-6,0.0,2.5320001
-126.8000051E-6,0.0,2.5460000
-126.6000036E-6,0.0,2.5480001
-126.4000020E-6,0.0,2.5400002
-126.2000005E-6,0.0,2.5480001
-125.9999990E-6,200.00000298E-3,2.5480001
-125.7999975E-6,0.0,2.5420001
-125.5999960E-6,-200.00000298E-3,2.5500002
-125.3999944E-6,-200.00000298E-3,2.5500002
-125.2000075E-6,-200.00000298E-3,2.5500002
-125.0000059E-6,-200.00000298E-3,2.5420001
-124.8000044E-6,-200.00000298E-3,2.5500002
-124.6000029E-6,-200.00000298E-3,2.5380001
-124.4000014E-6,-200.00000298E-3,2.5420001
-124.1999998E-6,0.0,2.5440001
-123.9999983E-6,0.0,2.5480001
-123.7999968E-6,-200.00000298E-3,2.5440001
-123.5999953E-6,-200.00000298E-3,2.5300002
-123.3999938E-6,0.0,2.5400002
-123.2000068E-6,0.0,2.5460000
-123.0000053E-6,-200.00000298E-3,2.5460000
-122.8000037E-6,-400.00000596E-3,2.5440001
-122.6000022E-6,0.0,2.5380001
-122.4000007E-6,-200.00000298E-3,2.5340002
-122.1999992E-6,-200.00000298E-3,2.5500002
-121.9999976E-6,-400.00000596E-3,2.5440001
-121.8000034E-6,-400.00000596E-3,2.5380001
-121.6000019E-6,0.0,2.5380001
-121.4000004E-6,0.0,2.5440001
-121.1999988E-6,200.00000298E-3,2.5420001
-120.9999973E-6,0.0,2.5440001
-120.8000031E-6,-200.00000298E-3,2.5380001
-120.6000015E-6,-200.00000298E-3,2.5400002
-120.4000000E-6,0.0,2.5400002
-120.1999985E-6,200.00000298E-3,2.5320001
-119.9999970E-6,0.0,2.5440001
-119.8000027E-6,0.0,2.5380001
-119.6000012E-6,0.0,2.5420001
-119.3999997E-6,0.0,2.5400002
-119.1999982E-6,0.0,2.5420001
-119.0000039E-6,-400.00000596E-3,2.5440001
-118.8000024E-6,-200.00000298E-3,2.5500002
-118.6000009E-6,0.0,2.5400002
-118.3999993E-6,0.0,2.5440001
-118.1999978E-6,200.00000298E-3,2.5480001
-118.0000036E-6,0.0,2.5460000
-117.8000020E-6,-200.00000298E-3,2.5420001
-117.6000005E-6,0.0,2.5400002
-117.3999990E-6,-200.00000298E-3,2.5440001
-117.1999975E-6,-200.00000298E-3,2.5340002
-117.0000032E-6,0.0,2.5500002
-116.8000017E-6,-200.00000298E-3,2.5400002
-116.6000002E-6,-200.00000298E-3,2.5380001
-116.3999987E-6,-200.00000298E-3,2.5440001
-116.1999971E-6,0.0,2.5480001
-116.0000029E-6,0.0,2.5460000
-115.8000014E-6,0.0,2.5360000
-115.5999998E-6,-200.00000298E-3,2.5400002
-115.3999983E-6,-200.00000298E-3,2.5420001
-115.2000041E-6,0.0,2.5360000
-115.0000026E-6,0.0,2.5360000
-114.8000010E-6,0.0,2.5400002
-114.5999995E-6,-200.00000298E-3,2.5400002
-114.3999980E-6,200.00000298E-3,2.5480001
-114.2000037E-6,0.0,2.5440001
-114.0000022E-6,-400.00000596E-3,2.5360000
-113.8000007E-6,0.0,2.5320001
-113.5999992E-6,-200.00000298E-3,2.5360000
-113.3999976E-6,0.0,2.5420001
-113.2000034E-6,200.00000298E-3,2.5420001
-113.0000019E-6,-200.00000298E-3,2.5400002
-112.8000004E-6,-200.00000298E-3,2.5500002
-112.5999988E-6,0.0,2.5400002
-112.3999973E-6,-200.00000298E-3,2.5380001
-112.2000031E-6,-200.00000298E-3,2.5360000
-112.0000015E-6,0.0,2.5360000
-111.8000000E-6,-200.00000298E-3,2.5360000
-111.5999985E-6,0.0,2.5360000
-111.3999970E-6,0.0,2.5300002
-111.2000027E-6,-400.00000596E-3,2.5400002
-111.0000012E-6,-200.00000298E-3,2.5400002
-110.7999997E-6,-200.00000298E-3,2.5380001
-110.5999982E-6,0.0,2.5380001
-110.4000039E-6,-200.00000298E-3,2.5380001
-110.2000024E-6,0.0,2.5400002
-110.0000009E-6,0.0,2.5400002
-109.7999993E-6,0.0,2.5400002
-109.5999978E-6,0.0,2.5400002
-109.4000036E-6,-200.00000298E-3,2.5400002
-109.2000020E-6,200.00000298E-3,2.5420001
-109.0000005E-6,0.0,2.5400002
-108.7999990E-6,0.0,2.5400002
-108.5999975E-6,-200.00000298E-3,2.5360000
-108.4000032E-6,-200.00000298E-3,2.5420001
-108.2000017E-6,-200.00000298E-3,2.5380001
-108.0000002E-6,-200.00000298E-3,2.5380001
-107.7999987E-6,0.0,2.5360000
-107.5999971E-6,0.0,2.5360000
-107.4000029E-6,-200.00000298E-3,2.5400002
-107.2000014E-6,-200.00000298E-3,2.5360000
-106.9999998E-6,0.0,2.5360000
-106.7999983E-6,-200.00000298E-3,2.5420001
-106.5999968E-6,0.0,2.5360000
-106.4000026E-6,-400.00000596E-3,2.5360000
-106.2000010E-6,0.0,2.5340002
-105.9999995E-6,-200.00000298E-3,2.5400002
-105.7999980E-6,0.0,2.5380001
-105.6000037E-6,-400.00000596E-3,2.5320001
-105.4000022E-6,-200.00000298E-3,2.5240002
-105.2000007E-6,0.0,2.5360000
-104.9999992E-6,0.0,2.5400002
-104.7999976E-6,200.00000298E-3,2.5380001
-104.6000034E-6,0.0,2.5380001
-104.4000019E-6,0.0,2.5420001
-104.2000004E-6,0.0,2.5380001
-103.9999988E-6,0.0,2.5300002
-103.7999973E-6,-200.00000298E-3,2.5300002
-103.6000031E-6,0.0,2.5320001
-103.4000015E-6,-200.00000298E-3,2.5340002
-103.2000000E-6,-200.00000298E-3,2.5380001
-102.9999985E-6,-400.00000596E-3,2.5360000
-102.7999970E-6,0.0,2.5300002
-102.6000027E-6,-200.00000298E-3,2.5340002
-102.4000012E-6,-400.00000596E-3,2.5300002
-102.1999997E-6,-400.00000596E-3,2.5320001
-101.9999982E-6,-200.00000298E-3,2.5360000
-101.8000039E-6,0.0,2.5340002
-101.6000024E-6,-200.00000298E-3,2.5440001
-101.4000009E-6,-200.00000298E-3,2.5360000
-101.1999993E-6,0.0,2.5300002
-100.9999978E-6,-200.00000298E-3,2.5380001
-100.8000036E-6,-200.00000298E-3,2.5360000
-100.6000020E-6,0.0,2.5380001
-100.4000005E-6,-200.00000298E-3,2.5300002
-100.1999990E-6,-200.00000298E-3,2.5360000
-99.999997474E-6,0.0,2.5360000
-99.800003227E-6,-200.00000298E-3,2.5060000
-99.600001704E-6,-200.00000298E-3,2.5340002
-99.400000181E-6,-200.00000298E-3,2.5400002
-99.199998658E-6,-400.00000596E-3,2.5360000
-98.999997135E-6,-400.00000596E-3,2.5320001
-98.800002888E-6,-200.00000298E-3,2.5240002
-98.600001365E-6,4.59999990,2.5380001
-98.399999843E-6,4.59999990,2.5340002
-98.199998320E-6,4.40000010,2.5300002
-97.999996797E-6,4.80000019,2.5340002
-97.800002550E-6,4.40000010,2.4600000
-97.600001027E-6,4.20000029,2.5680001
-97.399999504E-6,4.80000019,2.5280001
-97.199997981E-6,4.20000029,2.5400002
-97.000003734E-6,4.20000029,2.5460000
-96.800002211E-6,4.20000029,2.5260000
-96.600000688E-6,4.40000010,2.5380001
-96.399999165E-6,4.40000010,2.5380001
-96.199997643E-6,4.59999990,2.5300002
-96.000003396E-6,4.59999990,2.5320001
-95.800001873E-6,4.20000029,2.5340002
-95.600000350E-6,4.40000010,2.5320001
-95.399998827E-6,4.20000029,2.5380001
-95.199997304E-6,4.59999990,2.5340002
-95.000003057E-6,4.59999990,2.5360000
-94.800001534E-6,4.59999990,2.5320001
-94.600000011E-6,4.40000010,2.5280001
-94.399998488E-6,4.59999990,2.5340002
-94.199996965E-6,4.40000010,2.5340002
-94.000002719E-6,4.80000019,2.5300002
-93.800001196E-6,4.40000010,2.5240002
-93.599999673E-6,4.20000029,2.5240002
-93.399998150E-6,4.40000010,2.5260000
-93.199996627E-6,4.40000010,2.5340002
-93.000002380E-6,4.20000029,2.5280001
-92.800000857E-6,4.20000029,2.5320001
-92.599999334E-6,4.40000010,2.5380001
-92.399997811E-6,4.40000010,2.5300002
-92.200003564E-6,4.59999990,2.5300002
-92.000002041E-6,4.40000010,2.5320001
-91.800000519E-6,4.40000010,2.5320001
-91.599998996E-6,4.40000010,2.5280001
-91.399997473E-6,4.20000029,2.5320001
-91.200003226E-6,4.59999990,2.5320001
-91.000001703E-6,4.40000010,2.5240002
-90.800000180E-6,4.59999990,2.5280001
-90.599998657E-6,4.40000010,2.5300002
-90.399997134E-6,4.59999990,2.5280001
-90.200002887E-6,4.40000010,2.5300002
-90.000001364E-6,4.40000010,2.5320001
-89.799999841E-6,4.59999990,2.5300002
-89.599998319E-6,4.59999990,2.5320001
-89.399996796E-6,4.59999990,2.5280001
-89.200002549E-6,4.40000010,2.5320001
-89.000001026E-6,4.59999990,2.5320001
-88.799999503E-6,4.40000010,2.5200002
-88.599997980E-6,4.40000010,2.5320001
-88.400003733E-6,4.40000010,2.5300002
-88.200002210E-6,4.40000010,2.5260000
-88.000000687E-6,4.20000029,2.5300002
-87.799999164E-6,4.20000029,2.5340002
-87.599997642E-6,4.40000010,2.5260000
-87.400003395E-6,4.40000010,2.5300002
-87.200001872E-6,4.59999990,2.5380001
-87.000000349E-6,4.40000010,2.5360000
-86.799998826E-6,4.59999990,2.5320001
-86.599997303E-6,4.40000010,2.5320001
-86.400003056E-6,4.40000010,2.5220001
-86.200001533E-6,4.20000029,2.5320001
-86.000000010E-6,4.80000019,2.5300002
-85.799998487E-6,4.59999990,2.5300002
-85.599996964E-6,4.20000029,2.5260000
-85.400002718E-6,4.40000010,2.5300002
-85.200001195E-6,4.59999990,2.5240002
-84.999999672E-6,4.59999990,2.5280001
-84.799998149E-6,4.40000010,2.5220001
-84.599996626E-6,4.59999990,2.5320001
-84.400002379E-6,4.59999990,2.5280001
-84.200000856E-6,4.20000029,2.5340002
-83.999999333E-6,4.40000010,2.5300002
-83.799997810E-6,4.59999990,2.5260000
-83.600003563E-6,4.59999990,2.5280001
-83.400002040E-6,4.59999990,2.5340002
-83.200000518E-6,4.40000010,2.5300002
-82.999998995E-6,4.40000010,2.5300002
-82.799997472E-6,4.40000010,2.5280001
-82.600003225E-6,4.20000029,2.5280001
-82.400001702E-6,4.40000010,2.5300002
-82.200000179E-6,4.20000029,2.5240002
-81.999998656E-6,4.40000010,2.5300002
-81.799997133E-6,4.40000010,2.5260000
-81.600002886E-6,4.59999990,2.5240002
-81.400001363E-6,4.40000010,2.5240002
-81.199999840E-6,4.40000010,2.5300002
-80.999998318E-6,4.59999990,2.5260000
-80.799996795E-6,4.80000019,2.5320001
-80.600002548E-6,4.59999990,2.5340002
-80.400001025E-6,4.40000010,2.5260000
-80.199999502E-6,4.59999990,2.5240002
-79.999997979E-6,4.40000010,2.5200002
-79.799996456E-6,4.59999990,2.5300002
-79.600002209E-6,4.59999990,2.5300002
-79.400000686E-6,4.59999990,2.5240002
-79.199999163E-6,4.20000029,2.5220001
-78.999997640E-6,4.40000010,2.5280001
-78.800003394E-6,4.59999990,2.5320001
-78.600001871E-6,4.59999990,2.5360000
-78.400000348E-6,4.40000010,2.5280001
-78.199998825E-6,4.59999990,2.5320001
-77.999997302E-6,4.59999990,2.5340002
-77.800003055E-6,4.40000010,2.5340002
-77.600001532E-6,4.20000029,2.5280001
-77.400000009E-6,4.20000029,2.5300002
-77.199998486E-6,4.40000010,2.5340002
-76.999996963E-6,4.40000010,2.5260000
-76.800002716E-6,4.40000010,2.5240002
-76.600001194E-6,4.59999990,2.5300002
-76.399999671E-6,4.40000010,2.5300002
-76.199998148E-6,4.59999990,2.5320001
-75.999996625E-6,4.40000010,2.5260000
-75.800002378E-6,4.59999990,2.5240002
-75.600000855E-6,4.40000010,2.5280001
-75.399999332E-6,4.59999990,2.5360000
-75.199997809E-6,4.59999990,2.5260000
-75.000003562E-6,4.59999990,2.5280001
-74.800002039E-6,4.40000010,2.5340002
-74.600000517E-6,4.40000010,2.5280001
-74.399998994E-6,4.40000010,2.5260000
-74.199997471E-6,4.40000010,2.5280001
-74.000003224E-6,4.40000010,2.5300002
-73.800001701E-6,4.20000029,2.5300002
-73.600000178E-6,4.40000010,2.5400002
-73.399998655E-6,4.40000010,2.5240002
-73.199997132E-6,4.40000010,2.5340002
-73.000002885E-6,4.40000010,2.5300002
-72.800001362E-6,4.20000029,2.5340002
-72.599999839E-6,4.40000010,2.5320001
-72.399998317E-6,4.80000019,2.5220001
-72.199996794E-6,4.40000010,2.5280001
-72.000002547E-6,4.59999990,2.5320001
-71.800001024E-6,4.40000010,2.5320001
-71.599999501E-6,4.40000010,2.5340002
-71.399997978E-6,4.40000010,2.5280001
-71.199996455E-6,4.40000010,2.5280001
-71.000002208E-6,4.40000010,2.5300002
-70.800000685E-6,4.59999990,2.5260000
-70.599999162E-6,4.40000010,2.5300002
-70.399997639E-6,4.59999990,2.5340002
-70.200003393E-6,4.59999990,2.5240002
-70.000001870E-6,4.59999990,2.5340002
-69.800000347E-6,4.40000010,2.5360000
-69.599998824E-6,4.59999990,2.5400002
-69.399997301E-6,4.59999990,2.5320001
-69.200003054E-6,4.59999990,2.5280001
-69.000001531E-6,4.20000029,2.5340002
-68.800000008E-6,4.40000010,2.5280001
-68.599998485E-6,4.40000010,2.5280001
-68.399996962E-6,4.40000010,2.5300002
-68.200002715E-6,4.40000010,2.5340002
-68.000001193E-6,4.59999990,2.5300002
-67.799999670E-6,4.40000010,2.5260000
-67.599998147E-6,4.40000010,2.5300002
-67.399996624E-6,4.59999990,2.5280001
-67.200002377E-6,4.20000029,2.5340002
-67.000000854E-6,4.20000029,2.5360000
-66.799999331E-6,4.40000010,2.5280001
-66.599997808E-6,4.59999990,2.5340002
-66.399996285E-6,4.20000029,2.5300002
-66.200002038E-6,4.80000019,2.5300002
-66.000000515E-6,4.59999990,2.5280001
-65.799998993E-6,4.59999990,2.5320001
-65.599997470E-6,4.40000010,2.5280001
-65.400003223E-6,4.40000010,2.5320001
-65.200001700E-6,4.59999990,2.5340002
-65.000000177E-6,4.59999990,2.5280001
-64.799998654E-6,4.59999990,2.5160000
-64.599997131E-6,4.20000029,2.5280001
-64.400002884E-6,4.40000010,2.5280001
-64.200001361E-6,4.40000010,2.5320001
-63.999999838E-6,4.59999990,2.5280001
-63.799998316E-6,4.40000010,2.5280001
-63.599996793E-6,4.40000010,2.5240002
-63.400002546E-6,4.40000010,2.5280001
-63.200001023E-6,4.40000010,2.5240002
-62.999999500E-6,4.59999990,2.5280001
-62.799997977E-6,4.59999990,2.5300002
-62.599996454E-6,4.40000010,2.5300002
-62.400002207E-6,4.40000010,2.5320001
-62.200000684E-6,4.40000010,2.5260000
-61.999999161E-6,4.20000029,2.5360000
-61.799997638E-6,4.80000019,2.5280001
-61.600003392E-6,4.40000010,2.5280001
-61.400001869E-6,4.59999990,2.5300002
-61.200000346E-6,4.40000010,2.5260000
-60.999998823E-6,4.59999990,2.5360000
-60.800000938E-6,4.59999990,2.5320001
-60.599999415E-6,4.59999990,2.5360000
-60.400001530E-6,4.80000019,2.5300002
-60.200000007E-6,4.40000010,2.5360000
-59.999998484E-6,4.40000010,2.5300002
-59.800000599E-6,4.40000010,2.5380001
-59.599999076E-6,4.40000010,2.5300002
-59.400001192E-6,4.20000029,2.5300002
-59.199999669E-6,4.40000010,2.5340002
-58.999998146E-6,4.59999990,2.5380001
-58.800000261E-6,4.59999990,2.5340002
-58.599998738E-6,4.80000019,2.5300002
-58.400000853E-6,4.40000010,2.5400002
-58.199999330E-6,4.59999990,2.5320001
-58.000001445E-6,4.59999990,2.5340002
-57.799999922E-6,4.59999990,2.5340002
-57.599998399E-6,4.40000010,2.5340002
-57.400000514E-6,4.59999990,2.5400002
-57.199998992E-6,4.40000010,2.5380001
-57.000001107E-6,4.40000010,2.5280001
-56.799999584E-6,4.59999990,2.5280001
-56.599998061E-6,4.20000029,2.5360000
-56.400000176E-6,4.59999990,2.5340002
-56.199998653E-6,4.20000029,2.5340002
-56.000000768E-6,4.40000010,2.5400002
-55.799999245E-6,4.40000010,2.5420001
-55.600001360E-6,4.59999990,2.5400002
-55.399999837E-6,4.59999990,2.5360000
-55.199998314E-6,4.40000010,2.5340002
-55.000000430E-6,4.40000010,2.5380001
-54.799998907E-6,4.20000029,2.5400002
-54.600001022E-6,4.59999990,2.5340002
-54.39999950E-6,4.59999990,2.5320001
-54.19999798E-6,4.59999990,2.5260000
-54.00000009E-6,4.40000010,2.5320001
-53.79999857E-6,4.40000010,2.5320001
-53.60000068E-6,4.40000010,2.5360000
-53.39999916E-6,4.40000010,2.5420001
-53.20000128E-6,4.20000029,2.5400002
-52.99999975E-6,4.40000010,2.5380001
-52.79999823E-6,4.40000010,2.5340002
-52.60000034E-6,4.59999990,2.5320001
-52.39999882E-6,4.40000010,2.5400002
-52.20000094E-6,4.59999990,2.5420001
-51.99999941E-6,4.59999990,2.5380001
-51.80000153E-6,4.20000029,2.5380001
-51.60000001E-6,4.40000010,2.5420001
-51.39999848E-6,4.59999990,2.5400002
-51.20000060E-6,4.40000010,2.5440001
-50.99999908E-6,4.40000010,2.5400002
-50.80000119E-6,4.59999990,2.5380001
-50.59999967E-6,4.40000010,2.5420001
-50.39999814E-6,4.59999990,2.5480001
-50.20000026E-6,4.59999990,2.5400002
-49.99999874E-6,4.80000019,2.5460000
-49.80000085E-6,4.20000029,2.5420001
-49.59999933E-6,4.40000010,2.5360000
-49.40000144E-6,4.59999990,2.5340002
-49.19999992E-6,4.59999990,2.5320001
-48.99999840E-6,4.40000010,2.5340002
-48.80000051E-6,4.59999990,2.5420001
-48.59999899E-6,0.0,2.5380001
-48.40000111E-6,-200.00000298E-3,2.5320001
-48.19999958E-6,0.0,2.5440001
-47.99999806E-6,-400.00000596E-3,2.5500002
-47.80000017E-6,-200.00000298E-3,2.5340002
-47.59999865E-6,0.0,2.5440001
-47.40000077E-6,0.0,2.5400002
-47.19999924E-6,-200.00000298E-3,2.5420001
-47.00000136E-6,-200.00000298E-3,2.5420001
-46.79999984E-6,-200.00000298E-3,2.5460000
-46.59999831E-6,-200.00000298E-3,2.5400002
-46.40000043E-6,-200.00000298E-3,2.5460000
-46.19999891E-6,-400.00000596E-3,2.5420001
-46.00000102E-6,-400.00000596E-3,2.5480001
-45.79999950E-6,-200.00000298E-3,2.5380001
-45.59999797E-6,-200.00000298E-3,2.5460000
-45.40000009E-6,200.00000298E-3,2.5460000
-45.19999857E-6,200.00000298E-3,2.5400002
-45.00000068E-6,200.00000298E-3,2.5440001
-44.79999916E-6,0.0,2.5440001
-44.60000127E-6,0.0,2.5420001
-44.39999975E-6,-200.00000298E-3,2.5400002
-44.19999823E-6,0.0,2.5420001
-44.00000034E-6,200.00000298E-3,2.5400002
-43.79999882E-6,0.0,2.5400002
-43.60000094E-6,-200.00000298E-3,2.5420001
-43.39999941E-6,0.0,2.5360000
-43.19999789E-6,-200.00000298E-3,2.5400002
-43.00000001E-6,0.0,2.5480001
-42.79999848E-6,-200.00000298E-3,2.5360000
-42.60000060E-6,-200.00000298E-3,2.5360000
-42.39999907E-6,0.0,2.5420001
-42.20000119E-6,0.0,2.5440001
-41.99999967E-6,0.0,2.5440001
-41.79999814E-6,0.0,2.5480001
-41.60000026E-6,-200.00000298E-3,2.5440001
-41.39999874E-6,0.0,2.5420001
-41.20000085E-6,200.00000298E-3,2.5460000
-40.99999933E-6,0.0,2.5460000
-40.79999781E-6,0.0,2.5440001
-40.59999992E-6,-200.00000298E-3,2.5440001
-40.39999840E-6,0.0,2.5400002
-40.20000051E-6,0.0,2.5520000
-39.99999899E-6,200.00000298E-3,2.5480001
-39.80000110E-6,-200.00000298E-3,2.5420001
-39.59999958E-6,-200.00000298E-3,2.5460000
-39.39999806E-6,0.0,2.5440001
-39.20000017E-6,-400.00000596E-3,2.5460000
-38.99999865E-6,0.0,2.5460000
-38.80000077E-6,-200.00000298E-3,2.5500002
-38.59999924E-6,200.00000298E-3,2.5480001
-38.40000136E-6,0.0,2.5480001
-38.19999984E-6,-200.00000298E-3,2.5460000
-37.99999831E-6,-200.00000298E-3,2.5420001
-37.80000043E-6,-200.00000298E-3,2.5460000
-37.59999890E-6,-400.00000596E-3,2.5460000
-37.40000102E-6,-400.00000596E-3,2.5440001
-37.19999950E-6,0.0,2.5480001
-36.99999797E-6,200.00000298E-3,2.5500002
-36.80000009E-6,0.0,2.5460000
-36.59999857E-6,0.0,2.5520000
-36.40000068E-6,0.0,2.5480001
-36.19999916E-6,-200.00000298E-3,2.5460000
-36.00000127E-6,0.0,2.5420001
-35.79999975E-6,-200.00000298E-3,2.5420001
-35.59999823E-6,-200.00000298E-3,2.5440001
-35.40000034E-6,0.0,2.5480001
-35.19999882E-6,-200.00000298E-3,2.5500002
-35.00000093E-6,-400.00000596E-3,2.5320001
-34.79999941E-6,-200.00000298E-3,2.5440001
-34.59999789E-6,400.00000596E-3,2.5440001
-34.40000000E-6,-200.00000298E-3,2.5420001
-34.19999848E-6,0.0,2.5400002
-34.00000060E-6,-200.00000298E-3,2.5480001
-33.79999907E-6,0.0,2.5380001
-33.60000119E-6,-400.00000596E-3,2.5480001
-33.39999967E-6,-200.00000298E-3,2.5460000
-33.19999814E-6,-400.00000596E-3,2.5520000
-33.00000026E-6,-200.00000298E-3,2.5420001
-32.79999873E-6,200.00000298E-3,2.5400002
-32.60000085E-6,0.0,2.5500002
-32.39999933E-6,-200.00000298E-3,2.5420001
-32.19999780E-6,0.0,2.5400002
-31.99999992E-6,-400.00000596E-3,2.5420001
-31.79999840E-6,-400.00000596E-3,2.5480001
-31.60000051E-6,0.0,2.5480001
-31.39999899E-6,-200.00000298E-3,2.5400002
-31.20000110E-6,0.0,2.5380001
-30.99999958E-6,-200.00000298E-3,2.5500002
-30.79999806E-6,-200.00000298E-3,2.5440001
-30.60000017E-6,-200.00000298E-3,2.5480001
-30.39999865E-6,0.0,2.5420001
-30.19999895E-6,0.0,2.5460000
-29.99999924E-6,0.0,2.5460000
-29.79999954E-6,-200.00000298E-3,2.5480001
-29.59999983E-6,200.00000298E-3,2.5320001
-29.40000013E-6,200.00000298E-3,2.5420001
-29.19999861E-6,-200.00000298E-3,2.5440001
-28.99999890E-6,0.0,2.5480001
-28.79999920E-6,-200.00000298E-3,2.5480001
-28.59999950E-6,-200.00000298E-3,2.5480001
-28.39999979E-6,-200.00000298E-3,2.5400002
-28.20000009E-6,-200.00000298E-3,2.5500002
-27.99999857E-6,0.0,2.5360000
-27.79999886E-6,-200.00000298E-3,2.5440001
-27.59999916E-6,-200.00000298E-3,2.5480001
-27.39999945E-6,0.0,2.5400002
-27.19999975E-6,-200.00000298E-3,2.5480001
-27.00000005E-6,0.0,2.5500002
-26.80000034E-6,0.0,2.5480001
-26.59999882E-6,200.00000298E-3,2.5520000
-26.39999911E-6,-200.00000298E-3,2.5340002
-26.19999941E-6,-400.00000596E-3,2.5500002
-25.99999971E-6,0.0,2.5460000
-25.80000000E-6,-200.00000298E-3,2.5520000
-25.60000030E-6,200.00000298E-3,2.5440001
-25.39999878E-6,200.00000298E-3,2.5420001
-25.19999907E-6,200.00000298E-3,2.5420001
-24.99999937E-6,200.00000298E-3,2.5480001
-24.79999966E-6,-200.00000298E-3,2.5420001
-24.59999996E-6,-200.00000298E-3,2.5420001
-24.40000026E-6,-200.00000298E-3,2.5400002
-24.19999873E-6,200.00000298E-3,2.5440001
-23.99999903E-6,0.0,2.5480001
-23.79999933E-6,-200.00000298E-3,2.5440001
-23.59999962E-6,-200.00000298E-3,2.5440001
-23.39999992E-6,-200.00000298E-3,2.5440001
-23.20000021E-6,-200.00000298E-3,2.5440001
-22.99999869E-6,-200.00000298E-3,2.5460000
-22.79999899E-6,-200.00000298E-3,2.5440001
-22.59999928E-6,-200.00000298E-3,2.5500002
-22.39999958E-6,0.0,2.5460000
-22.19999988E-6,0.0,2.5460000
-22.00000017E-6,200.00000298E-3,2.5540001
-21.79999865E-6,-200.00000298E-3,2.5460000
-21.59999895E-6,-200.00000298E-3,2.5520000
-21.39999924E-6,0.0,2.5500002
-21.19999954E-6,0.0,2.5540001
-20.99999983E-6,0.0,2.5400002
-20.80000013E-6,0.0,2.5480001
-20.59999861E-6,-200.00000298E-3,2.5460000
-20.39999890E-6,0.0,2.5460000
-20.19999920E-6,0.0,2.5520000
-19.9999995E-6,0.0,2.5460000
-19.7999998E-6,-200.00000298E-3,2.5480001
-19.6000001E-6,-200.00000298E-3,2.5440001
-19.3999986E-6,-200.00000298E-3,2.5460000
-19.1999989E-6,200.00000298E-3,2.5400002
-18.9999992E-6,-200.00000298E-3,2.5480001
-18.7999995E-6,0.0,2.5480001
-18.5999997E-6,-200.00000298E-3,2.5440001
-18.4000000E-6,0.0,2.5460000
-18.1999985E-6,-200.00000298E-3,2.5360000
-17.9999988E-6,-200.00000298E-3,2.5400002
-17.7999991E-6,-200.00000298E-3,2.5440001
-17.5999994E-6,-200.00000298E-3,2.5460000
-17.3999997E-6,0.0,2.5420001
-17.2000000E-6,200.00000298E-3,2.5360000
-16.9999985E-6,-200.00000298E-3,2.5380001
-16.7999988E-6,0.0,2.5440001
-16.5999991E-6,-400.00000596E-3,2.5440001
-16.3999994E-6,-200.00000298E-3,2.5480001
-16.1999997E-6,-400.00000596E-3,2.5380001
-16.0000000E-6,0.0,2.5460000
-15.7999984E-6,0.0,2.5440001
-15.5999987E-6,0.0,2.5380001
-15.3999990E-6,-200.00000298E-3,2.5360000
-15.1999993E-6,0.0,2.5340002
-14.9999996E-6,-200.00000298E-3,2.5360000
-14.7999990E-6,0.0,2.5420001
-14.5999993E-6,-200.00000298E-3,2.5400002
-14.3999996E-6,0.0,2.5420001
-14.1999990E-6,0.0,2.5340002
-13.9999993E-6,-200.00000298E-3,2.5320001
-13.7999996E-6,-200.00000298E-3,2.5300002
-13.5999990E-6,0.0,2.5420001
-13.3999993E-6,-200.00000298E-3,2.5340002
-13.1999996E-6,-200.00000298E-3,2.5300002
-12.9999989E-6,0.0,2.5300002
-12.7999992E-6,-400.00000596E-3,2.5360000
-12.5999995E-6,0.0,2.5380001
-12.3999989E-6,-200.00000298E-3,2.5400002
-12.1999992E-6,-200.00000298E-3,2.5440001
-11.9999995E-6,-400.00000596E-3,2.5380001
-11.7999989E-6,-400.00000596E-3,2.5460000
-11.5999992E-6,-200.00000298E-3,2.5380001
-11.3999995E-6,-200.00000298E-3,2.5380001
-11.1999989E-6,-200.00000298E-3,2.5440001
-10.9999992E-6,-200.00000298E-3,2.5340002
-10.7999995E-6,-200.00000298E-3,2.5500002
-10.5999989E-6,200.00000298E-3,2.5400002
-10.3999992E-6,200.00000298E-3,2.5400002
-10.1999995E-6,0.0,2.5380001
-9.999998838E-6,200.00000298E-3,2.5400002
-9.799999134E-6,0.0,2.5320001
-9.599999430E-6,-200.00000298E-3,2.5340002
-9.399998817E-6,-200.00000298E-3,2.5360000
-9.199999113E-6,0.0,2.5460000
-8.999999409E-6,-200.00000298E-3,2.5440001
-8.799999705E-6,-200.00000298E-3,2.5380001
-8.599999092E-6,-200.00000298E-3,2.5380001
-8.399999388E-6,-200.00000298E-3,2.5360000
-8.199999684E-6,-200.00000298E-3,2.5340002
-7.999999070E-6,-200.00000298E-3,2.5400002
-7.799999366E-6,0.0,2.5260000
-7.599999208E-6,0.0,2.5360000
-7.399999049E-6,0.0,2.5420001
-7.19999935E-6,0.0,2.5340002
-6.99999919E-6,-200.00000298E-3,2.5360000
-6.79999903E-6,200.00000298E-3,2.5380001
-6.59999932E-6,-200.00000298E-3,2.5320001
-6.39999917E-6,-200.00000298E-3,2.5360000
-6.19999901E-6,-400.00000596E-3,2.5300002
-5.99999930E-6,0.0,2.5280001
-5.79999914E-6,0.0,2.5300002
-5.59999899E-6,0.0,2.5300002
-5.39999928E-6,0.0,2.5400002
-5.19999912E-6,-200.00000298E-3,2.5340002
-4.99999942E-6,-400.00000596E-3,2.5360000
-4.79999926E-6,-200.00000298E-3,2.5320001
-4.59999910E-6,-200.00000298E-3,2.5340002
-4.39999940E-6,-200.00000298E-3,2.5380001
-4.19999924E-6,0.0,2.5360000
-3.99999908E-6,-600.000023842E-3,2.5400002
-3.79999915E-6,0.0,2.5300002
-3.59999922E-6,0.0,2.5400002
-3.39999929E-6,-400.00000596E-3,2.5340002
-3.19999913E-6,-200.00000298E-3,2.5300002
-2.99999920E-6,-200.00000298E-3,2.5460000
-2.79999927E-6,-200.00000298E-3,2.5360000
-2.5999991E-6,0.0,2.5380001
-2.3999992E-6,-200.00000298E-3,2.5400002
-2.1999992E-6,0.0,2.5300002
-1.9999991E-6,-200.00000298E-3,2.5320001
-1.7999992E-6,-200.00000298E-3,2.5360000
-1.5999992E-6,0.0,2.5380001
-1.3999992E-6,0.0,2.5340002
-1.1999991E-6,0.0,2.5360000
-0.0E-6,200.00000298E-3,2.5320001
-799.999156698E-9,0.0,2.5320001
-599.999168571E-9,0.0,2.5400002
-399.99915202E-9,-200.00000298E-3,2.5420001
-199.99914969E-9,-200.00000298E-3,2.5260000
852.651271820E-15,0.0,2.5320001
200.00085499E-9,-200.00000298E-3,2.5300002
400.00085733E-9,-200.00000298E-3,2.5380001
600.000873874E-9,-400.00000596E-3,2.5400002
800.000862000E-9,-200.00000298E-3,2.5340002
1.0000009E-6,200.00000298E-3,2.5340002
1.2000008E-6,-200.00000298E-3,2.5380001
1.4000009E-6,4.59999990,2.5440001
1.6000008E-6,4.80000019,2.5340002
1.8000009E-6,4.20000029,2.5280001
2.0000009E-6,4.20000029,2.5360000
2.2000008E-6,4.59999990,2.4600000
2.4000010E-6,4.20000029,2.5520000
2.6000009E-6,4.80000019,2.5300002
2.80000086E-6,4.59999990,2.5340002
3.00000079E-6,4.59999990,2.5420001
3.20000095E-6,4.40000010,2.5300002
3.40000088E-6,4.40000010,2.5240002
3.60000081E-6,4.59999990,2.5320001
3.80000097E-6,4.40000010,2.5340002
4.00000090E-6,4.59999990,2.5260000
4.20000106E-6,4.40000010,2.5180001
4.40000076E-6,4.59999990,2.5200002
4.60000092E-6,4.59999990,2.5360000
4.80000108E-6,4.59999990,2.5240002
5.00000078E-6,4.59999990,2.5300002
5.20000094E-6,4.20000029,2.5320001
5.40000110E-6,4.40000010,2.5260000
5.60000080E-6,4.40000010,2.5280001
5.80000096E-6,4.40000010,2.5300002
6.00000112E-6,4.20000029,2.5300002
6.20000083E-6,4.59999990,2.5300002
6.40000098E-6,4.59999990,2.5300002
6.60000114E-6,4.59999990,2.5340002
6.80000085E-6,4.40000010,2.5380001
7.00000101E-6,4.59999990,2.5280001
7.20000116E-6,4.40000010,2.5340002
7.400000868E-6,4.59999990,2.5260000
7.600001027E-6,4.40000010,2.5340002
7.800001185E-6,4.59999990,2.5300002
8.000000889E-6,4.40000010,2.5240002
8.200000593E-6,4.40000010,2.5300002
8.400001207E-6,4.40000010,2.5240002
8.600000911E-6,4.40000010,2.5220001
8.800000614E-6,4.59999990,2.5300002
9.000001228E-6,4.40000010,2.5300002
9.200000932E-6,4.40000010,2.5320001
9.400000636E-6,4.40000010,2.5280001
9.600001249E-6,4.40000010,2.5300002
9.800000953E-6,4.40000010,2.5300002
10.0000007E-6,4.80000019,2.5280001
10.2000013E-6,4.40000010,2.5200002
10.4000010E-6,4.40000010,2.5340002
10.6000007E-6,4.40000010,2.5280001
10.8000013E-6,4.40000010,2.5300002
11.0000010E-6,4.40000010,2.5340002
11.2000007E-6,4.40000010,2.5200002
11.4000013E-6,4.40000010,2.5380001
11.6000010E-6,4.80000019,2.5260000
11.8000007E-6,4.80000019,2.5340002
12.0000013E-6,4.40000010,2.5340002
12.2000010E-6,4.40000010,2.5200002
12.4000007E-6,4.59999990,2.5280001
12.6000014E-6,4.40000010,2.5300002
12.8000011E-6,4.40000010,2.5240002
13.0000008E-6,4.59999990,2.5260000
13.2000014E-6,4.20000029,2.5320001
13.4000011E-6,4.20000029,2.5300002
13.6000008E-6,4.40000010,2.5260000
13.8000014E-6,4.59999990,2.5280001
14.0000011E-6,4.59999990,2.5280001
14.2000008E-6,4.59999990,2.5220001
14.4000014E-6,4.59999990,2.5360000
14.6000011E-6,4.40000010,2.5280001
14.8000008E-6,4.59999990,2.5260000
15.0000014E-6,4.20000029,2.5260000
15.2000011E-6,4.80000019,2.5280001
15.4000008E-6,4.59999990,2.5220001
15.6000006E-6,4.59999990,2.5280001
15.8000003E-6,4.59999990,2.5280001
16.0000018E-6,4.40000010,2.5260000
16.2000015E-6,4.40000010,2.5260000
16.4000012E-6,4.59999990,2.5340002
16.6000009E-6,4.59999990,2.5240002
16.8000006E-6,4.59999990,2.5260000
17.0000003E-6,4.40000010,2.5260000
17.2000018E-6,4.40000010,2.5300002
17.4000015E-6,4.40000010,2.5260000
17.6000012E-6,4.40000010,2.5200002
17.8000009E-6,4.40000010,2.5320001
18.0000006E-6,4.40000010,2.5240002
18.2000003E-6,4.59999990,2.5340002
18.4000019E-6,4.40000010,2.5220001
18.6000016E-6,4.20000029,2.5280001
18.8000013E-6,4.59999990,2.5320001
19.0000010E-6,4.40000010,2.5260000
19.2000007E-6,4.40000010,2.5320001
19.4000004E-6,4.59999990,2.5320001
19.6000019E-6,4.59999990,2.5320001
19.8000016E-6,4.40000010,2.5260000
20.0000013E-6,4.40000010,2.5280001
20.20000102E-6,4.59999990,2.5300002
20.40000072E-6,4.59999990,2.5300002
20.60000043E-6,4.59999990,2.5220001
20.80000195E-6,4.40000010,2.5280001
21.00000165E-6,4.20000029,2.5280001
21.20000136E-6,4.59999990,2.5220001
21.40000106E-6,4.59999990,2.5240002
21.60000076E-6,4.40000010,2.5220001
21.80000047E-6,4.40000010,2.5380001
22.00000199E-6,4.40000010,2.5260000
22.20000169E-6,4.40000010,2.5300002
22.40000140E-6,4.59999990,2.5220001
22.60000110E-6,4.40000010,2.5300002
22.80000081E-6,4.40000010,2.5280001
23.00000051E-6,4.59999990,2.5340002
23.20000203E-6,4.40000010,2.5340002
23.40000174E-6,4.40000010,2.5260000
23.60000144E-6,4.40000010,2.5280001
23.80000114E-6,4.59999990,2.5300002
24.00000085E-6,4.40000010,2.5260000
24.20000055E-6,4.20000029,2.5260000
24.40000026E-6,4.20000029,2.5240002
24.60000178E-6,4.40000010,2.5260000
24.80000148E-6,4.40000010,2.5260000
25.00000119E-6,4.20000029,2.5320001
25.20000089E-6,4.20000029,2.5280001
25.40000060E-6,4.40000010,2.5240002
25.60000030E-6,4.20000029,2.5360000
25.80000182E-6,4.59999990,2.5220001
26.00000153E-6,4.20000029,2.5320001
26.20000123E-6,4.40000010,2.5260000
26.40000093E-6,4.40000010,2.5280001
26.60000064E-6,4.59999990,2.5340002
26.80000034E-6,4.59999990,2.5280001
27.00000186E-6,4.59999990,2.5300002
27.20000157E-6,4.59999990,2.5220001
27.40000127E-6,4.40000010,2.5340002
27.60000098E-6,4.40000010,2.5340002
27.80000068E-6,4.59999990,2.5280001
28.00000038E-6,4.59999990,2.5360000
28.20000191E-6,4.59999990,2.5320001
28.40000161E-6,4.40000010,2.5300002
28.60000131E-6,4.59999990,2.5300002
28.80000102E-6,4.59999990,2.5220001
29.00000072E-6,4.59999990,2.5300002
29.20000043E-6,4.80000019,2.5400002
29.40000195E-6,4.59999990,2.5220001
29.60000165E-6,4.40000010,2.5280001
29.80000136E-6,4.80000019,2.5400002
30.00000106E-6,4.40000010,2.5280001
30.20000077E-6,4.40000010,2.5340002
30.40000047E-6,4.40000010,2.5300002
30.60000017E-6,4.40000010,2.5280001
30.80000170E-6,4.20000029,2.5280001
30.99999958E-6,4.20000029,2.5280001
31.20000110E-6,4.59999990,2.5340002
31.40000263E-6,4.59999990,2.5240002
31.60000051E-6,4.80000019,2.5300002
31.80000203E-6,4.40000010,2.5380001
31.99999992E-6,4.40000010,2.5320001
32.20000144E-6,4.40000010,2.5260000
32.40000297E-6,4.59999990,2.5220001
32.60000085E-6,4.40000010,2.5340002
32.80000237E-6,4.80000019,2.5300002
33.00000026E-6,4.20000029,2.5240002
33.20000178E-6,4.40000010,2.5320001
33.39999967E-6,4.59999990,2.5340002
33.60000119E-6,4.40000010,2.5360000
33.80000271E-6,4.59999990,2.5340002
34.00000060E-6,4.80000019,2.5260000
34.20000212E-6,4.80000019,2.5280001
34.40000000E-6,4.59999990,2.5260000
34.60000153E-6,4.59999990,2.5300002
34.80000305E-6,4.20000029,2.5200002
35.00000093E-6,4.59999990,2.5300002
35.20000246E-6,4.59999990,2.5340002
35.40000034E-6,4.59999990,2.5340002
35.60000187E-6,4.40000010,2.5340002
35.79999975E-6,4.40000010,2.5360000
36.00000127E-6,4.40000010,2.5320001
36.20000280E-6,4.40000010,2.5340002
36.40000068E-6,4.40000010,2.5280001
36.60000220E-6,4.20000029,2.5320001
36.80000009E-6,4.40000010,2.5260000
37.00000161E-6,4.80000019,2.5380001
37.19999950E-6,4.59999990,2.5340002
37.40000102E-6,4.40000010,2.5300002
37.60000254E-6,4.40000010,2.5360000
37.80000043E-6,4.40000010,2.5300002
38.00000195E-6,4.40000010,2.5300002
38.19999984E-6,4.59999990,2.5320001
38.40000136E-6,4.20000029,2.5280001
38.60000288E-6,4.59999990,2.5340002
38.80000077E-6,4.40000010,2.5320001
39.00000229E-6,4.59999990,2.5300002
39.20000017E-6,4.59999990,2.5320001
39.40000170E-6,4.59999990,2.5320001
39.59999958E-6,4.40000010,2.5360000
39.80000110E-6,4.80000019,2.5340002
40.00000263E-6,4.59999990,2.5320001
40.20000051E-6,4.59999990,2.5420001
40.40000204E-6,4.40000010,2.5360000
40.59999992E-6,4.40000010,2.5300002
40.80000144E-6,4.59999990,2.5380001
41.00000297E-6,4.59999990,2.5400002
41.20000085E-6,4.59999990,2.5360000
41.40000237E-6,4.20000029,2.5360000
41.60000026E-6,4.40000010,2.5340002
41.80000178E-6,4.40000010,2.5340002
41.99999967E-6,4.40000010,2.5340002
42.20000119E-6,4.59999990,2.5380001
42.40000271E-6,4.59999990,2.5340002
42.60000060E-6,4.59999990,2.5420001
42.80000212E-6,4.40000010,2.5400002
43.00000001E-6,4.40000010,2.5340002
43.20000153E-6,4.59999990,2.5280001
43.40000305E-6,4.59999990,2.5360000
43.60000094E-6,4.59999990,2.5340002
43.80000246E-6,4.40000010,2.5420001
44.00000034E-6,4.59999990,2.5280001
44.20000187E-6,4.20000029,2.5340002
44.39999975E-6,4.40000010,2.5400002
44.60000127E-6,4.59999990,2.5340002
44.80000280E-6,4.40000010,2.5340002
45.00000068E-6,4.40000010,2.5360000
45.20000221E-6,4.40000010,2.5300002
45.40000009E-6,4.20000029,2.5440001
45.60000161E-6,4.40000010,2.5340002
45.80000314E-6,4.20000029,2.5360000
46.00000102E-6,4.20000029,2.5460000
46.20000254E-6,4.40000010,2.5400002
46.40000043E-6,4.40000010,2.5340002
46.60000195E-6,4.59999990,2.5500002
46.79999984E-6,4.59999990,2.5340002
47.00000136E-6,4.40000010,2.5360000
47.20000288E-6,4.20000029,2.5360000
47.40000077E-6,4.40000010,2.5280001
47.60000229E-6,4.40000010,2.5360000
47.80000017E-6,4.40000010,2.5380001
48.00000170E-6,4.40000010,2.5380001
48.20000322E-6,4.40000010,2.5380001
48.40000111E-6,4.59999990,2.5360000
48.60000263E-6,4.40000010,2.5420001
48.80000051E-6,4.80000019,2.5380001
49.00000204E-6,4.40000010,2.5380001
49.19999992E-6,4.59999990,2.5400002
49.40000144E-6,4.59999990,2.5340002
49.60000297E-6,4.59999990,2.5340002
49.80000085E-6,4.59999990,2.5340002
50.00000237E-6,4.40000010,2.5360000
50.20000026E-6,4.40000010,2.5440001
50.40000178E-6,4.40000010,2.5380001
50.59999967E-6,4.40000010,2.5380001
50.80000119E-6,4.40000010,2.5400002
51.00000271E-6,4.59999990,2.5460000
51.20000060E-6,4.59999990,2.5360000
51.40000212E-6,-200.00000298E-3,2.5340002
51.60000001E-6,-200.00000298E-3,2.5480001
51.80000153E-6,0.0,2.5400002
52.00000305E-6,-200.00000298E-3,2.5380001
52.20000094E-6,0.0,2.5360000
52.40000246E-6,-200.00000298E-3,2.5380001
52.60000034E-6,-200.00000298E-3,2.5360000
52.80000187E-6,-200.00000298E-3,2.5420001
52.99999975E-6,-200.00000298E-3,2.5380001
53.20000128E-6,-200.00000298E-3,2.5440001
53.40000280E-6,-200.00000298E-3,2.5460000
53.60000068E-6,200.00000298E-3,2.5460000
53.80000221E-6,0.0,2.5360000
54.00000009E-6,0.0,2.5340002
54.20000161E-6,200.00000298E-3,2.5340002
54.40000314E-6,-200.00000298E-3,2.5380001
54.600001022E-6,0.0,2.5360000
54.800002545E-6,0.0,2.5420001
55.000000430E-6,-200.00000298E-3,2.5480001
55.200001952E-6,0.0,2.5460000
55.399999837E-6,0.0,2.5500002
55.600001360E-6,-200.00000298E-3,2.5380001
55.800002883E-6,-400.00000596E-3,2.5420001
56.000000768E-6,-400.00000596E-3,2.5440001
56.200002291E-6,-200.00000298E-3,2.5380001
56.400000176E-6,-200.00000298E-3,2.5420001
56.600001699E-6,0.0,2.5380001
56.800003222E-6,0.0,2.5420001
57.000001107E-6,200.00000298E-3,2.5420001
57.200002630E-6,0.0,2.5440001
57.400000514E-6,200.00000298E-3,2.5460000
57.600002037E-6,-200.00000298E-3,2.5400002
57.799999922E-6,200.00000298E-3,2.5460000
58.000001445E-6,-200.00000298E-3,2.5440001
58.200002968E-6,-200.00000298E-3,2.5460000
58.400000853E-6,200.00000298E-3,2.5460000
58.600002376E-6,0.0,2.5400002
58.800000261E-6,0.0,2.5420001
59.000001784E-6,0.0,2.5420001
59.200003307E-6,-200.00000298E-3,2.5420001
59.400001192E-6,-200.00000298E-3,2.5380001
59.600002714E-6,0.0,2.5460000
59.800000599E-6,-200.00000298E-3,2.5440001
60.000002122E-6,0.0,2.5460000
60.200000007E-6,-400.00000596E-3,2.5420001
60.400001530E-6,0.0,2.5480001
60.600003053E-6,-200.00000298E-3,2.5440001
60.800000938E-6,0.0,2.5400002
61.000002461E-6,-200.00000298E-3,2.5400002
61.200000346E-6,-200.00000298E-3,2.5400002
61.400001869E-6,0.0,2.5400002
61.600003392E-6,-200.00000298E-3,2.5360000
61.800004914E-6,-200.00000298E-3,2.5400002
61.999999161E-6,200.00000298E-3,2.5380001
62.200000684E-6,0.0,2.5400002
62.400002207E-6,-200.00000298E-3,2.5460000
62.600003730E-6,-200.00000298E-3,2.5440001
62.799997977E-6,-200.00000298E-3,2.5400002
62.999999500E-6,0.0,2.5400002
63.200001023E-6,-200.00000298E-3,2.5520000
63.400002546E-6,0.0,2.5440001
63.600004069E-6,-200.00000298E-3,2.5420001
63.799998316E-6,0.0,2.5500002
63.999999838E-6,0.0,2.5440001
64.200001361E-6,-200.00000298E-3,2.5420001
64.400002884E-6,0.0,2.5340002
64.600004407E-6,-200.00000298E-3,2.5360000
64.799998654E-6,0.0,2.5380001
65.000000177E-6,-200.00000298E-3,2.5420001
65.200001700E-6,-200.00000298E-3,2.5460000
65.400003223E-6,-200.00000298E-3,2.5460000
65.600004746E-6,0.0,2.5460000
65.799998993E-6,0.0,2.5420001
66.000000515E-6,-200.00000298E-3,2.5360000
66.200002038E-6,0.0,2.5400002
66.400003561E-6,-200.00000298E-3,2.5520000
66.600005084E-6,0.0,2.5400002
66.799999331E-6,-200.00000298E-3,2.5400002
67.000000854E-6,-200.00000298E-3,2.5400002
67.200002377E-6,-200.00000298E-3,2.5480001
67.400003900E-6,0.0,2.5460000
67.599998147E-6,-200.00000298E-3,2.5480001
67.799999670E-6,-200.00000298E-3,2.5500002
68.000001193E-6,-200.00000298E-3,2.5400002
68.200002715E-6,0.0,2.5440001
68.400004238E-6,0.0,2.5480001
68.599998485E-6,0.0,2.5440001
68.800000008E-6,200.00000298E-3,2.5400002
69.000001531E-6,-200.00000298E-3,2.5480001
69.200003054E-6,-200.00000298E-3,2.5500002
69.400004577E-6,0.0,2.5480001
69.599998824E-6,0.0,2.5460000
69.800000347E-6,0.0,2.5500002
70.000001870E-6,0.0,2.5480001
70.200003393E-6,-200.00000298E-3,2.5480001
70.400004915E-6,-400.00000596E-3,2.5400002
70.599999162E-6,0.0,2.5400002
70.800000685E-6,-400.00000596E-3,2.5500002
71.000002208E-6,-200.00000298E-3,2.5420001
71.200003731E-6,0.0,2.5480001
71.400005254E-6,-200.00000298E-3,2.5400002
71.599999501E-6,-200.00000298E-3,2.5460000
71.800001024E-6,0.0,2.5420001
72.000002547E-6,-200.00000298E-3,2.5440001
72.200004070E-6,-200.00000298E-3,2.5520000
72.399998317E-6,-200.00000298E-3,2.5420001
72.599999839E-6,-200.00000298E-3,2.5380001
72.800001362E-6,-200.00000298E-3,2.5500002
73.000002885E-6,-200.00000298E-3,2.5420001
73.200004408E-6,-200.00000298E-3,2.5440001
73.399998655E-6,200.00000298E-3,2.5440001
73.600000178E-6,0.0,2.5440001
73.800001701E-6,0.0,2.5420001
74.000003224E-6,0.0,2.5460000
74.200004747E-6,-200.00000298E-3,2.5400002
74.399998994E-6,0.0,2.5400002
74.600000517E-6,200.00000298E-3,2.5400002
74.800002039E-6,0.0,2.5480001
75.000003562E-6,-200.00000298E-3,2.5500002
75.200005085E-6,-200.00000298E-3,2.5480001
75.399999332E-6,0.0,2.5440001
75.600000855E-6,0.0,2.5460000
75.800002378E-6,-400.00000596E-3,2.5480001
76.000003901E-6,-200.00000298E-3,2.5440001
76.199998148E-6,-400.00000596E-3,2.5440001
76.399999671E-6,0.0,2.5440001
76.600001194E-6,0.0,2.5420001
76.800002716E-6,200.00000298E-3,2.5420001
77.000004239E-6,-200.00000298E-3,2.5460000
77.199998486E-6,-200.00000298E-3,2.5440001
77.400000009E-6,-200.00000298E-3,2.5460000
77.600001532E-6,0.0,2.5480001
77.800003055E-6,0.0,2.5380001
78.000004578E-6,-200.00000298E-3,2.5440001
78.199998825E-6,0.0,2.5480001
78.400000348E-6,0.0,2.5440001
78.600001871E-6,0.0,2.5440001
78.800003394E-6,-200.00000298E-3,2.5400002
79.000004916E-6,-200.00000298E-3,2.5440001
79.199999163E-6,-200.00000298E-3,2.5460000
79.400000686E-6,-200.00000298E-3,2.5420001
79.600002209E-6,-400.00000596E-3,2.5480001
79.800003732E-6,-200.00000298E-3,2.5440001
80.000005255E-6,-200.00000298E-3,2.5400002
80.199999502E-6,-200.00000298E-3,2.5420001
80.400001025E-6,-200.00000298E-3,2.5400002
80.600002548E-6,-200.00000298E-3,2.5420001
80.800004071E-6,-200.00000298E-3,2.5440001
80.999998318E-6,0.0,2.5460000
81.199999840E-6,-200.00000298E-3,2.5440001
81.400001363E-6,0.0,2.5460000
81.600002886E-6,-200.00000298E-3,2.5440001
81.800004409E-6,-200.00000298E-3,2.5440001
81.999998656E-6,-200.00000298E-3,2.5420001
82.200000179E-6,0.0,2.5380001
82.400001702E-6,-200.00000298E-3,2.5400002
82.600003225E-6,-200.00000298E-3,2.5380001
82.800004748E-6,0.0,2.5460000
82.999998995E-6,-200.00000298E-3,2.5360000
83.200000518E-6,0.0,2.5400002
83.400002040E-6,0.0,2.5400002
83.600003563E-6,0.0,2.5400002
83.800005086E-6,0.0,2.5340002
83.999999333E-6,-200.00000298E-3,2.5420001
84.200000856E-6,200.00000298E-3,2.5420001
84.400002379E-6,-200.00000298E-3,2.5420001
84.600003902E-6,0.0,2.5360000
84.800005425E-6,200.00000298E-3,2.5420001
84.999999672E-6,-200.00000298E-3,2.5400002
85.200001195E-6,-200.00000298E-3,2.5400002
85.400002718E-6,0.0,2.5440001
85.600004240E-6,0.0,2.5340002
85.799998487E-6,-200.00000298E-3,2.5420001
86.000000010E-6,200.00000298E-3,2.5380001
86.200001533E-6,-400.00000596E-3,2.5440001
86.400003056E-6,-400.00000596E-3,2.5360000
86.600004579E-6,0.0,2.5340002
86.799998826E-6,-400.00000596E-3,2.5420001
87.000000349E-6,-200.00000298E-3,2.5420001
87.200001872E-6,-200.00000298E-3,2.5400002
87.400003395E-6,0.0,2.5420001
87.600004917E-6,0.0,2.5440001
87.799999164E-6,-200.00000298E-3,2.5380001
88.000000687E-6,-200.00000298E-3,2.5320001
88.200002210E-6,-200.00000298E-3,2.5400002
88.400003733E-6,200.00000298E-3,2.5340002
88.600005256E-6,0.0,2.5420001
88.799999503E-6,0.0,2.5340002
89.000001026E-6,-200.00000298E-3,2.5420001
89.200002549E-6,0.0,2.5360000
89.400004072E-6,200.00000298E-3,2.5380001
89.599998319E-6,-200.00000298E-3,2.5460000
89.799999841E-6,-200.00000298E-3,2.5420001
90.000001364E-6,-200.00000298E-3,2.5340002
90.200002887E-6,0.0,2.5400002
90.400004410E-6,-200.00000298E-3,2.5440001
90.599998657E-6,-400.00000596E-3,2.5380001
90.800000180E-6,-200.00000298E-3,2.5380001
91.000001703E-6,-200.00000298E-3,2.5440001
91.200003226E-6,-200.00000298E-3,2.5420001
91.400004749E-6,0.0,2.5360000
91.599998996E-6,-200.00000298E-3,2.5420001
91.800000519E-6,-200.00000298E-3,2.5440001
92.000002041E-6,-200.00000298E-3,2.5400002
92.200003564E-6,200.00000298E-3,2.5380001
92.400005087E-6,-200.00000298E-3,2.5340002
92.599999334E-6,-200.00000298E-3,2.5300002
92.800000857E-6,0.0,2.5360000
93.000002380E-6,-200.00000298E-3,2.5440001
93.200003903E-6,-200.00000298E-3,2.5380001
93.400005426E-6,0.0,2.5360000
93.599999673E-6,0.0,2.5340002
93.800001196E-6,0.0,2.5320001
94.000002719E-6,0.0,2.5300002
94.200004241E-6,-200.00000298E-3,2.5340002
94.399998488E-6,0.0,2.5360000
94.600000011E-6,-200.00000298E-3,2.5320001
94.800001534E-6,0.0,2.5340002
95.000003057E-6,0.0,2.5400002
95.200004580E-6,0.0,2.5340002
95.399998827E-6,0.0,2.5340002
95.600000350E-6,-200.00000298E-3,2.5380001
95.800001873E-6,-200.00000298E-3,2.5360000
96.000003396E-6,-400.00000596E-3,2.5280001
96.200004919E-6,-200.00000298E-3,2.5320001
96.399999165E-6,0.0,2.5360000
96.600000688E-6,-200.00000298E-3,2.5360000
96.800002211E-6,0.0,2.5400002
97.000003734E-6,-200.00000298E-3,2.5360000
97.200005257E-6,0.0,2.5360000
97.399999504E-6,0.0,2.5360000
97.600001027E-6,0.0,2.5260000
97.800002550E-6,0.0,2.5400002
98.000004073E-6,0.0,2.5340002
98.200005596E-6,200.00000298E-3,2.5280001
98.399999843E-6,0.0,2.5360000
98.600001365E-6,0.0,2.5360000
98.800002888E-6,-200.00000298E-3,2.5380001
99.000004411E-6,-200.00000298E-3,2.5320001
99.199998658E-6,-200.00000298E-3,2.5280001
99.400000181E-6,-200.00000298E-3,2.5380001
99.600001704E-6,0.0,2.5360000
99.800003227E-6,-200.00000298E-3,2.5300002
100.0000047E-6,0.0,2.5380001
100.1999990E-6,0.0,2.5340002
100.4000005E-6,-200.00000298E-3,2.5400002
100.6000020E-6,0.0,2.5360000
100.8000036E-6,0.0,2.5340002
101.0000051E-6,-200.00000298E-3,2.5340002
101.1999993E-6,-200.00000298E-3,2.5340002
101.4000009E-6,4.59999990,2.5440001
101.6000024E-6,4.40000010,2.5340002
101.8000039E-6,4.40000010,2.5220001
102.0000054E-6,4.40000010,2.5260000
102.1999997E-6,4.40000010,2.4820001
102.4000012E-6,4.20000029,2.5580001
102.6000027E-6,4.59999990,2.5260000
102.8000042E-6,4.59999990,2.5360000
102.9999985E-6,4.59999990,2.5340002
103.2000000E-6,4.59999990,2.5200002
103.4000015E-6,4.59999990,2.5240002
103.6000031E-6,4.40000010,2.5300002
103.8000046E-6,4.40000010,2.5260000
103.9999988E-6,4.59999990,2.5300002
104.2000004E-6,4.40000010,2.5300002
104.4000019E-6,4.40000010,2.5300002
104.6000034E-6,4.40000010,2.5200002
104.8000049E-6,4.59999990,2.5240002
104.9999992E-6,4.40000010,2.5260000
105.2000007E-6,4.59999990,2.5300002
105.4000022E-6,4.20000029,2.5360000
105.6000037E-6,4.59999990,2.5340002
105.8000053E-6,4.59999990,2.5280001
105.9999995E-6,4.20000029,2.5280001
106.2000010E-6,4.40000010,2.5360000
106.4000026E-6,4.59999990,2.5360000
106.6000041E-6,4.20000029,2.5320001
106.8000056E-6,4.20000029,2.5360000
106.9999998E-6,4.20000029,2.5420001
107.2000014E-6,4.40000010,2.5380001
107.4000029E-6,4.59999990,2.5400002
107.6000044E-6,4.40000010,2.5360000
107.7999987E-6,4.20000029,2.5360000
108.0000002E-6,4.40000010,2.5380001
108.2000017E-6,4.59999990,2.5360000
108.4000032E-6,4.59999990,2.5340002
108.6000048E-6,4.59999990,2.5300002
108.7999990E-6,4.20000029,2.5320001
109.0000005E-6,4.40000010,2.5340002
109.2000020E-6,4.59999990,2.5360000
109.4000036E-6,4.59999990,2.5300002
109.6000051E-6,4.40000010,2.5320001
109.7999993E-6,4.59999990,2.5320001
110.0000009E-6,4.40000010,2.5300002
110.2000024E-6,4.40000010,2.5320001
110.4000039E-6,4.40000010,2.5300002
110.6000054E-6,4.59999990,2.5320001
110.7999997E-6,4.59999990,2.5300002
111.0000012E-6,4.40000010,2.5340002
111.2000027E-6,4.59999990,2.5300002
111.4000042E-6,4.40000010,2.5240002
111.6000058E-6,4.40000010,2.5320001
111.8000000E-6,4.40000010,2.5320001
112.0000015E-6,4.80000019,2.5300002
112.2000031E-6,4.40000010,2.5280001
112.4000046E-6,4.40000010,2.5360000
112.5999988E-6,4.40000010,2.5260000
112.8000004E-6,4.20000029,2.5340002
113.0000019E-6,4.40000010,2.5260000
113.2000034E-6,4.59999990,2.5240002
113.4000049E-6,4.80000019,2.5320001
113.5999992E-6,4.59999990,2.5320001
113.8000007E-6,4.40000010,2.5340002
114.0000022E-6,4.40000010,2.5280001
114.2000037E-6,4.59999990,2.5300002
114.4000053E-6,4.40000010,2.5220001
114.5999995E-6,4.40000010,2.5220001
114.8000010E-6,4.40000010,2.5360000
115.0000026E-6,4.20000029,2.5280001
115.2000041E-6,4.40000010,2.5340002
115.4000056E-6,4.40000010,2.5240002
115.5999998E-6,4.59999990,2.5240002
115.8000014E-6,4.59999990,2.5320001
116.0000029E-6,4.40000010,2.5320001
116.2000044E-6,4.40000010,2.5320001
116.3999987E-6,4.59999990,2.5300002
116.6000002E-6,4.20000029,2.5260000
116.8000017E-6,4.59999990,2.5200002
117.0000032E-6,4.40000010,2.5360000
117.2000048E-6,4.40000010,2.5260000
117.3999990E-6,4.59999990,2.5300002
117.6000005E-6,4.40000010,2.5240002
117.8000020E-6,4.59999990,2.5340002
118.0000036E-6,4.40000010,2.5260000
118.2000051E-6,4.59999990,2.5240002
118.3999993E-6,4.40000010,2.5360000
118.6000009E-6,4.40000010,2.5300002
118.8000024E-6,4.40000010,2.5260000
119.0000039E-6,4.40000010,2.5220001
119.2000054E-6,4.40000010,2.5300002
119.3999997E-6,4.40000010,2.5280001
119.6000012E-6,4.40000010,2.5260000
119.8000027E-6,4.59999990,2.5260000
120.0000042E-6,4.40000010,2.5300002
120.2000058E-6,4.40000010,2.5300002
120.4000000E-6,4.59999990,2.5360000
120.6000015E-6,4.40000010,2.5360000
120.8000031E-6,4.40000010,2.5320001
121.0000046E-6,4.59999990,2.5320001
121.1999988E-6,4.40000010,2.5260000
121.4000004E-6,4.59999990,2.5180001
121.6000019E-6,4.59999990,2.5340002
121.8000034E-6,4.40000010,2.5200002
122.0000049E-6,4.59999990,2.5280001
122.1999992E-6,4.40000010,2.5300002
122.4000007E-6,4.40000010,2.5240002
122.6000022E-6,4.20000029,2.5300002
122.8000037E-6,4.40000010,2.5260000
123.0000053E-6,4.59999990,2.5320001
123.2000068E-6,4.40000010,2.5340002
123.4000083E-6,4.80000019,2.5320001
123.5999953E-6,4.59999990,2.5280001
123.7999968E-6,4.59999990,2.5220001
123.9999983E-6,4.40000010,2.5260000
124.1999998E-6,4.20000029,2.5260000
124.4000014E-6,4.40000010,2.5220001
124.6000029E-6,4.40000010,2.5220001
124.8000044E-6,4.40000010,2.5300002
125.0000059E-6,4.40000010,2.5280001
125.2000075E-6,4.40000010,2.5260000
125.4000090E-6,4.40000010,2.5260000
125.5999960E-6,4.80000019,2.5320001
125.7999975E-6,4.40000010,2.5260000
125.9999990E-6,4.59999990,2.5340002
126.2000005E-6,4.59999990,2.5320001
126.4000020E-6,4.40000010,2.5240002
126.6000036E-6,4.59999990,2.5320001
126.8000051E-6,4.40000010,2.5340002
127.0000066E-6,4.40000010,2.5380001
127.2000081E-6,4.40000010,2.5300002
127.3999951E-6,4.20000029,2.5380001
127.5999966E-6,4.40000010,2.5380001
127.7999982E-6,4.59999990,2.5260000
127.9999997E-6,4.59999990,2.5320001
128.2000012E-6,4.59999990,2.5400002
128.4000027E-6,4.59999990,2.5280001
128.6000042E-6,4.40000010,2.5280001
128.8000058E-6,4.59999990,2.5260000
129.0000073E-6,4.40000010,2.5360000
129.2000088E-6,4.20000029,2.5280001
129.3999958E-6,4.40000010,2.5320001
129.5999973E-6,4.59999990,2.5320001
129.7999988E-6,4.40000010,2.5220001
130.0000004E-6,4.40000010,2.5320001
130.2000019E-6,4.20000029,2.5380001
130.4000034E-6,4.59999990,2.5280001
130.6000049E-6,4.59999990,2.5300002
130.8000064E-6,4.40000010,2.5340002
131.0000080E-6,4.40000010,2.5300002
131.2000095E-6,4.40000010,2.5280001
131.3999965E-6,4.59999990,2.5260000
131.5999980E-6,4.59999990,2.5380001
131.7999995E-6,4.59999990,2.5280001
132.0000010E-6,4.59999990,2.5280001
132.2000026E-6,4.20000029,2.5360000
132.4000041E-6,4.40000010,2.5320001
132.6000056E-6,4.59999990,2.5320001
132.8000071E-6,4.59999990,2.5300002
133.0000086E-6,4.40000010,2.5260000
133.1999956E-6,4.59999990,2.5300002
133.3999971E-6,4.40000010,2.5320001
133.5999987E-6,4.40000010,2.5280001
133.8000002E-6,4.40000010,2.5320001
134.0000017E-6,4.40000010,2.5280001
134.2000032E-6,4.59999990,2.5360000
134.4000048E-6,4.40000010,2.5260000
134.6000063E-6,4.40000010,2.5360000
134.8000078E-6,4.59999990,2.5300002
135.0000093E-6,4.40000010,2.5300002
135.1999963E-6,4.20000029,2.5360000
135.3999978E-6,4.20000029,2.5420001
135.5999993E-6,4.40000010,2.5280001
135.8000009E-6,4.20000029,2.5280001
136.0000024E-6,4.20000029,2.5400002
136.2000039E-6,4.59999990,2.5360000
136.4000054E-6,4.59999990,2.5240002
136.6000070E-6,4.59999990,2.5320001
136.8000085E-6,4.59999990,2.5320001
136.9999954E-6,4.59999990,2.5340002
137.1999970E-6,4.59999990,2.5380001
137.3999985E-6,4.40000010,2.5380001
137.6000000E-6,4.40000010,2.5300002
137.8000015E-6,4.59999990,2.5240002
138.0000031E-6,4.59999990,2.5360000
138.2000046E-6,4.59999990,2.5360000
138.4000061E-6,4.40000010,2.5380001
138.6000076E-6,4.20000029,2.5340002
138.8000092E-6,4.00000000,2.5360000
138.9999961E-6,4.40000010,2.5300002
139.1999976E-6,4.40000010,2.5320001
139.3999992E-6,4.40000010,2.5360000
139.6000007E-6,4.59999990,2.5380001
139.8000022E-6,4.40000010,2.5340002
140.0000037E-6,4.59999990,2.5420001
140.2000053E-6,4.80000019,2.5360000
140.4000068E-6,4.40000010,2.5380001
140.6000083E-6,4.20000029,2.5340002
140.7999953E-6,4.40000010,2.5400002
140.9999968E-6,4.40000010,2.5340002
141.1999983E-6,4.40000010,2.5360000
141.3999998E-6,4.40000010,2.5380001
141.6000014E-6,4.40000010,2.5320001
141.8000029E-6,4.40000010,2.5380001
142.0000044E-6,4.59999990,2.5340002
142.2000059E-6,4.59999990,2.5300002
142.4000075E-6,4.59999990,2.5340002
142.6000090E-6,4.59999990,2.5400002
142.7999960E-6,4.59999990,2.5360000
142.9999975E-6,4.59999990,2.5380001
143.1999990E-6,4.59999990,2.5380001
143.4000005E-6,4.40000010,2.5320001
143.6000020E-6,4.59999990,2.5280001
143.8000036E-6,4.40000010,2.5340002
144.0000051E-6,4.20000029,2.5380001
144.2000066E-6,4.20000029,2.5380001
144.4000081E-6,4.40000010,2.5360000
144.6000097E-6,4.20000029,2.5360000
144.7999966E-6,4.40000010,2.5380001
144.9999982E-6,4.40000010,2.5360000
145.1999997E-6,4.59999990,2.5460000
145.4000012E-6,4.59999990,2.5360000
145.6000027E-6,4.59999990,2.5440001
145.8000042E-6,4.40000010,2.5380001
146.0000058E-6,4.59999990,2.5380001
146.2000073E-6,4.40000010,2.5340002
146.4000088E-6,4.40000010,2.5380001
146.5999958E-6,4.59999990,2.5400002
146.7999973E-6,4.59999990,2.5300002
146.9999988E-6,4.40000010,2.5300002
147.2000004E-6,4.59999990,2.5360000
147.4000019E-6,4.59999990,2.5360000
147.6000034E-6,4.59999990,2.5300002
147.8000049E-6,4.59999990,2.5380001
148.0000064E-6,4.80000019,2.5380001
148.2000080E-6,4.59999990,2.5480001
148.4000095E-6,4.40000010,2.5360000
148.59999646E-6,4.59999990,2.5420001
148.79999799E-6,4.59999990,2.5320001
148.99999951E-6,4.59999990,2.5480001
149.20000103E-6,4.59999990,2.5380001
149.40000256E-6,4.40000010,2.5480001
149.60000408E-6,4.20000029,2.5360000
149.80000560E-6,4.40000010,2.5400002
150.00000712E-6,4.20000029,2.5460000
150.20000865E-6,4.59999990,2.5360000
150.39999562E-6,4.40000010,2.5380001
150.59999714E-6,4.40000010,2.5440001
150.79999866E-6,4.40000010,2.5340002
151.00000019E-6,4.40000010,2.5460000
151.20000171E-6,4.59999990,2.5340002
151.40000323E-6,-200.00000298E-3,2.5400002
151.60000476E-6,0.0,2.5400002
151.80000628E-6,0.0,2.5380001
152.00000780E-6,0.0,2.5440001
152.20000932E-6,-200.00000298E-3,2.5460000
152.39999630E-6,-200.00000298E-3,2.5380001
152.59999782E-6,-200.00000298E-3,2.5460000
152.79999934E-6,200.00000298E-3,2.5280001
153.00000086E-6,0.0,2.5440001
153.20000239E-6,-200.00000298E-3,2.5400002
153.40000391E-6,-200.00000298E-3,2.5440001
153.60000543E-6,-200.00000298E-3,2.5380001
153.80000696E-6,-200.00000298E-3,2.5400002
154.00000848E-6,-200.00000298E-3,2.5360000
154.19999545E-6,0.0,2.5480001
154.39999697E-6,-200.00000298E-3,2.5440001
154.59999850E-6,-200.00000298E-3,2.5440001
154.80000002E-6,0.0,2.5400002
155.00000154E-6,-200.00000298E-3,2.5460000
155.20000306E-6,-200.00000298E-3,2.5420001
155.40000459E-6,-200.00000298E-3,2.5480001
155.60000611E-6,200.00000298E-3,2.5460000
155.80000763E-6,-200.00000298E-3,2.5420001
156.00000916E-6,0.0,2.5380001
156.19999613E-6,200.00000298E-3,2.5460000
156.39999765E-6,-400.00000596E-3,2.5460000
156.59999917E-6,-400.00000596E-3,2.5460000
156.80000070E-6,0.0,2.5360000
157.00000222E-6,0.0,2.5400002
157.20000374E-6,0.0,2.5440001
157.40000526E-6,0.0,2.5420001
157.60000679E-6,-200.00000298E-3,2.5440001
157.80000831E-6,0.0,2.5420001
158.00000983E-6,0.0,2.5440001
158.19999680E-6,0.0,2.5440001
158.39999833E-6,-200.00000298E-3,2.5480001
158.59999985E-6,0.0,2.5500002
158.80000137E-6,-600.000023842E-3,2.5480001
159.00000290E-6,-200.00000298E-3,2.5480001
159.20000442E-6,-200.00000298E-3,2.5380001
159.40000594E-6,0.0,2.5420001
159.60000746E-6,0.0,2.5460000
159.80000899E-6,-200.00000298E-3,2.5480001
159.99999596E-6,0.0,2.5440001
160.19999748E-6,-200.00000298E-3,2.5440001
160.39999900E-6,-200.00000298E-3,2.5500002
160.60000053E-6,-200.00000298E-3,2.5460000
160.80000205E-6,-200.00000298E-3,2.5420001
161.00000357E-6,-200.00000298E-3,2.5480001
161.20000510E-6,-200.00000298E-3,2.5440001
161.40000662E-6,-200.00000298E-3,2.5360000
161.60000814E-6,-200.00000298E-3,2.5460000
161.80000966E-6,-400.00000596E-3,2.5380001
161.99999664E-6,-200.00000298E-3,2.5440001
162.19999816E-6,0.0,2.5440001
162.39999968E-6,-200.00000298E-3,2.5420001
162.60000120E-6,-200.00000298E-3,2.5440001
162.80000273E-6,0.0,2.5320001
163.00000425E-6,0.0,2.5420001
163.20000577E-6,-200.00000298E-3,2.5420001
163.40000730E-6,200.00000298E-3,2.5420001
163.60000882E-6,-200.00000298E-3,2.5420001
163.79999579E-6,-200.00000298E-3,2.5480001
163.99999731E-6,0.0,2.5420001
164.19999884E-6,-200.00000298E-3,2.5420001
164.40000036E-6,-200.00000298E-3,2.5460000
164.60000188E-6,200.00000298E-3,2.5440001
164.80000340E-6,-200.00000298E-3,2.5400002
165.00000493E-6,-200.00000298E-3,2.5440001
165.20000645E-6,0.0,2.5340002
165.40000797E-6,-400.00000596E-3,2.5500002
165.60000950E-6,0.0,2.5420001
165.79999647E-6,-200.00000298E-3,2.5500002
165.99999799E-6,0.0,2.5440001
166.19999951E-6,-200.00000298E-3,2.5480001
166.40000104E-6,0.0,2.5480001
166.60000256E-6,-200.00000298E-3,2.5420001
166.80000408E-6,-400.00000596E-3,2.5380001
167.00000560E-6,-200.00000298E-3,2.5460000
167.20000713E-6,-200.00000298E-3,2.5480001
167.40000865E-6,-200.00000298E-3,2.5480001
167.59999562E-6,0.0,2.5420001
167.79999714E-6,200.00000298E-3,2.5400002
167.99999867E-6,200.00000298E-3,2.5400002
168.20000019E-6,-200.00000298E-3,2.5420001
168.40000171E-6,200.00000298E-3,2.5420001
168.60000324E-6,0.0,2.5400002
168.80000476E-6,-200.00000298E-3,2.5420001
169.00000628E-6,-200.00000298E-3,2.5460000
169.20000780E-6,-200.00000298E-3,2.5360000
169.40000933E-6,-200.00000298E-3,2.5460000
169.59999630E-6,0.0,2.5380001
169.79999782E-6,-200.00000298E-3,2.5400002
169.99999934E-6,200.00000298E-3,2.5420001
170.20000087E-6,-200.00000298E-3,2.5480001
170.40000239E-6,-200.00000298E-3,2.5400002
170.60000391E-6,-200.00000298E-3,2.5400002
170.80000544E-6,-400.00000596E-3,2.5460000
171.00000696E-6,0.0,2.5400002
171.20000848E-6,0.0,2.5440001
171.40001000E-6,0.0,2.5420001
171.59999697E-6,-200.00000298E-3,2.5360000
171.79999850E-6,-400.00000596E-3,2.5460000
172.00000002E-6,0.0,2.5420001
172.20000154E-6,-200.00000298E-3,2.5500002
172.40000307E-6,-200.00000298E-3,2.5540001
172.60000459E-6,-200.00000298E-3,2.5460000
172.80000611E-6,-200.00000298E-3,2.5440001
173.00000763E-6,0.0,2.5360000
173.20000916E-6,-200.00000298E-3,2.5380001
173.39999613E-6,0.0,2.5420001
173.59999765E-6,0.0,2.5460000
173.79999917E-6,0.0,2.5400002
174.00000070E-6,200.00000298E-3,2.5500002
174.20000222E-6,-200.00000298E-3,2.5420001
174.40000374E-6,0.0,2.5500002
174.60000527E-6,-200.00000298E-3,2.5480001
174.80000679E-6,-200.00000298E-3,2.5460000
175.00000831E-6,-200.00000298E-3,2.5440001
175.20000983E-6,-400.00000596E-3,2.5460000
175.39999681E-6,0.0,2.5440001
175.59999833E-6,0.0,2.5460000
175.79999985E-6,0.0,2.5440001
176.00000137E-6,-200.00000298E-3,2.5420001
176.20000290E-6,-200.00000298E-3,2.5480001
176.40000442E-6,-200.00000298E-3,2.5420001
176.60000594E-6,0.0,2.5380001
176.80000747E-6,0.0,2.5480001
177.00000899E-6,-200.00000298E-3,2.5420001
177.19999596E-6,0.0,2.5440001
177.39999748E-6,0.0,2.5440001
177.59999901E-6,-200.00000298E-3,2.5420001
177.80000053E-6,200.00000298E-3,2.5440001
178.00000205E-6,-200.00000298E-3,2.5380001
178.20000357E-6,-400.00000596E-3,2.5440001
178.40000510E-6,-200.00000298E-3,2.5440001
178.60000662E-6,-200.00000298E-3,2.5440001
178.80000814E-6,-200.00000298E-3,2.5440001
179.00000967E-6,0.0,2.5380001
179.19999664E-6,-200.00000298E-3,2.5500002
179.39999816E-6,-200.00000298E-3,2.5500002
179.59999968E-6,0.0,2.5480001
179.80000121E-6,0.0,2.5440001
180.00000273E-6,0.0,2.5460000
180.20000425E-6,-200.00000298E-3,2.5480001
180.40000577E-6,0.0,2.5460000
180.60000730E-6,0.0,2.5380001
180.80000882E-6,0.0,2.5420001
180.99999579E-6,0.0,2.5380001
181.19999731E-6,0.0,2.5380001
181.39999884E-6,-200.00000298E-3,2.5400002
181.60000036E-6,0.0,2.5360000
181.80000188E-6,-200.00000298E-3,2.5420001
182.00000341E-6,-200.00000298E-3,2.5420001
182.20000493E-6,200.00000298E-3,2.5360000
182.40000645E-6,0.0,2.5440001
182.60000797E-6,0.0,2.5440001
182.80000950E-6,0.0,2.5420001
182.99999647E-6,0.0,2.5440001
183.19999799E-6,0.0,2.5360000
183.39999951E-6,-200.00000298E-3,2.5380001
183.60000104E-6,0.0,2.5380001
183.80000256E-6,0.0,2.5420001
184.00000408E-6,-200.00000298E-3,2.5440001
184.20000561E-6,0.0,2.5400002
184.40000713E-6,-400.00000596E-3,2.5400002
184.60000865E-6,-200.00000298E-3,2.5460000
184.80001017E-6,-200.00000298E-3,2.5380001
184.99999715E-6,0.0,2.5400002
185.19999867E-6,0.0,2.5500002
185.40000019E-6,-200.00000298E-3,2.5420001
185.60000171E-6,0.0,2.5480001
185.80000324E-6,-200.00000298E-3,2.5480001
186.00000476E-6,-200.00000298E-3,2.5520000
186.20000628E-6,0.0,2.5480001
186.40000781E-6,-200.00000298E-3,2.5360000
186.60000933E-6,0.0,2.5440001
186.79999630E-6,0.0,2.5380001
186.99999782E-6,-200.00000298E-3,2.5440001
187.19999935E-6,0.0,2.5380001
187.40000087E-6,0.0,2.5360000
187.60000239E-6,200.00000298E-3,2.5380001
187.80000391E-6,-200.00000298E-3,2.5460000
188.00000544E-6,200.00000298E-3,2.5480001
188.20000696E-6,0.0,2.5380001
188.40000848E-6,0.0,2.5300002
188.60001001E-6,0.0,2.5440001
188.79999698E-6,-200.00000298E-3,2.5320001
188.99999850E-6,-200.00000298E-3,2.5420001
189.20000002E-6,0.0,2.5440001
189.40000155E-6,0.0,2.5360000
189.60000307E-6,0.0,2.5420001
189.80000459E-6,0.0,2.5400002
190.00000611E-6,0.0,2.5360000
190.20000764E-6,-200.00000298E-3,2.5400002
190.40000916E-6,0.0,2.5360000
190.59999613E-6,-200.00000298E-3,2.5360000
190.79999765E-6,0.0,2.5360000
190.99999918E-6,0.0,2.5380001
191.20000070E-6,0.0,2.5360000
191.40000222E-6,-400.00000596E-3,2.5360000
191.60000375E-6,-200.00000298E-3,2.5420001
191.80000527E-6,-200.00000298E-3,2.5360000
192.00000679E-6,0.0,2.5480001
192.20000831E-6,0.0,2.5420001
192.40000984E-6,200.00000298E-3,2.5380001
192.59999681E-6,200.00000298E-3,2.5320001
192.79999833E-6,0.0,2.5380001
192.99999985E-6,-200.00000298E-3,2.5340002
193.20000138E-6,-200.00000298E-3,2.5380001
193.40000290E-6,-200.00000298E-3,2.5420001
193.60000442E-6,0.0,2.5420001
193.80000595E-6,200.00000298E-3,2.5380001
194.00000747E-6,-200.00000298E-3,2.5400002
194.20000899E-6,-200.00000298E-3,2.5320001
194.39999596E-6,-200.00000298E-3,2.5360000
194.59999749E-6,-400.00000596E-3,2.5440001
194.79999901E-6,0.0,2.5360000
195.00000053E-6,-400.00000596E-3,2.5380001
195.20000205E-6,0.0,2.5320001
195.40000358E-6,0.0,2.5400002
195.60000510E-6,200.00000298E-3,2.5460000
195.80000662E-6,0.0,2.5400002
196.00000815E-6,-400.00000596E-3,2.5420001
196.20000967E-6,-200.00000298E-3,2.5380001
196.39999664E-6,0.0,2.5360000
196.59999816E-6,-200.00000298E-3,2.5300002
196.79999969E-6,-200.00000298E-3,2.5420001
197.00000121E-6,0.0,2.5320001
197.20000273E-6,0.0,2.5320001
197.40000425E-6,0.0,2.5420001
197.60000578E-6,0.0,2.5380001
197.80000730E-6,-200.00000298E-3,2.5400002
198.00000882E-6,-200.00000298E-3,2.5320001
198.20001035E-6,-200.00000298E-3,2.5380001
198.39999732E-6,-400.00000596E-3,2.5340002
198.59999884E-6,0.0,2.5380001
198.80000036E-6,-200.00000298E-3,2.5320001
199.00000188E-6,0.0,2.5300002
199.20000341E-6,-200.00000298E-3,2.5360000
199.40000493E-6,0.0,2.5340002
199.60000645E-6,-200.00000298E-3,2.5340002
199.80000798E-6,-200.00000298E-3,2.5340002
200.00000950E-6,0.0,2.5280001
200.19999647E-6,0.0,2.5320001
200.39999799E-6,-200.00000298E-3,2.5300002
200.59999952E-6,0.0,2.5340002
200.80000104E-6,0.0,2.5320001
201.00000256E-6,200.00000298E-3,2.5420001
201.20000408E-6,0.0,2.5440001
201.40000561E-6,4.59999990,2.5400002
201.60000713E-6,4.40000010,2.5360000
201.80000865E-6,4.40000010,2.5380001
202.00001018E-6,4.59999990,2.5240002
202.19999715E-6,4.59999990,2.4920001
202.39999867E-6,4.40000010,2.5720000
202.60000019E-6,4.40000010,2.5260000
202.80000172E-6,4.40000010,2.5480001
203.00000324E-6,4.59999990,2.5380001
203.20000476E-6,4.59999990,2.5280001
203.40000628E-6,4.40000010,2.5300002
203.60000781E-6,4.59999990,2.5300002
203.80000933E-6,4.20000029,2.5300002
203.99999630E-6,4.20000029,2.5280001
204.19999782E-6,4.40000010,2.5360000
204.39999935E-6,4.40000010,2.5260000
204.60000087E-6,4.40000010,2.5320001
204.80000239E-6,4.80000019,2.5320001
205.00000392E-6,4.59999990,2.5320001
205.20000544E-6,4.20000029,2.5300002
205.40000696E-6,4.20000029,2.5280001
205.60000848E-6,4.20000029,2.5340002
205.80001001E-6,4.40000010,2.5360000
205.99999698E-6,4.59999990,2.5380001
206.19999850E-6,4.40000010,2.5280001
206.40000002E-6,4.40000010,2.5320001
206.60000155E-6,4.40000010,2.5380001
206.80000307E-6,4.40000010,2.5300002
207.00000459E-6,4.59999990,2.5340002
207.20000612E-6,4.80000019,2.5300002
207.40000764E-6,4.80000019,2.5340002
207.60000916E-6,4.40000010,2.5300002
207.79999613E-6,4.40000010,2.5320001
207.99999766E-6,4.80000019,2.5300002
208.19999918E-6,4.80000019,2.5220001
208.40000070E-6,4.40000010,2.5280001
208.60000222E-6,4.40000010,2.5320001
208.80000375E-6,4.59999990,2.5340002
209.00000527E-6,4.40000010,2.5300002
209.20000679E-6,4.40000010,2.5280001
209.40000832E-6,4.40000010,2.5420001
209.60000984E-6,4.59999990,2.5200002
209.79999681E-6,4.59999990,2.5280001
209.99999833E-6,4.40000010,2.5300002
210.19999986E-6,4.59999990,2.5260000
210.40000138E-6,4.40000010,2.5300002
210.60000290E-6,4.40000010,2.5280001
210.80000442E-6,4.59999990,2.5280001
211.00000595E-6,4.80000019,2.5280001
211.20000747E-6,4.40000010,2.5260000
211.40000899E-6,4.20000029,2.5340002
211.60001052E-6,4.59999990,2.5280001
211.79999749E-6,4.59999990,2.5280001
211.99999901E-6,4.59999990,2.5280001
212.20000053E-6,4.40000010,2.5300002
212.40000206E-6,4.80000019,2.5280001
212.60000358E-6,4.40000010,2.5300002
212.80000510E-6,4.40000010,2.5260000
213.00000662E-6,4.20000029,2.5280001
213.20000815E-6,4.59999990,2.5220001
213.40000967E-6,4.40000010,2.5280001
213.59999664E-6,4.59999990,2.5300002
213.79999816E-6,4.40000010,2.5260000
213.99999969E-6,4.20000029,2.5240002
214.20000121E-6,4.20000029,2.5180001
214.40000273E-6,4.59999990,2.5340002
214.60000426E-6,4.20000029,2.5300002
214.80000578E-6,4.40000010,2.5300002
215.00000730E-6,4.40000010,2.5300002
215.20000882E-6,4.40000010,2.5340002
215.40001035E-6,4.59999990,2.5220001
215.59999732E-6,4.80000019,2.5260000
215.79999884E-6,4.20000029,2.5300002
216.00000036E-6,4.59999990,2.5240002
216.20000189E-6,4.59999990,2.5400002
216.40000341E-6,4.59999990,2.5340002
216.60000493E-6,4.40000010,2.5340002
216.80000646E-6,4.59999990,2.5340002
217.00000798E-6,4.40000010,2.5320001
217.20000950E-6,4.40000010,2.5280001
217.39999647E-6,4.20000029,2.5260000
217.59999800E-6,4.40000010,2.5360000
217.79999952E-6,4.40000010,2.5260000
218.00000104E-6,4.40000010,2.5320001
218.20000256E-6,4.59999990,2.5320001
218.40000409E-6,4.59999990,2.5320001
218.60000561E-6,4.20000029,2.5300002
218.80000713E-6,4.59999990,2.5300002
219.00000866E-6,4.40000010,2.5340002
219.20001018E-6,4.40000010,2.5280001
219.39999715E-6,4.59999990,2.5320001
219.59999867E-6,4.20000029,2.5300002
219.80000020E-6,4.59999990,2.5420001
220.00000172E-6,4.20000029,2.5340002
220.20000324E-6,4.40000010,2.5260000
220.40000476E-6,4.59999990,2.5300002
220.60000629E-6,4.40000010,2.5320001
220.80000781E-6,4.59999990,2.5280001
221.00000933E-6,4.59999990,2.5340002
221.19999630E-6,4.40000010,2.5260000
221.39999783E-6,4.40000010,2.5220001
221.59999935E-6,4.59999990,2.5300002
221.80000087E-6,4.59999990,2.5300002
222.00000240E-6,4.40000010,2.5280001
222.20000392E-6,4.40000010,2.5280001
222.40000544E-6,4.59999990,2.5320001
222.60000696E-6,4.40000010,2.5360000
222.80000849E-6,4.59999990,2.5240002
223.00001001E-6,4.40000010,2.5340002
223.19999698E-6,4.40000010,2.5340002
223.39999850E-6,4.59999990,2.5340002
223.60000003E-6,4.40000010,2.5300002
223.80000155E-6,4.40000010,2.5260000
224.00000307E-6,4.59999990,2.5300002
224.20000460E-6,4.59999990,2.5260000
224.40000612E-6,4.59999990,2.5300002
224.60000764E-6,4.40000010,2.5260000
224.80000916E-6,4.40000010,2.5260000
225.00001069E-6,4.40000010,2.5380001
225.19999766E-6,4.59999990,2.5240002
225.39999918E-6,4.40000010,2.5240002
225.60000070E-6,4.40000010,2.5300002
225.80000223E-6,4.40000010,2.5280001
226.00000375E-6,4.40000010,2.5320001
226.20000527E-6,4.20000029,2.5260000
226.40000680E-6,4.59999990,2.5280001
226.60000832E-6,4.59999990,2.5280001
226.80000984E-6,4.59999990,2.5240002
226.99999681E-6,4.59999990,2.5260000
227.19999833E-6,4.40000010,2.5280001
227.39999986E-6,4.40000010,2.5280001
227.60000138E-6,4.20000029,2.5320001
227.80000290E-6,4.40000010,2.5300002
228.00000443E-6,4.20000029,2.5320001
228.20000595E-6,4.40000010,2.5280001
228.40000747E-6,4.40000010,2.5360000
228.60000900E-6,4.20000029,2.5340002
228.80001052E-6,4.59999990,2.5300002
228.99999749E-6,4.59999990,2.5280001
229.19999901E-6,4.40000010,2.5220001
229.40000053E-6,4.59999990,2.5300002
229.60000206E-6,4.59999990,2.5360000
229.80000358E-6,4.59999990,2.5340002
230.00000510E-6,4.40000010,2.5300002
230.20000663E-6,4.59999990,2.5320001
230.40000815E-6,4.59999990,2.5320001
230.60000967E-6,4.59999990,2.5200002
230.79999664E-6,4.40000010,2.5300002
230.99999817E-6,4.59999990,2.5360000
231.19999969E-6,4.20000029,2.5260000
231.40000121E-6,4.40000010,2.5280001
231.60000273E-6,4.40000010,2.5300002
231.80000426E-6,4.40000010,2.5300002
232.00000578E-6,4.59999990,2.5340002
232.20000730E-6,4.59999990,2.5280001
232.40000883E-6,4.40000010,2.5300002
232.60001035E-6,4.40000010,2.5300002
232.79999732E-6,4.80000019,2.5280001
232.99999884E-6,4.59999990,2.5340002
233.20000037E-6,4.59999990,2.5280001
233.40000189E-6,4.20000029,2.5300002
233.60000341E-6,4.40000010,2.5400002
233.80000493E-6,4.40000010,2.5280001
234.00000646E-6,4.40000010,2.5360000
234.20000798E-6,4.40000010,2.5360000
234.40000950E-6,4.40000010,2.5280001
234.59999647E-6,4.40000010,2.5300002
234.79999800E-6,4.20000029,2.5320001
234.99999952E-6,4.20000029,2.5360000
235.20000104E-6,4.80000019,2.5340002
235.40000257E-6,4.59999990,2.5300002
235.60000409E-6,4.40000010,2.5380001
235.80000561E-6,4.40000010,2.5320001
236.00000713E-6,4.59999990,2.5320001
236.20000866E-6,4.80000019,2.5360000
236.40001018E-6,4.40000010,2.5340002
236.59999715E-6,4.59999990,2.5320001
236.79999867E-6,4.20000029,2.5380001
237.00000020E-6,4.40000010,2.5300002
237.20000172E-6,4.40000010,2.5320001
237.40000324E-6,4.59999990,2.5220001
237.60000477E-6,4.40000010,2.5320001
237.80000629E-6,4.40000010,2.5300002
238.00000781E-6,4.40000010,2.5340002
238.20000933E-6,4.59999990,2.5280001
238.40001086E-6,4.40000010,2.5320001
238.59999783E-6,4.59999990,2.5320001
238.79999935E-6,4.40000010,2.5360000
239.00000087E-6,4.20000029,2.5280001
239.20000240E-6,4.59999990,2.5300002
239.40000392E-6,4.20000029,2.5360000
239.60000544E-6,4.59999990,2.5340002
239.80000697E-6,4.59999990,2.5340002
240.00000849E-6,4.40000010,2.5260000
240.20001001E-6,4.59999990,2.5360000
240.39999698E-6,4.40000010,2.5420001
240.59999851E-6,4.59999990,2.5400002
240.80000003E-6,4.40000010,2.5300002
241.00000155E-6,4.20000029,2.5340002
241.20000307E-6,4.59999990,2.5360000
241.40000460E-6,4.59999990,2.5320001
241.60000612E-6,4.59999990,2.5300002
241.80000764E-6,4.40000010,2.5320001
242.00000917E-6,4.40000010,2.5420001
242.20001069E-6,4.59999990,2.5300002
242.39999766E-6,4.40000010,2.5380001
242.59999918E-6,4.40000010,2.5340002
242.80000071E-6,4.40000010,2.5280001
243.00000223E-6,4.40000010,2.5360000
243.20000375E-6,4.40000010,2.5280001
243.40000527E-6,4.40000010,2.5300002
243.60000680E-6,4.40000010,2.5340002
243.80000832E-6,4.40000010,2.5360000
244.00000984E-6,4.40000010,2.5320001
244.19999681E-6,4.59999990,2.5360000
244.39999834E-6,4.20000029,2.5340002
244.59999986E-6,4.59999990,2.5420001
244.80000138E-6,4.59999990,2.5320001
245.00000291E-6,4.40000010,2.5320001
245.20000443E-6,4.20000029,2.5340002
245.40000595E-6,4.40000010,2.5340002
245.60000747E-6,4.59999990,2.5340002
245.80000900E-6,4.59999990,2.5380001
246.00001052E-6,4.20000029,2.5400002
246.20001204E-6,4.20000029,2.5400002
246.40001357E-6,4.40000010,2.5480001
246.60001509E-6,4.40000010,2.5340002
246.80001661E-6,4.59999990,2.5400002
247.00001813E-6,4.59999990,2.5360000
247.19999055E-6,4.59999990,2.5360000
247.39999208E-6,4.40000010,2.5400002
247.59999360E-6,4.59999990,2.5360000
247.79999512E-6,4.59999990,2.5380001
247.99999665E-6,4.40000010,2.5480001
248.19999817E-6,4.59999990,2.5360000
248.39999969E-6,4.40000010,2.5400002
248.60000121E-6,4.40000010,2.5400002
248.80000274E-6,4.40000010,2.5360000
249.00000426E-6,4.40000010,2.5400002
249.20000578E-6,4.59999990,2.5420001
249.40000731E-6,4.40000010,2.5460000
249.60000883E-6,4.40000010,2.5500002
249.80001035E-6,4.40000010,2.5400002
250.00001187E-6,4.40000010,2.5400002
250.20001340E-6,4.80000019,2.5400002
250.40001492E-6,4.20000029,2.5480001
250.60001644E-6,4.40000010,2.5440001
250.80001797E-6,4.40000010,2.5480001
250.99999039E-6,4.20000029,2.5400002
251.19999191E-6,4.40000010,2.5420001
251.39999343E-6,-400.00000596E-3,2.5340002
251.59999495E-6,0.0,2.5360000
251.79999648E-6,0.0,2.5400002
251.99999800E-6,-200.00000298E-3,2.5360000
252.19999952E-6,-200.00000298E-3,2.5320001
252.40000105E-6,-400.00000596E-3,2.5360000
252.60000257E-6,0.0,2.5360000
252.80000409E-6,0.0,2.5400002
253.00000561E-6,0.0,2.5400002
253.20000714E-6,0.0,2.5340002
253.40000866E-6,0.0,2.5480001
253.60001018E-6,0.0,2.5400002
253.80001171E-6,0.0,2.5400002
254.00001323E-6,-200.00000298E-3,2.5440001
254.20001475E-6,-400.00000596E-3,2.5420001
254.40001627E-6,-200.00000298E-3,2.5400002
254.60001780E-6,-400.00000596E-3,2.5440001
254.79999022E-6,0.0,2.5460000
254.99999174E-6,200.00000298E-3,2.5460000
255.19999326E-6,200.00000298E-3,2.5480001
255.39999478E-6,-400.00000596E-3,2.5460000
255.59999631E-6,-200.00000298E-3,2.5400002
255.79999783E-6,200.00000298E-3,2.5460000
255.99999935E-6,0.0,2.5460000
256.20000088E-6,-200.00000298E-3,2.5420001
256.40000240E-6,0.0,2.5440001
256.60000392E-6,-200.00000298E-3,2.5420001
256.80000545E-6,0.0,2.5460000
257.00000697E-6,0.0,2.5480001
257.20000849E-6,0.0,2.5460000
257.40001001E-6,0.0,2.5520000
257.60001154E-6,-200.00000298E-3,2.5480001
257.80001306E-6,-400.00000596E-3,2.5500002
258.00001458E-6,0.0,2.5460000
258.20001611E-6,-200.00000298E-3,2.5380001
258.40001763E-6,-200.00000298E-3,2.5420001
258.59999005E-6,0.0,2.5520000
258.79999157E-6,-200.00000298E-3,2.5520000
258.99999309E-6,-200.00000298E-3,2.5500002
259.19999462E-6,-200.00000298E-3,2.5480001
259.39999614E-6,-200.00000298E-3,2.5460000
259.59999766E-6,-200.00000298E-3,2.5380001
259.79999918E-6,200.00000298E-3,2.5400002
260.00000071E-6,-200.00000298E-3,2.5500002
260.20000223E-6,0.0,2.5440001
260.40000375E-6,0.0,2.5540001
260.60000528E-6,-200.00000298E-3,2.5360000
260.80000680E-6,-200.00000298E-3,2.5400002
261.00000832E-6,-200.00000298E-3,2.5460000
261.20000985E-6,200.00000298E-3,2.5400002
261.40001137E-6,0.0,2.5420001
261.60001289E-6,0.0,2.5520000
261.80001441E-6,-200.00000298E-3,2.5420001
262.00001594E-6,200.00000298E-3,2.5480001
262.20001746E-6,-200.00000298E-3,2.5520000
262.39998988E-6,0.0,2.5460000
262.59999140E-6,0.0,2.5480001
262.79999292E-6,-200.00000298E-3,2.5440001
262.99999445E-6,0.0,2.5440001
263.19999597E-6,-200.00000298E-3,2.5420001
263.39999749E-6,-200.00000298E-3,2.5360000
263.59999902E-6,0.0,2.5440001
263.80000054E-6,0.0,2.5460000
264.00000206E-6,-200.00000298E-3,2.5380001
264.20000358E-6,200.00000298E-3,2.5420001
264.40000511E-6,-400.00000596E-3,2.5440001
264.60000663E-6,-200.00000298E-3,2.5460000
264.80000815E-6,0.0,2.5380001
265.00000968E-6,-200.00000298E-3,2.5500002
265.20001120E-6,-200.00000298E-3,2.5500002
265.40001272E-6,0.0,2.5480001
265.60001425E-6,-200.00000298E-3,2.5440001
265.80001577E-6,0.0,2.5400002
266.00001729E-6,0.0,2.5460000
266.19998971E-6,-200.00000298E-3,2.5420001
266.39999123E-6,0.0,2.5400002
266.59999276E-6,0.0,2.5520000
266.79999428E-6,200.00000298E-3,2.5440001
266.99999580E-6,0.0,2.5420001
267.19999732E-6,0.0,2.5440001
267.39999885E-6,0.0,2.5440001
267.60000037E-6,-200.00000298E-3,2.5380001
267.80000189E-6,0.0,2.5480001
268.00000342E-6,-200.00000298E-3,2.5400002
268.20000494E-6,0.0,2.5500002
268.40000646E-6,-200.00000298E-3,2.5420001
268.60000798E-6,-200.00000298E-3,2.5400002
268.80000951E-6,0.0,2.5460000
269.00001103E-6,0.0,2.5480001
269.20001255E-6,0.0,2.5440001
269.40001408E-6,0.0,2.5500002
269.60001560E-6,0.0,2.5480001
269.80001712E-6,0.0,2.5440001
269.99998954E-6,0.0,2.5440001
270.19999106E-6,0.0,2.5500002
270.39999259E-6,200.00000298E-3,2.5440001
270.59999411E-6,0.0,2.5400002
270.79999563E-6,-400.00000596E-3,2.5500002
270.99999716E-6,-400.00000596E-3,2.5420001
271.19999868E-6,0.0,2.5420001
271.40000020E-6,0.0,2.5500002
271.60000172E-6,0.0,2.5380001
271.80000325E-6,0.0,2.5460000
272.00000477E-6,-200.00000298E-3,2.5400002
272.20000629E-6,0.0,2.5420001
272.40000782E-6,-200.00000298E-3,2.5400002
272.60000934E-6,-200.00000298E-3,2.5400002
272.80001086E-6,0.0,2.5380001
273.00001238E-6,0.0,2.5480001
273.20001391E-6,-200.00000298E-3,2.5480001
273.40001543E-6,-200.00000298E-3,2.5400002
273.60001695E-6,-200.00000298E-3,2.5380001
273.80001848E-6,-400.00000596E-3,2.5420001
273.99999090E-6,-200.00000298E-3,2.5480001
274.19999242E-6,-200.00000298E-3,2.5440001
274.39999394E-6,-400.00000596E-3,2.5360000
274.59999546E-6,-200.00000298E-3,2.5400002
274.79999699E-6,200.00000298E-3,2.5400002
274.99999851E-6,-200.00000298E-3,2.5380001
275.20000003E-6,-200.00000298E-3,2.5420001
275.40000156E-6,-200.00000298E-3,2.5380001
275.60000308E-6,200.00000298E-3,2.5400002
275.80000460E-6,0.0,2.5380001
276.00000612E-6,-200.00000298E-3,2.5440001
276.20000765E-6,0.0,2.5400002
276.40000917E-6,0.0,2.5380001
276.60001069E-6,0.0,2.5440001
276.80001222E-6,0.0,2.5480001
277.00001374E-6,-200.00000298E-3,2.5400002
277.20001526E-6,0.0,2.5400002
277.40001678E-6,-200.00000298E-3,2.5440001
277.60001831E-6,-200.00000298E-3,2.5400002
277.79999073E-6,-200.00000298E-3,2.5380001
277.99999225E-6,-200.00000298E-3,2.5400002
278.19999377E-6,0.0,2.5440001
278.39999530E-6,0.0,2.5480001
278.59999682E-6,-200.00000298E-3,2.5460000
278.79999834E-6,-200.00000298E-3,2.5440001
278.99999986E-6,-200.00000298E-3,2.5400002
279.20000139E-6,-400.00000596E-3,2.5420001
279.40000291E-6,-200.00000298E-3,2.5460000
279.60000443E-6,-200.00000298E-3,2.5420001
279.80000596E-6,0.0,2.5420001
