-499.999965541E-6,4.40000010,11.8160009
-499.599962495E-6,4.59999990,11.8160009
-499.199959449E-6,4.40000010,11.8240004
-498.799956404E-6,4.59999990,11.8240004
-498.399953358E-6,4.40000010,11.8640003
-497.999950312E-6,4.59999990,11.8160009
-497.599947266E-6,4.40000010,11.8320007
-497.199944220E-6,0.0,11.8720007
-496.799941175E-6,0.0,11.9280005
-496.399938129E-6,-200.00000298E-3,11.6000004
-495.999993291E-6,-200.00000298E-3,11.8640003
-495.599990245E-6,0.0,11.8880005
-495.199987199E-6,0.0,11.8720007
-494.799984153E-6,200.00000298E-3,11.8640003
-494.399981108E-6,0.0,11.8720007
-493.999978062E-6,200.00000298E-3,11.8640003
-493.599975016E-6,0.0,11.8720007
-493.199971970E-6,0.0,11.8720007
-492.799968924E-6,0.0,11.8640003
-492.399965879E-6,-200.00000298E-3,11.8720007
-491.999962833E-6,-200.00000298E-3,11.8640003
-491.599959787E-6,-200.00000298E-3,11.8720007
-491.199956741E-6,0.0,11.8560009
-490.799953695E-6,0.0,11.8720007
-490.399950650E-6,0.0,11.8720007
-489.999947604E-6,200.00000298E-3,11.8640003
-489.599944558E-6,-200.00000298E-3,11.8720007
-489.199941512E-6,-400.00000596E-3,11.8720007
-488.799938466E-6,-400.00000596E-3,11.8720007
-488.399993628E-6,0.0,11.8640003
-487.999961479E-6,200.00000298E-3,11.8560009
-487.599958433E-6,0.0,11.8720007
-487.199955387E-6,-200.00000298E-3,11.8640003
-486.799952341E-6,0.0,11.8560009
-486.399978399E-6,0.0,11.8640003
-485.999975353E-6,0.0,11.8640003
-485.599972308E-6,200.00000298E-3,11.8640003
-485.199969262E-6,0.0,11.8560009
-484.799966216E-6,-200.00000298E-3,11.8640003
-484.399963170E-6,0.0,11.8720007
-483.999960124E-6,200.00000298E-3,11.8560009
-483.599957079E-6,-200.00000298E-3,11.8640003
-483.199954033E-6,-200.00000298E-3,11.8720007
-482.799950987E-6,0.0,11.8640003
-482.399977045E-6,0.0,11.8640003
-481.999973999E-6,-200.00000298E-3,11.8640003
-481.599970954E-6,0.0,11.8640003
-481.199967908E-6,-200.00000298E-3,11.8560009
-480.799964862E-6,-200.00000298E-3,11.8720007
-480.399961816E-6,0.0,11.8560009
-479.999958770E-6,0.0,11.8640003
-479.599955725E-6,0.0,11.8640003
-479.199952679E-6,-200.00000298E-3,11.8720007
-478.799978737E-6,200.00000298E-3,11.8560009
-478.399975691E-6,0.0,11.8720007
-477.999972645E-6,-200.00000298E-3,11.8560009
-477.599969599E-6,-200.00000298E-3,11.8640003
-477.199966554E-6,-200.00000298E-3,11.8560009
-476.799963508E-6,-200.00000298E-3,11.8640003
-476.399960462E-6,0.0,11.8800001
-475.999957416E-6,0.0,11.8720007
-475.599954370E-6,-200.00000298E-3,11.8640003
-475.199951325E-6,-200.00000298E-3,11.8720007
-474.799977383E-6,-200.00000298E-3,11.8720007
-474.399974337E-6,-200.00000298E-3,11.8640003
-473.999971291E-6,0.0,11.8720007
-473.599968245E-6,0.0,11.8560009
-473.199965199E-6,-400.00000596E-3,11.8640003
-472.799962154E-6,-400.00000596E-3,11.8640003
-472.399959108E-6,-400.00000596E-3,11.8800001
-471.999956062E-6,-400.00000596E-3,11.8640003
-471.599953016E-6,0.0,11.8640003
-471.199979074E-6,-200.00000298E-3,11.8640003
-470.799976029E-6,-200.00000298E-3,11.8720007
-470.399972983E-6,0.0,11.8640003
-469.999969937E-6,0.0,11.8480005
-469.599966891E-6,-200.00000298E-3,11.8640003
-469.199963845E-6,-200.00000298E-3,11.8640003
-468.799960800E-6,-200.00000298E-3,11.8560009
-468.399957754E-6,0.0,11.8800001
-467.999954708E-6,-200.00000298E-3,11.8560009
-467.599951662E-6,0.0,11.8640003
-467.199977720E-6,0.0,11.8640003
-466.799974674E-6,-200.00000298E-3,11.8720007
-466.399971629E-6,0.0,11.8400002
-465.999968583E-6,0.0,11.8640003
-465.599965537E-6,0.0,11.8720007
-465.199962491E-6,0.0,11.8720007
-464.799959445E-6,200.00000298E-3,11.8640003
-464.399956400E-6,0.0,11.8640003
-463.999953354E-6,-400.00000596E-3,11.8560009
-463.599979412E-6,200.00000298E-3,11.8640003
-463.199976366E-6,0.0,11.8720007
-462.799973320E-6,0.0,11.8640003
-462.399970274E-6,-200.00000298E-3,11.8560009
-461.999967229E-6,-400.00000596E-3,11.8560009
-461.599964183E-6,-200.00000298E-3,11.8640003
-461.199961137E-6,-200.00000298E-3,11.8560009
-460.799958091E-6,0.0,11.8560009
-460.399955045E-6,0.0,11.8560009
-459.999952000E-6,0.0,11.8560009
-459.599978058E-6,0.0,11.8640003
-459.199975012E-6,-200.00000298E-3,11.8480005
-458.799971966E-6,-200.00000298E-3,11.8480005
-458.399968920E-6,-400.00000596E-3,11.8640003
-457.999965874E-6,-400.00000596E-3,11.8800001
-457.599962829E-6,0.0,11.8560009
-457.199959783E-6,-200.00000298E-3,11.8560009
-456.799956737E-6,-200.00000298E-3,11.8560009
-456.399953691E-6,0.0,11.8560009
-455.999950645E-6,-200.00000298E-3,11.8640003
-455.599976704E-6,-200.00000298E-3,11.8640003
-455.199973658E-6,-200.00000298E-3,11.8640003
-454.799970612E-6,200.00000298E-3,11.8720007
-454.399967566E-6,0.0,11.8640003
-453.999964520E-6,0.0,11.8560009
-453.599961475E-6,-200.00000298E-3,11.8480005
-453.199958429E-6,-200.00000298E-3,11.8640003
-452.799955383E-6,0.0,11.8560009
-452.399952337E-6,-200.00000298E-3,11.8480005
-451.999978395E-6,-200.00000298E-3,11.8560009
-451.599975349E-6,0.0,11.8560009
-451.199972304E-6,-200.00000298E-3,11.8640003
-450.799969258E-6,200.00000298E-3,11.8560009
-450.399966212E-6,0.0,11.8640003
-449.999963166E-6,-200.00000298E-3,11.8560009
-449.599960120E-6,0.0,11.8560009
-449.199957075E-6,0.0,11.8720007
-448.799954029E-6,200.00000298E-3,11.8640003
-448.399950983E-6,0.0,11.8560009
-447.999977041E-6,-200.00000298E-3,11.8560009
-447.599973995E-6,-200.00000298E-3,11.8720007
-447.199970949E-6,0.0,11.8640003
-446.799967904E-6,0.0,11.8560009
-446.399964858E-6,0.0,11.8640003
-445.999961812E-6,-200.00000298E-3,11.8640003
-445.599958766E-6,0.0,11.8560009
-445.199955720E-6,-200.00000298E-3,11.8560009
-444.799952675E-6,0.0,11.8560009
-444.399978733E-6,0.0,11.8640003
-443.999975687E-6,-400.00000596E-3,11.8560009
-443.599972641E-6,-200.00000298E-3,11.8720007
-443.199969595E-6,0.0,11.8560009
-442.799966550E-6,-200.00000298E-3,11.8560009
-442.399963504E-6,0.0,11.8640003
-441.999960458E-6,-200.00000298E-3,11.8320007
-441.599957412E-6,-200.00000298E-3,11.8560009
-441.199954366E-6,-200.00000298E-3,11.8560009
-440.799951321E-6,0.0,11.8720007
-440.399977379E-6,-200.00000298E-3,11.8640003
-439.999974333E-6,0.0,11.8560009
-439.599971287E-6,-200.00000298E-3,11.8720007
-439.199968241E-6,200.00000298E-3,11.8560009
-438.799965195E-6,-200.00000298E-3,11.8640003
-438.399962150E-6,-200.00000298E-3,11.8560009
-437.999959104E-6,0.0,11.8560009
-437.599956058E-6,-400.00000596E-3,11.8640003
-437.199953012E-6,-200.00000298E-3,11.8640003
-436.799979070E-6,200.00000298E-3,11.8720007
-436.399976024E-6,0.0,11.8480005
-435.999972979E-6,-400.00000596E-3,11.8560009
-435.599969933E-6,-200.00000298E-3,11.8560009
-435.199966887E-6,-200.00000298E-3,11.8560009
-434.799963841E-6,0.0,11.8560009
-434.399960795E-6,-200.00000298E-3,11.8640003
-433.999957750E-6,0.0,11.8560009
-433.599954704E-6,-200.00000298E-3,11.8480005
-433.199951658E-6,-200.00000298E-3,11.8480005
-432.799977716E-6,-400.00000596E-3,11.8560009
-432.399974670E-6,0.0,11.8560009
-431.999971624E-6,200.00000298E-3,11.8560009
-431.599968579E-6,-200.00000298E-3,11.8480005
-431.199965533E-6,200.00000298E-3,11.8400002
-430.799962487E-6,-200.00000298E-3,11.8640003
-430.399959441E-6,-400.00000596E-3,11.8480005
-429.999956395E-6,-200.00000298E-3,11.8480005
-429.599953350E-6,0.0,11.8480005
-429.199950304E-6,-200.00000298E-3,11.8560009
-428.799976362E-6,-400.00000596E-3,11.8560009
-428.399973316E-6,-200.00000298E-3,11.8640003
-427.999970270E-6,0.0,11.8560009
-427.599967225E-6,-200.00000298E-3,11.8480005
-427.199964179E-6,-200.00000298E-3,11.8480005
-426.799961133E-6,0.0,11.8560009
-426.399958087E-6,-200.00000298E-3,11.8560009
-425.999955041E-6,0.0,11.8480005
-425.599951996E-6,0.0,11.8560009
-425.199978054E-6,-200.00000298E-3,11.8560009
-424.799975008E-6,-200.00000298E-3,11.8560009
-424.399971962E-6,-200.00000298E-3,11.8480005
-423.999968916E-6,0.0,11.8560009
-423.599965870E-6,-200.00000298E-3,11.8480005
-423.199962825E-6,-200.00000298E-3,11.8560009
-422.799959779E-6,-400.00000596E-3,11.8560009
-422.399956733E-6,0.0,11.8560009
-421.999953687E-6,0.0,11.8400002
-421.599950641E-6,0.0,11.8480005
-421.199976699E-6,-600.000023842E-3,11.8560009
-420.799973654E-6,-400.00000596E-3,11.8400002
-420.399970608E-6,0.0,11.8480005
-419.999967562E-6,0.0,11.8560009
-419.599964516E-6,-200.00000298E-3,11.8560009
-419.199961470E-6,0.0,11.8480005
-418.799958425E-6,0.0,11.8560009
-418.399955379E-6,-200.00000298E-3,11.8480005
-417.999952333E-6,200.00000298E-3,11.8560009
-417.599978391E-6,0.0,11.8400002
-417.199975345E-6,-200.00000298E-3,11.8480005
-416.799972299E-6,-200.00000298E-3,11.8400002
-416.399969254E-6,-400.00000596E-3,11.8640003
-415.999966208E-6,-400.00000596E-3,11.8480005
-415.599963162E-6,-200.00000298E-3,11.8400002
-415.199960116E-6,0.0,11.8400002
-414.799957070E-6,-400.00000596E-3,11.8480005
-414.399954025E-6,-200.00000298E-3,11.8560009
-413.999950979E-6,0.0,11.8560009
-413.599977037E-6,-400.00000596E-3,11.8480005
-413.199973991E-6,-200.00000298E-3,11.8480005
-412.799970945E-6,-200.00000298E-3,11.8560009
-412.399967900E-6,200.00000298E-3,11.8560009
-411.999964854E-6,200.00000298E-3,11.8400002
-411.599961808E-6,-200.00000298E-3,11.8480005
-411.199958762E-6,0.0,11.8400002
-410.799955716E-6,0.0,11.8400002
-410.399952671E-6,-200.00000298E-3,11.8400002
-409.999978729E-6,-200.00000298E-3,11.8480005
-409.599975683E-6,-200.00000298E-3,11.8320007
-409.199972637E-6,-200.00000298E-3,11.8480005
-408.799969591E-6,0.0,11.8560009
-408.399966545E-6,-200.00000298E-3,11.8480005
-407.999963500E-6,0.0,11.8400002
-407.599960454E-6,-200.00000298E-3,11.8320007
-407.199957408E-6,0.0,11.8560009
-406.799954362E-6,0.0,11.8480005
-406.399951316E-6,0.0,11.8400002
-405.999977374E-6,0.0,11.8560009
-405.599974329E-6,-200.00000298E-3,11.8480005
-405.199971283E-6,-200.00000298E-3,11.8480005
-404.799968237E-6,0.0,11.8560009
-404.399965191E-6,-200.00000298E-3,11.8480005
-403.999962145E-6,-200.00000298E-3,11.8480005
-403.599959100E-6,0.0,11.8400002
-403.19995605E-6,0.0,11.8480005
-402.79995301E-6,-200.00000298E-3,11.8560009
-402.39994996E-6,-200.00000298E-3,11.8240004
-401.99997602E-6,-200.00000298E-3,11.8480005
-401.59997297E-6,-200.00000298E-3,11.8320007
-401.19996993E-6,0.0,11.8560009
-400.79996688E-6,-200.00000298E-3,11.8560009
-400.39996384E-6,0.0,11.8400002
-399.99996079E-6,0.0,11.8400002
-399.59995775E-6,-200.00000298E-3,11.8320007
-399.19995470E-6,-200.00000298E-3,11.8400002
-398.79995165E-6,-200.00000298E-3,11.8240004
-398.39997771E-6,0.0,11.8400002
-397.99997467E-6,-200.00000298E-3,11.8400002
-397.59997162E-6,0.0,11.7840004
-397.19996857E-6,0.0,11.8880005
-396.79996553E-6,0.0,11.8320007
-396.39996248E-6,-200.00000298E-3,11.8320007
-395.99995944E-6,-200.00000298E-3,11.8400002
-395.59995639E-6,-200.00000298E-3,11.8400002
-395.19995335E-6,-200.00000298E-3,11.8320007
-394.79995030E-6,-200.00000298E-3,11.8480005
-394.39997636E-6,0.0,11.8400002
-393.99997331E-6,-200.00000298E-3,11.8400002
-393.59997027E-6,-200.00000298E-3,11.8320007
-393.19996722E-6,-200.00000298E-3,11.8320007
-392.79996417E-6,-200.00000298E-3,11.8400002
-392.39996113E-6,0.0,11.8240004
-391.99995808E-6,-200.00000298E-3,11.8480005
-391.59995504E-6,0.0,11.8400002
-391.19995199E-6,-200.00000298E-3,11.8320007
-390.79997805E-6,0.0,11.8320007
-390.39997500E-6,200.00000298E-3,11.8240004
-389.99997196E-6,0.0,11.8320007
-389.59996891E-6,-200.00000298E-3,11.8400002
-389.19996587E-6,-200.00000298E-3,11.8400002
-388.79996282E-6,200.00000298E-3,11.8480005
-388.39995977E-6,0.0,11.8320007
-387.99995673E-6,-200.00000298E-3,11.8400002
-387.59995368E-6,0.0,11.8560009
-387.19995064E-6,-400.00000596E-3,11.8400002
-386.79997670E-6,-200.00000298E-3,11.8480005
-386.39997365E-6,-200.00000298E-3,11.8400002
-385.99997060E-6,0.0,11.8560009
-385.59996756E-6,-200.00000298E-3,11.8320007
-385.19996451E-6,-200.00000298E-3,11.8320007
-384.79996147E-6,-200.00000298E-3,11.8240004
-384.39995842E-6,0.0,11.8400002
-383.99995537E-6,-400.00000596E-3,11.8400002
-383.59995233E-6,200.00000298E-3,11.8320007
-383.19997839E-6,-200.00000298E-3,11.8400002
-382.79997534E-6,0.0,11.8400002
-382.39997230E-6,0.0,11.8400002
-381.99996925E-6,0.0,11.8640003
-381.59996620E-6,0.0,11.8320007
-381.19996316E-6,-200.00000298E-3,11.8320007
-380.79996011E-6,-200.00000298E-3,11.8320007
-380.39995707E-6,0.0,11.8320007
-379.99995402E-6,-400.00000596E-3,11.8320007
-379.59995097E-6,-200.00000298E-3,11.8320007
-379.19997703E-6,-200.00000298E-3,11.8400002
-378.79997399E-6,-200.00000298E-3,11.8400002
-378.39997094E-6,-200.00000298E-3,11.8480005
-377.99996790E-6,0.0,11.8320007
-377.59996485E-6,0.0,11.8240004
-377.19996180E-6,-200.00000298E-3,11.8480005
-376.79995876E-6,-200.00000298E-3,11.8400002
-376.39995571E-6,-200.00000298E-3,11.8320007
-375.99995267E-6,0.0,11.8400002
-375.59994962E-6,200.00000298E-3,11.8480005
-375.19997568E-6,0.0,11.8400002
-374.79997263E-6,-200.00000298E-3,11.8480005
-374.39996959E-6,-200.00000298E-3,11.8400002
-373.99996654E-6,0.0,11.8400002
-373.59996350E-6,-400.00000596E-3,11.8560009
-373.19996045E-6,-400.00000596E-3,11.8400002
-372.79995740E-6,200.00000298E-3,11.8240004
-372.39995436E-6,-200.00000298E-3,11.8400002
-371.99995131E-6,-200.00000298E-3,11.8320007
-371.59997737E-6,0.0,11.8480005
-371.19997432E-6,0.0,11.8400002
-370.79997128E-6,0.0,11.8320007
-370.39996823E-6,-200.00000298E-3,11.8320007
-369.99996519E-6,-200.00000298E-3,11.8320007
-369.59996214E-6,0.0,11.8400002
-369.19995910E-6,-200.00000298E-3,11.8400002
-368.79995605E-6,0.0,11.8400002
-368.39995300E-6,-200.00000298E-3,11.8400002
-367.99994996E-6,-400.00000596E-3,11.8320007
-367.59997602E-6,0.0,11.8480005
-367.19997297E-6,200.00000298E-3,11.8400002
-366.79996992E-6,-200.00000298E-3,11.8400002
-366.39996688E-6,0.0,11.8400002
-365.99996383E-6,-200.00000298E-3,11.8320007
-365.59996079E-6,-200.00000298E-3,11.8400002
-365.19995774E-6,0.0,11.8320007
-364.79995470E-6,200.00000298E-3,11.8400002
-364.39995165E-6,-200.00000298E-3,11.8320007
-363.99997771E-6,0.0,11.8400002
-363.59997466E-6,-200.00000298E-3,11.8400002
-363.19997162E-6,-200.00000298E-3,11.8240004
-362.79996857E-6,-200.00000298E-3,11.8400002
-362.39996552E-6,0.0,11.8400002
-361.99996248E-6,-200.00000298E-3,11.8400002
-361.59995943E-6,0.0,11.8320007
-361.19995639E-6,-200.00000298E-3,11.8320007
-360.79995334E-6,0.0,11.8320007
-360.39995030E-6,-200.00000298E-3,11.8320007
-359.99997635E-6,0.0,11.8240004
-359.59997331E-6,-200.00000298E-3,11.8320007
-359.19997026E-6,-200.00000298E-3,11.8320007
-358.79996722E-6,0.0,11.8400002
-358.39996417E-6,-200.00000298E-3,11.8320007
-357.99996112E-6,-200.00000298E-3,11.8240004
-357.59995808E-6,0.0,11.8560009
-357.19995503E-6,0.0,11.8320007
-356.79995199E-6,-400.00000596E-3,11.8320007
-356.39997805E-6,-200.00000298E-3,11.8240004
-355.99997500E-6,-200.00000298E-3,11.8400002
-355.59997195E-6,0.0,11.8320007
-355.19996891E-6,-200.00000298E-3,11.8320007
-354.79996586E-6,-200.00000298E-3,11.8240004
-354.39996282E-6,-400.00000596E-3,11.8320007
-353.99995977E-6,-200.00000298E-3,11.8400002
-353.59995672E-6,-200.00000298E-3,11.8400002
-353.19995368E-6,0.0,11.8400002
-352.79995063E-6,-200.00000298E-3,11.7200003
-352.39997669E-6,0.0,11.8720007
-351.99997365E-6,0.0,11.8240004
-351.59997060E-6,0.0,11.8320007
-351.19996755E-6,0.0,11.8320007
-350.79996451E-6,-200.00000298E-3,11.8320007
-350.39996146E-6,-200.00000298E-3,11.8400002
-349.99995842E-6,-200.00000298E-3,11.8320007
-349.59995537E-6,-400.00000596E-3,11.8320007
-349.19995232E-6,0.0,11.8400002
-348.79994928E-6,0.0,11.8320007
-348.39997534E-6,-600.000023842E-3,11.8320007
-347.99997229E-6,-200.00000298E-3,11.8240004
-347.59996925E-6,-200.00000298E-3,11.8320007
-347.19996620E-6,0.0,11.8320007
-346.79996315E-6,0.0,11.8320007
-346.39996011E-6,0.0,11.8240004
-345.99995706E-6,200.00000298E-3,11.8320007
-345.59995402E-6,-200.00000298E-3,11.8240004
-345.19995097E-6,-200.00000298E-3,11.8320007
-344.79997703E-6,0.0,11.8240004
-344.39997398E-6,-400.00000596E-3,11.8480005
-343.99997094E-6,-200.00000298E-3,11.8320007
-343.59996789E-6,-400.00000596E-3,11.8320007
-343.19996485E-6,200.00000298E-3,11.8240004
-342.79996180E-6,200.00000298E-3,11.8320007
-342.39995875E-6,-400.00000596E-3,11.8400002
-341.99995571E-6,-200.00000298E-3,11.8320007
-341.59995266E-6,-200.00000298E-3,11.8400002
-341.19994962E-6,-400.00000596E-3,11.8240004
-340.79997567E-6,-200.00000298E-3,11.8480005
-340.39997263E-6,-400.00000596E-3,11.8400002
-339.99996958E-6,-400.00000596E-3,11.8320007
-339.59996654E-6,-200.00000298E-3,11.8400002
-339.19996349E-6,-200.00000298E-3,11.8400002
-338.79996045E-6,0.0,11.8560009
-338.39995740E-6,-400.00000596E-3,11.8240004
-337.99995435E-6,-200.00000298E-3,11.8400002
-337.59995131E-6,0.0,11.8400002
-337.19997737E-6,-400.00000596E-3,11.8400002
-336.79997432E-6,0.0,11.8240004
-336.39997127E-6,0.0,11.8240004
-335.99996823E-6,200.00000298E-3,11.8400002
-335.59996518E-6,0.0,11.8400002
-335.19996214E-6,-200.00000298E-3,11.8400002
-334.79995909E-6,200.00000298E-3,11.8560009
-334.39995605E-6,-400.00000596E-3,11.8400002
-333.99995300E-6,0.0,11.8400002
-333.59994995E-6,-200.00000298E-3,11.8320007
-333.19997601E-6,-200.00000298E-3,11.8320007
-332.79997297E-6,0.0,11.8320007
-332.39996992E-6,200.00000298E-3,11.8320007
-331.99996687E-6,-200.00000298E-3,11.8320007
-331.59996383E-6,0.0,11.8320007
-331.19996078E-6,-200.00000298E-3,11.8320007
-330.79995774E-6,0.0,11.8240004
-330.39995469E-6,4.59999990,11.8160009
-329.99995165E-6,4.59999990,11.8400002
-329.59997770E-6,4.40000010,11.9200010
-329.19997466E-6,4.59999990,11.8240004
-328.79997161E-6,4.40000010,11.8240004
-328.39996857E-6,4.59999990,11.8400002
-327.99996552E-6,4.80000019,11.8320007
-327.59996247E-6,4.40000010,11.8320007
-327.19995943E-6,4.40000010,11.8320007
-326.79995638E-6,4.59999990,11.8400002
-326.39995334E-6,4.40000010,11.8320007
-325.99995029E-6,4.59999990,11.8320007
-325.59997635E-6,4.59999990,11.8400002
-325.19997330E-6,4.59999990,11.8320007
-324.79997026E-6,4.40000010,11.8480005
-324.39996721E-6,4.40000010,11.8480005
-323.99996417E-6,4.40000010,11.8400002
-323.59996112E-6,4.40000010,11.8240004
-323.19995807E-6,4.59999990,11.8320007
-322.79995503E-6,4.40000010,11.8320007
-322.39995198E-6,4.40000010,11.8400002
-321.99994894E-6,4.20000029,11.8320007
-321.59997500E-6,4.40000010,11.8320007
-321.19997195E-6,4.59999990,11.8480005
-320.79996890E-6,4.40000010,11.8560009
-320.39996586E-6,4.59999990,11.8320007
-319.99996281E-6,4.59999990,11.8320007
-319.59995977E-6,4.20000029,11.8400002
-319.19995672E-6,4.59999990,11.8400002
-318.79995367E-6,4.59999990,11.8320007
-318.39995063E-6,4.40000010,11.8400002
-317.99997669E-6,5.00000000,11.8480005
-317.59997364E-6,4.59999990,11.8320007
-317.19997060E-6,4.40000010,11.8320007
-316.79996755E-6,4.59999990,11.8400002
-316.39996450E-6,4.20000029,11.8320007
-315.99996146E-6,4.59999990,11.8320007
-315.59995841E-6,4.40000010,11.8400002
-315.19995537E-6,4.40000010,11.8480005
-314.79995232E-6,4.40000010,11.8320007
-314.39994927E-6,4.40000010,11.8320007
-313.99997533E-6,4.40000010,11.8480005
-313.59997229E-6,4.40000010,11.8400002
-313.19996924E-6,4.40000010,11.8320007
-312.79996620E-6,4.59999990,11.8320007
-312.39996315E-6,4.59999990,11.8320007
-311.99996010E-6,4.40000010,11.8240004
-311.59995706E-6,4.40000010,11.8240004
-311.19995401E-6,4.59999990,11.8240004
-310.79995097E-6,4.00000000,11.8320007
-310.39997702E-6,4.20000029,11.8400002
-309.99997398E-6,4.40000010,11.8160009
-309.59997093E-6,4.00000000,11.8160009
-309.19996789E-6,4.80000019,11.8320007
-308.79996484E-6,4.40000010,11.8320007
-308.39996180E-6,4.59999990,11.7600002
-307.99995875E-6,4.59999990,11.8160009
-307.59995570E-6,4.40000010,11.8480005
-307.19995266E-6,4.40000010,11.8160009
-306.79994961E-6,4.59999990,11.8320007
-306.39997567E-6,4.40000010,11.8320007
-305.99997262E-6,4.59999990,11.8320007
-305.59996958E-6,4.40000010,11.8480005
-305.19996653E-6,4.40000010,11.8240004
-304.79996349E-6,4.40000010,11.8320007
-304.39996044E-6,4.40000010,11.8400002
-303.99995740E-6,4.40000010,11.8400002
-303.59995435E-6,4.59999990,11.8160009
-303.19995130E-6,4.59999990,11.8480005
-302.79997736E-6,4.40000010,11.8400002
-302.39997432E-6,4.40000010,11.8320007
-301.99997127E-6,4.59999990,11.8240004
-301.59996822E-6,4.40000010,11.8240004
-301.19996518E-6,4.59999990,11.8320007
-300.79996213E-6,4.40000010,11.8320007
-300.39995909E-6,4.59999990,11.8320007
-299.99995604E-6,4.40000010,11.8400002
-299.59995300E-6,4.59999990,11.8320007
-299.19994995E-6,4.59999990,11.8480005
-298.79997601E-6,4.40000010,11.8240004
-298.39997296E-6,4.59999990,11.8320007
-297.99996992E-6,4.40000010,11.8320007
-297.59996687E-6,4.40000010,11.8320007
-297.19996382E-6,4.59999990,11.8320007
-296.79996078E-6,4.20000029,11.8400002
-296.39995773E-6,4.59999990,11.8240004
-295.99995469E-6,4.20000029,11.8240004
-295.59995164E-6,4.59999990,11.8320007
-295.19997770E-6,4.59999990,11.8400002
-294.79997465E-6,4.59999990,11.8400002
-294.39997161E-6,4.40000010,11.8240004
-293.99996856E-6,4.20000029,11.8400002
-293.59996552E-6,4.40000010,11.8400002
-293.19996247E-6,4.59999990,11.8320007
-292.79995942E-6,4.40000010,11.8320007
-292.39995638E-6,4.80000019,11.8400002
-291.99995333E-6,4.59999990,11.8240004
-291.59995029E-6,4.40000010,11.8400002
-291.19997635E-6,4.40000010,11.8400002
-290.79997330E-6,4.20000029,11.8320007
-290.39997025E-6,4.59999990,11.8320007
-289.99996721E-6,4.20000029,11.8320007
-289.59996416E-6,4.40000010,11.8320007
-289.19996112E-6,4.40000010,11.8400002
-288.79995807E-6,4.59999990,11.8240004
-288.39995502E-6,4.59999990,11.8320007
-287.99995198E-6,4.40000010,11.8400002
-287.59994893E-6,4.20000029,11.8320007
-287.19997499E-6,4.40000010,11.8320007
-286.79997195E-6,4.40000010,11.8320007
-286.39996890E-6,4.40000010,11.8320007
-285.99996585E-6,4.40000010,11.8240004
-285.59996281E-6,4.20000029,11.8240004
-285.19995976E-6,4.20000029,11.8240004
-284.79995672E-6,4.40000010,11.8240004
-284.39995367E-6,4.20000029,11.8160009
-283.99995063E-6,4.20000029,11.8240004
-283.59997668E-6,4.40000010,11.8160009
-283.19997364E-6,4.40000010,11.8240004
-282.79997059E-6,4.40000010,11.8240004
-282.39996755E-6,4.20000029,11.8400002
-281.99996450E-6,4.59999990,11.8240004
-281.59996145E-6,4.80000019,11.8240004
-281.19995841E-6,4.59999990,11.8320007
-280.79995536E-6,4.40000010,11.8240004
-280.39995232E-6,4.40000010,11.8240004
-279.99994927E-6,4.40000010,11.8240004
-279.59997533E-6,4.40000010,11.8400002
-279.19997228E-6,4.40000010,11.8320007
-278.79996924E-6,4.20000029,11.8320007
-278.39996619E-6,4.59999990,11.8480005
-277.99996315E-6,4.59999990,11.8240004
-277.59996010E-6,4.40000010,11.8240004
-277.19995705E-6,4.20000029,11.8240004
-276.79995401E-6,4.40000010,11.8320007
-276.39995096E-6,4.40000010,11.8320007
-275.99997702E-6,4.40000010,11.8240004
-275.59997397E-6,4.20000029,11.8320007
-275.19997093E-6,4.40000010,11.8240004
-274.79996788E-6,4.59999990,11.8320007
-274.39996484E-6,4.40000010,11.8320007
-273.99996179E-6,4.40000010,11.8240004
-273.59995875E-6,4.40000010,11.8400002
-273.19995570E-6,4.40000010,11.8320007
-272.79995265E-6,4.40000010,11.8240004
-272.39994961E-6,4.59999990,11.8320007
-271.99997567E-6,4.40000010,11.8320007
-271.59997262E-6,4.59999990,11.8240004
-271.19996957E-6,4.40000010,11.8320007
-270.79996653E-6,4.40000010,11.8240004
-270.39996348E-6,4.20000029,11.8240004
-269.99996044E-6,4.40000010,11.8400002
-269.59995739E-6,4.40000010,11.8320007
-269.19995435E-6,4.40000010,11.8320007
-268.79995130E-6,4.40000010,11.8320007
-268.39997736E-6,4.59999990,11.8320007
-267.99997431E-6,4.40000010,11.8320007
-267.59997127E-6,4.59999990,11.8320007
-267.19996822E-6,4.40000010,11.8320007
-266.79996517E-6,4.59999990,11.8320007
-266.39996213E-6,4.40000010,11.8160009
-265.99995908E-6,4.59999990,11.8400002
-265.59995604E-6,4.40000010,11.8240004
-265.19995299E-6,4.20000029,11.8400002
-264.79994995E-6,4.40000010,11.8400002
-264.39997600E-6,4.20000029,11.8320007
-263.99997296E-6,4.59999990,11.8880005
-263.59996991E-6,4.59999990,11.8320007
-263.19996687E-6,4.40000010,11.8240004
-262.79996382E-6,4.59999990,11.8240004
-262.39996077E-6,4.59999990,11.8400002
-261.99995773E-6,4.40000010,11.8240004
-261.59995468E-6,4.40000010,11.8240004
-261.19995164E-6,4.59999990,11.8320007
-260.79994859E-6,4.40000010,11.8240004
-260.39997465E-6,4.20000029,11.8320007
-259.99997160E-6,4.40000010,11.8400002
-259.59996856E-6,4.40000010,11.8320007
-259.19996551E-6,4.40000010,11.8240004
-258.79996247E-6,4.59999990,11.8320007
-258.39995942E-6,4.40000010,11.8240004
-257.99995637E-6,4.40000010,11.8400002
-257.59995333E-6,4.40000010,11.8240004
-257.19995028E-6,4.40000010,11.8320007
-256.79997634E-6,4.80000019,11.8320007
-256.39997330E-6,4.20000029,11.8240004
-255.99997025E-6,4.59999990,11.8240004
-255.59996720E-6,4.40000010,11.8320007
-255.19996416E-6,4.20000029,11.8160009
-254.79996111E-6,4.40000010,11.8240004
-254.39995807E-6,4.40000010,11.8240004
-253.99995502E-6,4.20000029,11.8240004
-253.59995198E-6,4.40000010,11.8320007
-253.19994893E-6,4.40000010,11.8240004
-252.79997499E-6,4.40000010,11.8320007
-252.39997194E-6,4.59999990,11.8240004
-251.99996890E-6,4.80000019,11.8240004
-251.59996585E-6,4.40000010,11.8320007
-251.19996280E-6,4.40000010,11.8240004
-250.79995976E-6,4.40000010,11.8240004
-250.39995671E-6,4.80000019,11.8320007
-249.99995367E-6,4.40000010,11.8320007
-249.59995062E-6,4.00000000,11.8160009
-249.19997668E-6,4.40000010,11.8320007
-248.79997363E-6,4.40000010,11.8240004
-248.39997059E-6,4.59999990,11.8320007
-247.99996754E-6,4.40000010,11.8400002
-247.59996450E-6,4.40000010,11.8320007
-247.19996145E-6,4.59999990,11.8320007
-246.79995840E-6,4.59999990,11.8400002
-246.39995536E-6,4.40000010,11.8320007
-245.99995231E-6,4.40000010,11.8160009
-245.59994927E-6,4.40000010,11.8160009
-245.19997532E-6,4.59999990,11.8240004
-244.79997228E-6,4.59999990,11.8240004
-244.39996923E-6,4.40000010,11.8320007
-243.99996619E-6,4.59999990,11.8240004
-243.59996314E-6,4.20000029,11.8160009
-243.19996010E-6,4.59999990,11.8160009
-242.79995705E-6,4.59999990,11.8160009
-242.39996856E-6,4.59999990,11.8240004
-241.99996551E-6,4.80000019,11.8240004
-241.59996246E-6,4.40000010,11.8240004
-241.19995942E-6,4.59999990,11.8240004
-240.79995637E-6,4.40000010,11.8240004
-240.39996788E-6,4.20000029,11.8240004
-239.99996483E-6,4.40000010,11.8320007
-239.59996179E-6,4.59999990,11.8240004
-239.19995874E-6,4.40000010,11.8320007
-238.79995570E-6,4.59999990,11.8320007
-238.39996720E-6,4.59999990,11.8080006
-237.99996416E-6,4.59999990,11.8240004
-237.59996111E-6,4.59999990,11.8320007
-237.19995806E-6,4.20000029,11.8320007
-236.79996957E-6,4.59999990,11.8160009
-236.39996652E-6,4.59999990,11.8080006
-235.99996348E-6,4.40000010,11.8240004
-235.59996043E-6,4.40000010,11.8160009
-235.19995739E-6,4.40000010,11.8320007
-234.79996889E-6,4.20000029,11.8320007
-234.39996585E-6,4.40000010,11.8240004
-233.99996280E-6,4.59999990,11.8240004
-233.59995976E-6,4.40000010,11.8240004
-233.19995671E-6,4.59999990,11.8320007
-232.79996822E-6,4.40000010,11.8240004
-232.39996517E-6,4.59999990,11.8160009
-231.99996212E-6,4.40000010,11.8320007
-231.59995908E-6,4.59999990,11.8240004
-231.19995603E-6,4.40000010,11.8240004
-230.79996754E-6,4.40000010,11.8320007
-230.39996449E-6,4.59999990,11.8240004
-229.99996145E-6,4.59999990,11.8240004
-229.59995840E-6,4.40000010,11.8320007
-229.19995536E-6,4.59999990,11.8320007
-228.79996686E-6,4.40000010,11.8240004
-228.39996382E-6,4.40000010,11.8240004
-227.99996077E-6,4.40000010,11.8160009
-227.59995773E-6,4.59999990,11.8320007
-227.19996923E-6,4.40000010,11.8320007
-226.79996619E-6,4.40000010,11.8240004
-226.39996314E-6,4.40000010,11.8320007
-225.99996009E-6,4.40000010,11.8240004
-225.59995705E-6,4.40000010,11.8240004
-225.19996855E-6,4.40000010,11.8240004
-224.79996551E-6,4.40000010,11.8240004
-224.39996246E-6,4.59999990,11.8000002
-223.99995942E-6,4.40000010,11.8320007
-223.59995637E-6,4.59999990,11.8320007
-223.19996788E-6,4.20000029,11.8320007
-222.79996483E-6,4.40000010,11.8240004
-222.39996179E-6,4.40000010,11.8320007
-221.99995874E-6,4.40000010,11.8240004
-221.59995569E-6,4.40000010,11.8320007
-221.19996720E-6,4.40000010,11.8320007
-220.79996415E-6,4.40000010,11.8000002
-220.39996111E-6,4.40000010,11.8240004
-219.99995806E-6,4.40000010,11.8240004
-219.59995502E-6,4.40000010,11.9040003
-219.19996652E-6,4.40000010,11.8000002
-218.79996348E-6,4.40000010,11.8240004
-218.39996043E-6,4.40000010,11.8320007
-217.99995739E-6,4.40000010,11.8240004
-217.59996889E-6,4.59999990,11.8240004
-217.19996585E-6,4.80000019,11.8240004
-216.79996280E-6,4.40000010,11.8240004
-216.39995975E-6,4.59999990,11.8400002
-215.99995671E-6,4.59999990,11.8320007
-215.59996821E-6,4.40000010,11.8160009
-215.19996517E-6,4.20000029,11.8320007
-214.79996212E-6,4.40000010,11.8400002
-214.39995908E-6,4.40000010,11.8080006
-213.99995603E-6,4.40000010,11.8240004
-213.59996754E-6,4.40000010,11.8240004
-213.19996449E-6,4.40000010,11.8320007
-212.79996145E-6,4.59999990,11.8160009
-212.39995840E-6,4.59999990,11.8240004
-211.99995535E-6,4.40000010,11.8240004
-211.59996686E-6,4.40000010,11.8240004
-211.19996381E-6,4.80000019,11.8160009
-210.79996077E-6,4.80000019,11.8240004
-210.39995772E-6,4.59999990,11.8400002
-209.99996923E-6,4.40000010,11.8160009
-209.59996618E-6,4.40000010,11.8320007
-209.19996314E-6,4.59999990,11.8160009
-208.79996009E-6,4.59999990,11.8240004
-208.39995705E-6,4.40000010,11.8240004
-207.99996855E-6,4.59999990,11.8160009
-207.59996551E-6,4.59999990,11.8320007
-207.19996246E-6,4.40000010,11.8320007
-206.79995941E-6,4.59999990,11.8160009
-206.39995637E-6,4.40000010,11.8160009
-205.99996787E-6,4.59999990,11.8240004
-205.59996483E-6,4.40000010,11.8320007
-205.19996178E-6,4.59999990,11.8320007
-204.79995874E-6,4.40000010,11.8080006
-204.39995569E-6,4.59999990,11.8240004
-203.99996720E-6,4.59999990,11.8160009
-203.59996415E-6,4.40000010,11.8160009
-203.19996111E-6,4.59999990,11.8240004
-202.79995806E-6,4.59999990,11.8160009
-202.39995501E-6,4.59999990,11.8160009
-201.99996652E-6,4.40000010,11.8240004
-201.59996348E-6,4.59999990,11.8320007
-201.19996043E-6,4.40000010,11.8160009
-200.79995738E-6,4.40000010,11.8240004
-200.39996889E-6,4.40000010,11.8160009
-199.99996584E-6,4.40000010,11.8160009
-199.59996280E-6,4.59999990,11.8320007
-199.19995975E-6,4.59999990,11.8240004
-198.79995671E-6,4.59999990,11.8160009
-198.39996821E-6,4.40000010,11.8160009
-197.99996517E-6,4.20000029,11.8240004
-197.59996212E-6,4.40000010,11.8160009
-197.19995908E-6,4.59999990,11.8400002
-196.79995603E-6,4.40000010,11.8240004
-196.39996754E-6,4.40000010,11.8240004
-195.99996449E-6,4.40000010,11.8320007
-195.59996144E-6,4.59999990,11.8400002
-195.19995840E-6,4.20000029,11.8240004
-194.79995535E-6,4.20000029,11.8240004
-194.39996686E-6,4.40000010,11.8320007
-193.99996381E-6,4.59999990,11.8240004
-193.59996077E-6,4.40000010,11.8240004
-193.19995772E-6,4.40000010,11.8320007
-192.79995468E-6,4.59999990,11.8240004
-192.39996618E-6,4.59999990,11.8320007
-191.99996314E-6,4.40000010,11.8240004
-191.59996009E-6,4.40000010,11.8320007
-191.19995704E-6,4.59999990,11.8320007
-190.79996855E-6,4.40000010,11.8320007
-190.39996550E-6,4.59999990,11.8160009
-189.99996246E-6,4.20000029,11.8320007
-189.59995941E-6,4.59999990,11.8240004
-189.19995637E-6,4.80000019,11.8160009
-188.79996787E-6,4.40000010,11.8160009
-188.39996483E-6,4.59999990,11.8240004
-187.99996178E-6,4.59999990,11.8240004
-187.59995874E-6,4.40000010,11.8240004
-187.19995569E-6,4.40000010,11.8160009
-186.79996720E-6,4.40000010,11.8160009
-186.39996415E-6,4.59999990,11.8240004
-185.99996110E-6,4.59999990,11.8160009
-185.59995806E-6,4.20000029,11.8240004
-185.19995501E-6,4.40000010,11.8240004
-184.79996652E-6,4.40000010,11.8160009
-184.39996347E-6,4.59999990,11.8240004
-183.99996043E-6,4.59999990,11.8240004
-183.59995738E-6,4.40000010,11.8240004
-183.19996889E-6,4.59999990,11.8160009
-182.79996584E-6,4.40000010,11.8080006
-182.39996280E-6,4.59999990,11.8080006
-181.99995975E-6,4.59999990,11.8160009
-181.59995670E-6,4.40000010,11.8160009
-181.19996821E-6,4.20000029,11.8240004
-180.79996516E-6,4.40000010,11.8080006
-180.39996212E-6,4.59999990,11.8320007
-179.99995907E-6,4.40000010,11.8160009
-179.59995603E-6,4.40000010,11.8000002
-179.19996753E-6,4.20000029,11.8240004
-178.79996449E-6,4.59999990,11.8240004
-178.39996144E-6,4.20000029,11.8240004
-177.99995840E-6,4.59999990,11.8320007
-177.59995535E-6,4.59999990,11.8320007
-177.19996686E-6,4.40000010,11.8240004
-176.79996381E-6,4.80000019,11.8240004
-176.39996076E-6,4.59999990,11.8320007
-175.99995772E-6,4.20000029,11.8320007
-175.59995467E-6,4.40000010,11.8160009
-175.19996618E-6,4.59999990,11.8240004
-174.79996313E-6,4.40000010,11.8560009
-174.39996009E-6,4.59999990,11.8320007
-173.99995704E-6,4.40000010,11.8240004
-173.59996855E-6,4.59999990,11.8240004
-173.19996550E-6,4.59999990,11.8240004
-172.79996246E-6,4.40000010,11.8320007
-172.39995941E-6,4.40000010,11.8320007
-171.99995636E-6,4.20000029,11.8320007
-171.59996787E-6,4.40000010,11.8240004
-171.19996483E-6,4.40000010,11.8240004
-170.79996178E-6,4.40000010,11.8320007
-170.39995873E-6,4.40000010,11.8240004
-169.99995569E-6,4.20000029,11.8240004
-169.59996719E-6,4.59999990,11.8160009
-169.19996415E-6,4.40000010,11.8320007
-168.79996110E-6,4.59999990,11.8240004
-168.39995806E-6,4.59999990,11.8160009
-167.99995501E-6,4.59999990,11.8240004
-167.59996652E-6,4.59999990,11.8320007
-167.19996347E-6,4.40000010,11.8240004
-166.79996043E-6,4.40000010,11.8080006
-166.39995738E-6,4.40000010,11.8320007
-165.99996889E-6,4.20000029,11.8240004
-165.59996584E-6,4.40000010,11.8240004
-165.19996279E-6,4.80000019,11.8160009
-164.79995975E-6,4.40000010,11.8160009
-164.39995670E-6,4.59999990,11.8160009
-163.99996821E-6,-200.00000298E-3,11.8720007
-163.59996516E-6,-200.00000298E-3,11.7200003
-163.19996212E-6,0.0,12.2400007
-162.79995907E-6,0.0,11.8240004
-162.39995603E-6,-200.00000298E-3,11.8560009
-161.99996753E-6,200.00000298E-3,11.8720007
-161.59996449E-6,0.0,11.8640003
-161.19996144E-6,-200.00000298E-3,11.8640003
-160.79995839E-6,0.0,11.8720007
-160.39995535E-6,-200.00000298E-3,11.8640003
-159.99996685E-6,0.0,11.8640003
-159.59996381E-6,0.0,11.8720007
-159.19996076E-6,0.0,11.8640003
-158.79995772E-6,0.0,11.8640003
-158.39995467E-6,0.0,11.8640003
-157.99996618E-6,0.0,11.8720007
-157.59996313E-6,0.0,11.8640003
-157.19996009E-6,0.0,11.8640003
-156.79995704E-6,0.0,11.8800001
-156.39996855E-6,-200.00000298E-3,11.8720007
-155.99996550E-6,-200.00000298E-3,11.8640003
-155.59996245E-6,-200.00000298E-3,11.8640003
-155.19995941E-6,-200.00000298E-3,11.8720007
-154.79995636E-6,-200.00000298E-3,11.8720007
-154.39996787E-6,0.0,11.8640003
-153.99996482E-6,0.0,11.8640003
-153.59996178E-6,0.0,11.8640003
-153.19995873E-6,0.0,11.8720007
-152.79995569E-6,0.0,11.8720007
-152.39996719E-6,-200.00000298E-3,11.8720007
-151.99996415E-6,-400.00000596E-3,11.8800001
-151.59996110E-6,-200.00000298E-3,11.8640003
-151.19995805E-6,0.0,11.8720007
-150.79995501E-6,0.0,11.8720007
-150.39996651E-6,-200.00000298E-3,11.8720007
-149.99996347E-6,-200.00000298E-3,11.8640003
-149.59996042E-6,-200.00000298E-3,11.8640003
-149.19995738E-6,0.0,11.8640003
-148.79995433E-6,0.0,11.8560009
-148.3999658E-6,0.0,11.8560009
-147.9999628E-6,-200.00000298E-3,11.8720007
-147.5999597E-6,0.0,11.8720007
-147.1999567E-6,-200.00000298E-3,11.8640003
-146.7999682E-6,0.0,11.8640003
-146.3999652E-6,200.00000298E-3,11.8720007
-145.9999621E-6,0.0,11.8640003
-145.5999591E-6,-200.00000298E-3,11.8640003
-145.1999560E-6,0.0,11.8720007
-144.7999675E-6,200.00000298E-3,11.8640003
-144.3999645E-6,0.0,11.8720007
-143.9999614E-6,-200.00000298E-3,11.8720007
-143.5999584E-6,200.00000298E-3,11.8560009
-143.1999553E-6,0.0,11.8480005
-142.7999669E-6,-200.00000298E-3,11.8720007
-142.3999638E-6,200.00000298E-3,11.8640003
-141.9999608E-6,-200.00000298E-3,11.8640003
-141.5999577E-6,-400.00000596E-3,11.8720007
-141.1999547E-6,0.0,11.8560009
-140.7999662E-6,-200.00000298E-3,11.8640003
-140.3999631E-6,-200.00000298E-3,11.8640003
-139.9999601E-6,-200.00000298E-3,11.8560009
-139.5999570E-6,-200.00000298E-3,11.8640003
-139.1999685E-6,-200.00000298E-3,11.8560009
-138.7999655E-6,0.0,11.8640003
-138.3999625E-6,0.0,11.8640003
-137.9999594E-6,0.0,11.8480005
-137.5999564E-6,-200.00000298E-3,11.8640003
-137.1999679E-6,-200.00000298E-3,11.8560009
-136.7999648E-6,0.0,11.8640003
-136.3999618E-6,0.0,11.8720007
-135.9999587E-6,0.0,11.8720007
-135.5999557E-6,-200.00000298E-3,11.8640003
-135.1999672E-6,-200.00000298E-3,11.8560009
-134.7999641E-6,-200.00000298E-3,11.8560009
-134.3999611E-6,-200.00000298E-3,11.8640003
-133.9999581E-6,0.0,11.8640003
-133.5999550E-6,200.00000298E-3,11.8560009
-133.1999665E-6,0.0,11.8640003
-132.7999635E-6,-200.00000298E-3,11.8640003
-132.3999604E-6,-200.00000298E-3,11.8720007
-131.9999574E-6,-200.00000298E-3,11.8640003
-131.5999543E-6,0.0,11.8640003
-131.1999658E-6,-200.00000298E-3,11.8640003
-130.7999628E-6,-200.00000298E-3,11.8640003
-130.3999597E-6,0.0,11.8560009
-129.9999567E-6,0.0,11.8720007
-129.5999682E-6,0.0,11.8640003
-129.1999652E-6,0.0,11.8560009
-128.7999621E-6,0.0,11.8640003
-128.3999591E-6,0.0,11.8560009
-127.9999560E-6,0.0,11.8800001
-127.5999675E-6,0.0,11.8640003
-127.1999645E-6,0.0,11.8560009
-126.7999614E-6,-200.00000298E-3,11.8640003
-126.3999584E-6,0.0,11.8640003
-125.9999553E-6,0.0,11.8640003
-125.5999669E-6,-200.00000298E-3,11.8560009
-125.1999638E-6,-200.00000298E-3,11.8560009
-124.7999608E-6,0.0,11.8480005
-124.3999577E-6,-200.00000298E-3,11.8720007
-123.9999547E-6,-200.00000298E-3,11.8560009
-123.5999662E-6,-400.00000596E-3,11.8480005
-123.1999631E-6,200.00000298E-3,11.8560009
-122.7999601E-6,0.0,11.8560009
-122.3999570E-6,200.00000298E-3,11.8480005
-121.9999613E-6,-200.00000298E-3,11.8640003
-121.5999582E-6,-200.00000298E-3,11.8560009
-121.1999625E-6,-200.00000298E-3,11.8560009
-120.7999594E-6,-200.00000298E-3,11.8560009
-120.3999636E-6,0.0,11.8560009
-119.9999606E-6,0.0,11.8640003
-119.5999575E-6,-200.00000298E-3,11.8560009
-119.1999618E-6,-200.00000298E-3,11.8560009
-118.7999587E-6,0.0,11.8560009
-118.3999630E-6,-200.00000298E-3,11.8640003
-117.9999599E-6,0.0,11.8560009
-117.5999641E-6,-200.00000298E-3,11.8640003
-117.1999611E-6,-200.00000298E-3,11.8640003
-116.7999581E-6,-200.00000298E-3,11.8720007
-116.3999623E-6,-200.00000298E-3,11.8640003
-115.9999592E-6,-200.00000298E-3,11.8640003
-115.5999635E-6,-200.00000298E-3,11.8480005
-115.1999604E-6,0.0,11.8560009
-114.7999646E-6,-200.00000298E-3,11.8560009
-114.3999616E-6,0.0,11.8480005
-113.9999586E-6,-200.00000298E-3,11.8640003
-113.5999628E-6,0.0,11.8640003
-113.1999597E-6,0.0,11.8480005
-112.7999640E-6,-400.00000596E-3,11.8480005
-112.3999609E-6,-200.00000298E-3,11.8560009
-111.9999579E-6,-200.00000298E-3,11.8560009
-111.5999621E-6,-200.00000298E-3,11.8560009
-111.1999591E-6,0.0,11.8640003
-110.7999633E-6,-200.00000298E-3,11.8640003
-110.3999602E-6,-400.00000596E-3,11.8640003
-109.9999645E-6,0.0,11.8560009
-109.5999614E-6,-400.00000596E-3,11.8560009
-109.1999584E-6,-200.00000298E-3,11.8640003
-108.7999626E-6,-200.00000298E-3,11.8560009
-108.3999596E-6,0.0,11.8560009
-107.9999638E-6,-200.00000298E-3,11.8640003
-107.5999608E-6,-200.00000298E-3,11.8400002
-107.1999577E-6,-200.00000298E-3,11.8480005
-106.7999619E-6,-400.00000596E-3,11.8560009
-106.3999589E-6,-200.00000298E-3,11.8560009
-105.9999631E-6,-200.00000298E-3,11.8560009
-105.5999601E-6,0.0,11.8640003
-105.1999643E-6,0.0,11.8560009
-104.7999613E-6,0.0,11.8480005
-104.3999582E-6,-200.00000298E-3,11.8560009
-103.9999624E-6,-200.00000298E-3,11.8560009
-103.5999594E-6,0.0,11.8560009
-103.1999636E-6,0.0,11.8560009
-102.7999606E-6,-200.00000298E-3,11.8480005
-102.3999575E-6,0.0,11.8480005
-101.9999618E-6,-400.00000596E-3,11.8640003
-101.5999587E-6,200.00000298E-3,11.8480005
-101.1999630E-6,-200.00000298E-3,11.8560009
-100.7999599E-6,-200.00000298E-3,11.8640003
-100.3999641E-6,0.0,11.8560009
-99.999961094E-6,0.0,11.8560009
-99.599958048E-6,0.0,11.8640003
-99.199962278E-6,-200.00000298E-3,11.8560009
-98.799959233E-6,0.0,11.8560009
-98.399963463E-6,200.00000298E-3,11.8640003
-97.999960417E-6,-200.00000298E-3,11.8400002
-97.599957371E-6,-200.00000298E-3,11.8560009
-97.199961601E-6,0.0,11.8560009
-96.799958555E-6,-200.00000298E-3,11.8560009
-96.399962786E-6,-200.00000298E-3,11.8640003
-95.999959740E-6,-200.00000298E-3,11.8480005
-95.599963970E-6,-200.00000298E-3,11.8400002
-95.199960924E-6,200.00000298E-3,11.8480005
-94.799957878E-6,0.0,11.8560009
-94.399962109E-6,-200.00000298E-3,11.8480005
-93.999959063E-6,-200.00000298E-3,11.8560009
-93.599963293E-6,200.00000298E-3,11.8400002
-93.199960247E-6,0.0,11.8560009
-92.799957201E-6,-200.00000298E-3,11.8640003
-92.399961432E-6,0.0,11.8640003
-91.999958386E-6,-200.00000298E-3,11.8480005
-91.599962616E-6,-200.00000298E-3,11.8640003
-91.199959570E-6,-200.00000298E-3,11.8560009
-90.799963800E-6,-200.00000298E-3,11.8560009
-90.399960754E-6,0.0,11.8560009
-89.999957709E-6,-200.00000298E-3,11.8480005
-89.599961939E-6,-200.00000298E-3,11.8560009
-89.199958893E-6,-200.00000298E-3,11.8400002
-88.799963123E-6,0.0,11.8560009
-88.399960077E-6,-400.00000596E-3,11.8480005
-87.999964308E-6,0.0,11.8560009
-87.599961262E-6,-200.00000298E-3,11.8480005
-87.199958216E-6,-200.00000298E-3,11.8400002
-86.799962446E-6,0.0,11.8400002
-86.399959400E-6,-200.00000298E-3,11.8560009
-85.999963630E-6,0.0,11.8400002
-85.599960585E-6,0.0,11.8400002
-85.199957539E-6,-200.00000298E-3,11.8480005
-84.799961769E-6,0.0,11.8320007
-84.399958723E-6,-400.00000596E-3,11.8400002
-83.999962953E-6,-200.00000298E-3,11.8400002
-83.599959908E-6,200.00000298E-3,11.8480005
-83.199964138E-6,-200.00000298E-3,11.8480005
-82.799961092E-6,0.0,11.8400002
-82.399958046E-6,-200.00000298E-3,11.8480005
-81.999962276E-6,0.0,11.8560009
-81.599959231E-6,-200.00000298E-3,11.8560009
-81.199963461E-6,-200.00000298E-3,11.8400002
-80.799960415E-6,-200.00000298E-3,11.8560009
-80.399957369E-6,200.00000298E-3,11.8720007
-79.999961599E-6,0.0,11.8560009
-79.599958553E-6,-200.00000298E-3,11.8480005
-79.199962784E-6,0.0,11.8400002
-78.799959738E-6,-200.00000298E-3,11.8560009
-78.399963968E-6,0.0,11.8400002
-77.999960922E-6,-200.00000298E-3,11.8480005
-77.599957876E-6,0.0,11.8640003
-77.199962107E-6,-200.00000298E-3,11.8400002
-76.799959061E-6,-200.00000298E-3,11.8480005
-76.399963291E-6,-400.00000596E-3,11.8560009
-75.999960245E-6,0.0,11.8480005
-75.599957199E-6,0.0,11.8480005
-75.199961429E-6,-200.00000298E-3,11.8480005
-74.799958384E-6,0.0,11.8480005
-74.399962614E-6,0.0,11.8320007
-73.999959568E-6,0.0,11.9200010
-73.599963798E-6,0.0,11.8400002
-73.199960752E-6,-200.00000298E-3,11.8320007
-72.799957707E-6,-200.00000298E-3,11.8480005
-72.399961937E-6,-200.00000298E-3,11.8560009
-71.999958891E-6,-400.00000596E-3,11.8560009
-71.599963121E-6,0.0,11.8480005
-71.199960075E-6,0.0,11.8480005
-70.799957030E-6,-200.00000298E-3,11.8480005
-70.399961260E-6,-200.00000298E-3,11.8400002
-69.999958214E-6,-400.00000596E-3,11.8640003
-69.599962444E-6,-200.00000298E-3,11.8480005
-69.199959398E-6,0.0,11.8400002
-68.799963628E-6,-200.00000298E-3,11.8400002
-68.399960583E-6,-200.00000298E-3,11.8400002
-67.999957537E-6,0.0,11.8480005
-67.599961767E-6,-200.00000298E-3,11.8480005
-67.199958721E-6,0.0,11.8400002
-66.799962951E-6,-400.00000596E-3,11.8480005
-66.399959906E-6,0.0,11.8400002
-65.999956860E-6,-400.00000596E-3,11.8320007
-65.599961090E-6,200.00000298E-3,11.8320007
-65.199958044E-6,0.0,11.8400002
-64.799962274E-6,0.0,11.8560009
-64.399959228E-6,0.0,11.8240004
-63.999963459E-6,-200.00000298E-3,11.8320007
-63.599960413E-6,0.0,11.8400002
-63.199957367E-6,-200.00000298E-3,11.8480005
-62.799961597E-6,0.0,11.8400002
-62.399958551E-6,-200.00000298E-3,11.8560009
-61.999962782E-6,0.0,11.8480005
-61.599959736E-6,-200.00000298E-3,11.8480005
-61.199963966E-6,-200.00000298E-3,11.8480005
-60.799960920E-6,-200.00000298E-3,11.8400002
-60.399961512E-6,-200.00000298E-3,11.8400002
-59.999962104E-6,0.0,11.8480005
-59.599959059E-6,-200.00000298E-3,11.8400002
-59.199959651E-6,0.0,11.8400002
-58.799960243E-6,0.0,11.8480005
-58.399960835E-6,-200.00000298E-3,11.8480005
-57.999961427E-6,0.0,11.8400002
-57.599962020E-6,0.0,11.8400002
-57.199958974E-6,0.0,11.8320007
-56.799959566E-6,-400.00000596E-3,11.8400002
-56.399960158E-6,-400.00000596E-3,11.8320007
-55.999960750E-6,0.0,11.8320007
-55.599961343E-6,0.0,11.8400002
-55.199961935E-6,-400.00000596E-3,11.8400002
-54.799958889E-6,0.0,11.8320007
-54.39995948E-6,-200.00000298E-3,11.8240004
-53.99996007E-6,0.0,11.8400002
-53.59996067E-6,-400.00000596E-3,11.8400002
-53.19996126E-6,-200.00000298E-3,11.8560009
-52.79996185E-6,0.0,11.8400002
-52.39995880E-6,0.0,11.8400002
-51.99995940E-6,-400.00000596E-3,11.8320007
-51.59995999E-6,-200.00000298E-3,11.8320007
-51.19996058E-6,-400.00000596E-3,11.8400002
-50.79996117E-6,0.0,11.8480005
-50.39996176E-6,0.0,11.8480005
-49.99995872E-6,-200.00000298E-3,11.8320007
-49.59995931E-6,0.0,11.8400002
-49.19995990E-6,200.00000298E-3,11.8400002
-48.79996050E-6,-400.00000596E-3,11.8400002
-48.39996109E-6,0.0,11.8320007
-47.99996168E-6,0.0,11.8480005
-47.59995863E-6,-200.00000298E-3,11.8480005
-47.19995923E-6,-200.00000298E-3,11.8400002
-46.79995982E-6,-200.00000298E-3,11.8400002
-46.39996041E-6,-200.00000298E-3,11.8320007
-45.99996100E-6,-200.00000298E-3,11.8400002
-45.59996160E-6,-200.00000298E-3,11.8240004
-45.19995855E-6,0.0,11.8320007
-44.79995914E-6,0.0,11.8400002
-44.39995973E-6,0.0,11.8400002
-43.99996033E-6,0.0,11.8240004
-43.59996092E-6,-200.00000298E-3,11.8320007
-43.19996151E-6,0.0,11.8240004
-42.79995846E-6,0.0,11.8320007
-42.39995906E-6,-200.00000298E-3,11.8400002
-41.99995965E-6,-400.00000596E-3,11.8480005
-41.59996024E-6,-200.00000298E-3,11.8320007
-41.19996083E-6,200.00000298E-3,11.8400002
-40.79996143E-6,-200.00000298E-3,11.8480005
-40.39995838E-6,200.00000298E-3,11.8320007
-39.99995897E-6,-200.00000298E-3,11.8320007
-39.59995956E-6,-200.00000298E-3,11.8320007
-39.19996016E-6,-400.00000596E-3,11.8320007
-38.79996075E-6,200.00000298E-3,11.8480005
-38.39996134E-6,-200.00000298E-3,11.8480005
-37.99996193E-6,0.0,11.8320007
-37.59995889E-6,0.0,11.8320007
-37.19995948E-6,-200.00000298E-3,11.8400002
-36.79996007E-6,-400.00000596E-3,11.8400002
-36.39996066E-6,-200.00000298E-3,11.8400002
-35.99996126E-6,-200.00000298E-3,11.8480005
-35.59996185E-6,-200.00000298E-3,11.8240004
-35.19995880E-6,0.0,11.8320007
-34.79995939E-6,-200.00000298E-3,11.8400002
-34.39995999E-6,-200.00000298E-3,11.8240004
-33.99996058E-6,-200.00000298E-3,11.8480005
-33.59996117E-6,-200.00000298E-3,11.8240004
-33.19996176E-6,-200.00000298E-3,11.8320007
-32.79995872E-6,-200.00000298E-3,11.8320007
-32.39995931E-6,-200.00000298E-3,11.8320007
-31.99995990E-6,0.0,11.8400002
-31.59996049E-6,-200.00000298E-3,11.8400002
-31.19996109E-6,0.0,11.8320007
-30.79996168E-6,0.0,11.8160009
-30.39996045E-6,-400.00000596E-3,11.8400002
-29.99995922E-6,0.0,11.8320007
-29.59995982E-6,0.0,11.8320007
-29.19996041E-6,-200.00000298E-3,11.9120007
-28.79995918E-6,-200.00000298E-3,11.8000002
-28.39995977E-6,0.0,11.8560009
-27.99996037E-6,-200.00000298E-3,11.8240004
-27.59995914E-6,-200.00000298E-3,11.8480005
-27.19995973E-6,-400.00000596E-3,11.8320007
-26.79996032E-6,-200.00000298E-3,11.8400002
-26.39996092E-6,-200.00000298E-3,11.8480005
-25.99995969E-6,-200.00000298E-3,11.8320007
-25.59996028E-6,0.0,11.8400002
-25.19996087E-6,0.0,11.8400002
-24.79995965E-6,0.0,11.8240004
-24.39996024E-6,-200.00000298E-3,11.8320007
-23.99996083E-6,-200.00000298E-3,11.8400002
-23.59995960E-6,-200.00000298E-3,11.8400002
-23.19996020E-6,-200.00000298E-3,11.8320007
-22.79996079E-6,0.0,11.8320007
-22.39995956E-6,200.00000298E-3,11.8400002
-21.99996015E-6,0.0,11.8240004
-21.59996075E-6,-200.00000298E-3,11.8320007
-21.19995952E-6,-400.00000596E-3,11.8320007
-20.79996011E-6,-200.00000298E-3,11.8320007
-20.39996070E-6,-400.00000596E-3,11.8400002
-19.9999595E-6,0.0,11.8320007
-19.5999601E-6,200.00000298E-3,11.8400002
-19.1999607E-6,0.0,11.8400002
-18.7999594E-6,0.0,11.8400002
-18.3999600E-6,0.0,11.8480005
-17.9999606E-6,0.0,11.8320007
-17.5999594E-6,-200.00000298E-3,11.8400002
-17.1999600E-6,-200.00000298E-3,11.8400002
-16.7999606E-6,-200.00000298E-3,11.8400002
-16.3999593E-6,0.0,11.8240004
-15.9999599E-6,0.0,11.8320007
-15.5999605E-6,-200.00000298E-3,11.8400002
-15.1999602E-6,0.0,11.8480005
-14.7999599E-6,0.0,11.8400002
-14.3999596E-6,-200.00000298E-3,11.8320007
-13.9999602E-6,-200.00000298E-3,11.8240004
-13.5999599E-6,-200.00000298E-3,11.8400002
-13.1999595E-6,-200.00000298E-3,11.8320007
-12.7999601E-6,0.0,11.8320007
-12.3999598E-6,-200.00000298E-3,11.8320007
-11.9999595E-6,-200.00000298E-3,11.8400002
-11.5999601E-6,0.0,11.8320007
-11.1999598E-6,0.0,11.8240004
-10.7999595E-6,0.0,11.8240004
-10.3999600E-6,-200.00000298E-3,11.8240004
-9.999959730E-6,200.00000298E-3,11.8320007
-9.599959412E-6,0.0,11.8400002
-9.199960004E-6,0.0,11.8320007
-8.799959687E-6,0.0,11.8240004
-8.399959370E-6,-200.00000298E-3,11.8320007
-7.999959962E-6,0.0,11.8320007
-7.599959645E-6,-200.00000298E-3,11.8320007
-7.19995978E-6,-200.00000298E-3,11.8400002
-6.79995992E-6,-200.00000298E-3,11.8320007
-6.39995960E-6,-200.00000298E-3,11.8320007
-5.99995974E-6,0.0,11.8320007
-5.59995988E-6,0.0,11.8320007
-5.19995956E-6,0.0,11.8320007
-4.79995970E-6,-200.00000298E-3,11.8240004
-4.39995983E-6,0.0,11.8240004
-3.99995952E-6,0.0,11.8480005
-3.59995965E-6,200.00000298E-3,11.8400002
-3.19995979E-6,0.0,11.8160009
-2.79995970E-6,-200.00000298E-3,11.8240004
-2.3999596E-6,-200.00000298E-3,11.8320007
-1.9999597E-6,-400.00000596E-3,11.8320007
-1.5999597E-6,200.00000298E-3,11.8240004
-1.1999597E-6,0.0,11.8320007
-799.959707365E-9,0.0,11.8320007
-399.95970269E-9,-200.00000298E-3,11.8240004
40.30198381E-12,0.0,11.8320007
400.04030666E-9,-400.00000596E-3,11.8320007
800.040311333E-9,-200.00000298E-3,11.8240004
1.2000403E-6,-400.00000596E-3,11.8400002
1.6000404E-6,0.0,11.8400002
2.0000402E-6,-200.00000298E-3,11.8320007
2.4000403E-6,-200.00000298E-3,11.8320007
2.80004042E-6,4.40000010,11.8080006
3.20004028E-6,4.59999990,11.8320007
3.60004037E-6,4.40000010,11.7360010
4.00004046E-6,4.20000029,11.8720007
4.40004032E-6,4.59999990,11.8400002
4.80004019E-6,4.40000010,11.8240004
5.20004050E-6,4.59999990,11.8320007
5.60004037E-6,4.59999990,11.8320007
6.00004023E-6,4.40000010,11.8400002
6.40004055E-6,4.59999990,11.8400002
6.80004041E-6,4.40000010,11.8320007
7.20004027E-6,4.40000010,11.8400002
7.600040590E-6,4.40000010,11.8240004
8.000039998E-6,4.40000010,11.8320007
8.400040315E-6,4.40000010,11.8400002
8.800040632E-6,4.40000010,11.8400002
9.200040040E-6,4.20000029,11.8400002
9.600040357E-6,4.40000010,11.8400002
10.0000407E-6,4.59999990,11.8320007
10.4000401E-6,4.59999990,11.8400002
10.8000404E-6,4.40000010,11.8320007
11.2000407E-6,4.40000010,11.8240004
11.6000401E-6,4.59999990,11.8320007
12.0000404E-6,4.40000010,11.8240004
12.4000408E-6,4.20000029,11.8400002
12.8000402E-6,4.40000010,11.8240004
13.2000405E-6,4.59999990,11.8320007
13.6000408E-6,4.40000010,11.8320007
14.0000402E-6,4.40000010,11.8240004
14.4000405E-6,4.40000010,11.8400002
14.8000408E-6,4.40000010,11.8240004
15.2000403E-6,4.59999990,11.8320007
15.6000406E-6,4.40000010,11.8160009
16.0000400E-6,4.40000010,11.8480005
16.4000412E-6,4.59999990,11.8240004
16.8000406E-6,4.40000010,11.8320007
17.2000400E-6,4.40000010,11.8320007
17.6000412E-6,4.59999990,11.8320007
18.0000407E-6,4.59999990,11.8240004
18.4000401E-6,4.40000010,11.8320007
18.8000413E-6,4.40000010,11.8240004
19.2000407E-6,4.59999990,11.8320007
19.6000401E-6,4.40000010,11.8320007
20.0000413E-6,4.40000010,11.8320007
20.40004074E-6,4.80000019,11.8240004
20.80004015E-6,4.20000029,11.8320007
21.20004137E-6,4.40000010,11.8400002
21.60004078E-6,4.59999990,11.8160009
22.00004019E-6,4.40000010,11.8240004
22.40004142E-6,4.20000029,11.8320007
22.80004082E-6,4.20000029,11.8240004
23.20004023E-6,4.40000010,11.8240004
23.60004146E-6,4.40000010,11.8240004
24.00004087E-6,4.59999990,11.8320007
24.40004027E-6,4.80000019,11.8240004
24.80003968E-6,4.80000019,11.8320007
25.20004091E-6,4.59999990,11.8240004
25.60004032E-6,4.40000010,11.8320007
26.00003972E-6,4.40000010,11.8240004
26.40004095E-6,4.59999990,11.8320007
26.80004036E-6,4.40000010,11.8320007
27.20003977E-6,4.40000010,11.8320007
27.60004099E-6,4.40000010,11.8240004
28.00004040E-6,4.40000010,11.8400002
28.40003981E-6,4.40000010,11.8160009
28.80004104E-6,4.59999990,11.8240004
29.20004044E-6,4.40000010,11.8240004
29.60003985E-6,4.59999990,11.8240004
30.00004108E-6,4.59999990,11.8240004
30.40004049E-6,4.40000010,11.8240004
30.80004171E-6,4.40000010,11.8400002
31.20004112E-6,4.20000029,11.8240004
31.60004053E-6,4.40000010,11.8240004
32.00003994E-6,4.59999990,11.8240004
32.40003934E-6,4.59999990,11.8400002
32.80004239E-6,4.40000010,11.8240004
33.20004180E-6,4.20000029,11.8400002
33.60004121E-6,4.40000010,11.8240004
34.00004061E-6,4.40000010,11.8240004
34.40004002E-6,4.40000010,11.8240004
34.80003943E-6,4.40000010,11.8320007
35.20004248E-6,4.40000010,11.8320007
35.60004188E-6,4.40000010,11.8240004
36.00004129E-6,4.40000010,11.8320007
36.40004070E-6,4.40000010,11.8320007
36.80004011E-6,4.40000010,11.8320007
37.20003951E-6,4.40000010,11.8320007
37.60003892E-6,4.40000010,11.8320007
38.00004197E-6,4.20000029,11.8320007
38.40004138E-6,4.59999990,11.8320007
38.80004078E-6,4.40000010,11.8240004
39.20004019E-6,4.40000010,11.8320007
39.60003960E-6,4.40000010,11.8240004
40.00003901E-6,4.40000010,11.8320007
40.40004205E-6,4.40000010,11.8240004
40.80004146E-6,4.20000029,11.8320007
41.20004087E-6,4.20000029,11.8400002
41.60004028E-6,4.59999990,11.8400002
42.00003968E-6,4.40000010,11.8320007
42.40003909E-6,4.20000029,11.8480005
42.80004214E-6,4.59999990,11.8400002
43.20004155E-6,4.40000010,11.8240004
43.60004095E-6,4.40000010,11.8320007
44.00004036E-6,4.59999990,11.8400002
44.40003977E-6,4.40000010,11.8320007
44.80003918E-6,4.40000010,11.8240004
45.20004222E-6,4.59999990,11.8240004
45.60004163E-6,4.20000029,11.8240004
46.00004104E-6,4.40000010,11.8400002
46.40004045E-6,4.40000010,11.8320007
46.80003985E-6,4.59999990,11.8400002
47.20003926E-6,4.40000010,11.8320007
47.60004231E-6,4.40000010,11.8320007
48.00004172E-6,4.40000010,11.8240004
48.40004112E-6,4.40000010,11.8240004
48.80004053E-6,4.40000010,11.8240004
49.20003994E-6,4.40000010,11.8320007
49.60003935E-6,4.59999990,11.8320007
50.00004239E-6,4.40000010,11.8320007
50.40004180E-6,4.40000010,11.8240004
50.80004121E-6,4.40000010,11.8240004
51.20004062E-6,4.40000010,11.8320007
51.60004002E-6,4.40000010,11.8240004
52.00003943E-6,4.40000010,11.8240004
52.40004248E-6,4.59999990,11.8320007
52.80004189E-6,4.59999990,11.8240004
53.20004129E-6,4.59999990,11.8240004
53.60004070E-6,4.40000010,11.8240004
54.00004011E-6,4.40000010,11.8240004
54.40003952E-6,4.40000010,11.8320007
54.800042562E-6,4.40000010,11.8240004
55.200041970E-6,4.59999990,11.8320007
55.600041378E-6,4.40000010,11.8240004
56.000040786E-6,4.59999990,11.8160009
56.400040194E-6,4.40000010,11.8400002
56.800039602E-6,4.40000010,11.8240004
57.200042647E-6,4.40000010,11.8400002
57.600042055E-6,4.40000010,11.8240004
58.000041463E-6,4.59999990,11.8320007
58.400040871E-6,4.40000010,11.8240004
58.800040279E-6,4.59999990,11.8240004
59.200039686E-6,4.40000010,11.8320007
59.600042732E-6,4.59999990,11.8080006
60.000042140E-6,4.80000019,11.8160009
60.400041548E-6,4.20000029,11.8320007
60.800040956E-6,4.40000010,11.8240004
61.200044001E-6,4.40000010,11.8320007
61.600039771E-6,4.59999990,11.8320007
62.000042817E-6,4.40000010,11.8160009
62.400038587E-6,4.40000010,11.8160009
62.800041633E-6,4.40000010,11.8320007
63.200044679E-6,4.59999990,11.8240004
63.600040448E-6,4.40000010,11.8240004
64.000043494E-6,4.59999990,11.8320007
64.400039264E-6,4.40000010,11.8240004
64.800042310E-6,4.40000010,11.8400002
65.200038080E-6,4.40000010,11.8320007
65.600041125E-6,4.59999990,11.8240004
66.000044171E-6,4.40000010,11.8160009
66.400039941E-6,4.40000010,11.8320007
66.800042987E-6,4.40000010,11.8400002
67.200038757E-6,4.20000029,11.8240004
67.600041803E-6,4.40000010,11.8320007
68.000037572E-6,4.59999990,11.8240004
68.400040618E-6,4.40000010,11.8240004
68.800043664E-6,4.40000010,11.8160009
69.200039434E-6,4.80000019,11.8160009
69.600042480E-6,4.20000029,11.8240004
70.000038249E-6,4.59999990,11.8400002
70.400041295E-6,4.80000019,11.8240004
70.800044341E-6,4.40000010,11.8160009
71.200040111E-6,4.40000010,11.8240004
71.600043157E-6,4.20000029,11.8240004
72.000038926E-6,4.40000010,11.8160009
72.400041972E-6,4.59999990,11.8240004
72.800037742E-6,4.59999990,11.8160009
73.200040788E-6,4.59999990,11.8240004
73.600043834E-6,4.40000010,11.8320007
74.000039604E-6,4.40000010,11.8240004
74.400042649E-6,4.59999990,11.8240004
74.800038419E-6,4.59999990,11.8240004
75.200041465E-6,4.40000010,11.8320007
75.600044511E-6,4.59999990,11.8320007
76.000040281E-6,4.59999990,11.8240004
76.400043326E-6,4.20000029,11.8240004
76.800039096E-6,4.20000029,11.8240004
77.200042142E-6,4.40000010,11.8400002
77.600037912E-6,4.40000010,11.8240004
78.000040958E-6,4.40000010,11.8240004
78.400044004E-6,4.59999990,11.8320007
78.800039773E-6,4.40000010,11.8320007
79.200042819E-6,4.40000010,11.8240004
79.600038589E-6,4.40000010,11.8160009
80.000041635E-6,4.40000010,11.8320007
80.400044681E-6,4.20000029,11.8320007
80.800040450E-6,4.40000010,11.8240004
81.200043496E-6,4.20000029,11.8320007
81.600039266E-6,4.40000010,11.8400002
82.000042312E-6,4.40000010,11.8320007
82.400038082E-6,4.40000010,11.8400002
82.800041127E-6,4.40000010,11.8400002
83.200044173E-6,4.40000010,11.8160009
83.600039943E-6,5.00000000,11.8240004
84.000042989E-6,4.40000010,11.8400002
84.400038759E-6,4.40000010,11.8320007
84.800041805E-6,4.59999990,11.8240004
85.200044850E-6,4.40000010,11.8240004
85.600040620E-6,4.59999990,11.8320007
86.000043666E-6,4.40000010,11.8320007
86.400039436E-6,4.40000010,11.8320007
86.800042482E-6,4.80000019,11.8240004
87.200038251E-6,4.40000010,11.8240004
87.600041297E-6,4.59999990,11.8240004
88.000044343E-6,4.40000010,11.8160009
88.400040113E-6,4.20000029,11.8320007
88.800043159E-6,4.40000010,11.8240004
89.200038929E-6,4.40000010,11.8240004
89.600041974E-6,4.40000010,11.8240004
90.000037744E-6,4.40000010,11.8320007
90.400040790E-6,4.20000029,11.8400002
90.800043836E-6,4.59999990,11.8240004
91.200039606E-6,4.40000010,11.8160009
91.600042651E-6,4.40000010,11.8240004
92.000038421E-6,4.20000029,11.8320007
92.400041467E-6,4.59999990,11.8240004
92.800044513E-6,4.40000010,11.8320007
93.200040283E-6,4.40000010,11.8400002
93.600043328E-6,4.80000019,11.8320007
94.000039098E-6,4.40000010,11.8400002
94.400042144E-6,4.59999990,11.8240004
94.800037914E-6,4.20000029,11.8320007
95.200040960E-6,4.59999990,11.8240004
95.600044006E-6,4.40000010,11.8240004
96.000039775E-6,4.20000029,11.8160009
96.400042821E-6,4.40000010,11.8240004
96.800038591E-6,4.40000010,11.8400002
97.200041637E-6,4.59999990,11.8240004
97.600044683E-6,4.40000010,11.8240004
98.000040452E-6,4.40000010,11.8400002
98.400043498E-6,4.59999990,11.8240004
98.800039268E-6,4.40000010,11.8080006
99.200042314E-6,4.59999990,11.8240004
99.600038084E-6,4.59999990,11.8160009
100.0000411E-6,4.40000010,11.8240004
100.4000442E-6,4.59999990,11.8240004
100.8000399E-6,4.40000010,11.8400002
101.2000430E-6,4.40000010,11.8240004
101.6000388E-6,4.20000029,11.8400002
102.0000418E-6,4.40000010,11.8240004
102.4000449E-6,4.40000010,11.8240004
102.8000406E-6,4.59999990,11.8400002
103.2000437E-6,4.40000010,11.8320007
103.6000394E-6,4.80000019,11.8320007
104.0000425E-6,4.40000010,11.7920008
104.4000383E-6,4.59999990,11.8480005
104.8000413E-6,4.40000010,11.8400002
105.2000443E-6,4.40000010,11.8240004
105.6000401E-6,4.59999990,11.8320007
106.0000432E-6,4.80000019,11.8400002
106.4000389E-6,4.59999990,11.8320007
106.8000420E-6,4.40000010,11.8240004
107.2000450E-6,4.20000029,11.8320007
107.6000408E-6,4.59999990,11.8320007
108.0000438E-6,4.59999990,11.8240004
108.4000396E-6,4.40000010,11.8240004
108.8000427E-6,4.40000010,11.8240004
109.2000384E-6,4.59999990,11.8320007
109.6000415E-6,4.59999990,11.8240004
110.0000445E-6,4.59999990,11.8320007
110.4000403E-6,4.40000010,11.8160009
110.8000433E-6,4.40000010,11.8320007
111.2000391E-6,4.40000010,11.8320007
111.6000421E-6,4.40000010,11.8320007
112.0000452E-6,4.59999990,11.8240004
112.4000410E-6,4.59999990,11.8400002
112.8000440E-6,4.20000029,11.8320007
113.2000398E-6,4.40000010,11.8160009
113.6000428E-6,4.59999990,11.8240004
114.0000386E-6,4.40000010,11.8320007
114.4000416E-6,4.59999990,11.8320007
114.8000447E-6,4.40000010,11.8240004
115.2000405E-6,4.59999990,11.8400002
115.6000435E-6,4.40000010,11.8320007
116.0000393E-6,4.40000010,11.8320007
116.4000423E-6,4.40000010,11.8160009
116.8000381E-6,4.20000029,11.8240004
117.2000411E-6,4.40000010,11.8400002
117.6000442E-6,4.80000019,11.8400002
118.0000399E-6,4.59999990,11.8240004
118.4000430E-6,4.20000029,11.8400002
118.8000388E-6,4.20000029,11.8320007
119.2000418E-6,4.20000029,11.8240004
119.6000449E-6,4.59999990,11.8160009
120.0000406E-6,4.20000029,11.8320007
120.4000437E-6,4.59999990,11.8320007
120.8000394E-6,4.20000029,11.8160009
121.2000425E-6,4.59999990,11.8160009
121.6000383E-6,4.40000010,11.8240004
122.0000413E-6,4.20000029,11.8240004
122.4000443E-6,4.40000010,11.8160009
122.8000474E-6,4.40000010,11.8240004
123.2000359E-6,4.59999990,11.8320007
123.6000389E-6,4.59999990,11.8240004
124.0000420E-6,4.20000029,11.8240004
124.4000450E-6,4.59999990,11.8400002
124.8000481E-6,4.40000010,11.8320007
125.2000366E-6,4.40000010,11.8320007
125.6000396E-6,4.59999990,11.8080006
126.0000427E-6,4.20000029,11.8240004
126.4000457E-6,4.40000010,11.8240004
126.8000487E-6,4.20000029,11.8320007
127.2000372E-6,4.40000010,11.8240004
127.6000403E-6,4.40000010,11.8160009
128.0000433E-6,4.59999990,11.8240004
128.4000464E-6,4.59999990,11.8160009
128.8000349E-6,4.59999990,11.8080006
129.2000379E-6,4.40000010,11.8320007
129.6000410E-6,4.20000029,11.8160009
130.0000440E-6,4.40000010,11.8160009
130.4000471E-6,4.59999990,11.8080006
130.8000355E-6,4.40000010,11.8240004
131.2000386E-6,4.40000010,11.8320007
131.6000416E-6,4.40000010,11.8240004
132.0000447E-6,4.20000029,11.8320007
132.4000477E-6,4.40000010,11.8240004
132.8000362E-6,4.59999990,11.8320007
133.2000393E-6,4.40000010,11.8240004
133.6000423E-6,4.59999990,11.8240004
134.0000454E-6,4.59999990,11.8240004
134.4000484E-6,4.80000019,11.8320007
134.8000369E-6,4.40000010,11.8160009
135.2000399E-6,4.40000010,11.8240004
135.6000430E-6,4.59999990,11.8160009
136.0000460E-6,4.40000010,11.8400002
136.4000491E-6,4.40000010,11.8320007
136.8000376E-6,4.40000010,11.8320007
137.2000406E-6,4.59999990,11.8320007
137.6000437E-6,4.59999990,11.8240004
138.0000467E-6,4.40000010,11.8240004
138.4000352E-6,4.59999990,11.8240004
138.8000383E-6,4.59999990,11.8240004
139.2000413E-6,4.80000019,11.8160009
139.6000443E-6,4.20000029,11.8240004
140.0000474E-6,4.59999990,11.8240004
140.4000359E-6,4.40000010,11.8240004
140.8000389E-6,4.59999990,11.8240004
141.2000420E-6,4.40000010,11.8240004
141.6000450E-6,4.40000010,11.8160009
142.0000481E-6,4.20000029,11.8160009
142.4000366E-6,4.59999990,11.8160009
142.8000396E-6,4.40000010,11.8320007
143.2000427E-6,4.59999990,11.8160009
143.6000457E-6,4.59999990,11.8400002
144.0000487E-6,4.40000010,11.8160009
144.4000372E-6,4.59999990,11.8240004
144.8000403E-6,4.40000010,11.8240004
145.2000433E-6,4.59999990,11.8320007
145.6000464E-6,4.40000010,11.8320007
146.0000349E-6,4.40000010,11.8320007
146.4000379E-6,4.40000010,11.8240004
146.8000410E-6,4.59999990,11.8240004
147.2000440E-6,4.80000019,11.8160009
147.6000471E-6,4.40000010,11.8400002
148.0000356E-6,4.20000029,11.8240004
148.4000386E-6,4.80000019,11.9040003
148.80004164E-6,4.40000010,11.8080006
149.20004469E-6,4.80000019,11.8160009
149.60004773E-6,4.59999990,11.8240004
150.00003623E-6,4.40000010,11.8320007
150.40003927E-6,4.40000010,11.8240004
150.80004232E-6,4.20000029,11.8240004
151.20004537E-6,4.40000010,11.8160009
151.60004841E-6,4.59999990,11.8160009
152.00003691E-6,4.40000010,11.8080006
152.40003995E-6,4.40000010,11.8240004
152.80004300E-6,4.59999990,11.8160009
153.20004604E-6,4.40000010,11.8240004
153.60004909E-6,4.40000010,11.8240004
154.00003758E-6,4.80000019,11.8320007
154.40004063E-6,4.59999990,11.8240004
154.80004367E-6,4.59999990,11.8240004
155.20004672E-6,4.59999990,11.8160009
155.60003521E-6,4.40000010,11.8160009
156.00003826E-6,4.40000010,11.8240004
156.40004131E-6,4.40000010,11.8240004
156.80004435E-6,4.59999990,11.8160009
157.20004740E-6,4.59999990,11.8240004
157.60003589E-6,4.59999990,11.8160009
158.00003894E-6,4.40000010,11.8240004
158.40004198E-6,4.40000010,11.8320007
158.80004503E-6,4.20000029,11.8240004
159.20004807E-6,4.40000010,11.8240004
159.60003657E-6,4.40000010,11.8240004
160.00003961E-6,4.59999990,11.8320007
160.40004266E-6,4.40000010,11.8240004
160.80004571E-6,4.40000010,11.8320007
161.20004875E-6,4.40000010,11.8160009
161.60003725E-6,4.40000010,11.8240004
162.00004029E-6,4.40000010,11.8320007
162.40004334E-6,4.20000029,11.8240004
162.80004638E-6,4.59999990,11.8160009
163.20004943E-6,4.40000010,11.8320007
163.60003792E-6,4.40000010,11.8160009
164.00004097E-6,4.59999990,11.8240004
164.40004401E-6,4.20000029,11.8160009
164.80004706E-6,4.40000010,11.8320007
165.20003555E-6,4.40000010,11.8240004
165.60003860E-6,4.59999990,11.8240004
166.00004165E-6,4.59999990,11.8240004
166.40004469E-6,4.20000029,11.8240004
166.80004774E-6,4.80000019,11.8240004
167.20003623E-6,4.40000010,11.8240004
167.60003928E-6,4.20000029,11.8320007
168.00004232E-6,4.40000010,11.8160009
168.40004537E-6,4.59999990,11.8240004
168.80004841E-6,4.40000010,11.8240004
169.20003691E-6,4.59999990,11.8240004
169.60003995E-6,-200.00000298E-3,11.8400002
170.00004300E-6,0.0,11.8960009
170.40004604E-6,0.0,12.0080004
170.80004909E-6,-200.00000298E-3,11.9040003
171.20003758E-6,-200.00000298E-3,11.8480005
171.60004063E-6,0.0,11.8640003
172.00004368E-6,200.00000298E-3,11.8720007
172.40004672E-6,0.0,11.8720007
172.80003522E-6,-200.00000298E-3,11.8720007
173.20003826E-6,-200.00000298E-3,11.8800001
173.60004131E-6,0.0,11.8720007
174.00004435E-6,-200.00000298E-3,11.8800001
174.40004740E-6,-200.00000298E-3,11.8560009
174.80003589E-6,0.0,11.8640003
175.20003894E-6,0.0,11.8720007
175.60004198E-6,0.0,11.8720007
176.00004503E-6,0.0,11.8720007
176.40004808E-6,-200.00000298E-3,11.8640003
176.80003657E-6,0.0,11.8720007
177.20003962E-6,-200.00000298E-3,11.8800001
177.60004266E-6,-200.00000298E-3,11.8880005
178.00004571E-6,-200.00000298E-3,11.8720007
178.40004875E-6,200.00000298E-3,11.8720007
178.80003725E-6,200.00000298E-3,11.8880005
179.20004029E-6,-400.00000596E-3,11.8640003
179.60004334E-6,-200.00000298E-3,11.8720007
180.00004638E-6,-200.00000298E-3,11.8560009
180.40004943E-6,0.0,11.8640003
180.80003792E-6,-400.00000596E-3,11.8720007
181.20004097E-6,-200.00000298E-3,11.8640003
181.60004402E-6,0.0,11.8560009
182.00004706E-6,0.0,11.8720007
182.40003556E-6,200.00000298E-3,11.8640003
182.80003860E-6,-200.00000298E-3,11.8720007
183.20004165E-6,0.0,11.8560009
183.60004469E-6,0.0,11.8480005
184.00004774E-6,-200.00000298E-3,11.8560009
184.40003623E-6,0.0,11.8640003
184.80003928E-6,0.0,11.8640003
185.20004232E-6,0.0,11.8560009
185.60004537E-6,0.0,11.8800001
186.00004842E-6,-200.00000298E-3,11.8800001
186.40003691E-6,-200.00000298E-3,11.8560009
186.80003996E-6,200.00000298E-3,11.8640003
187.20004300E-6,-200.00000298E-3,11.8640003
187.60004605E-6,-200.00000298E-3,11.8640003
188.00004909E-6,0.0,11.8560009
188.40003759E-6,-400.00000596E-3,11.8640003
188.80004063E-6,0.0,11.8800001
189.20004368E-6,200.00000298E-3,11.8640003
189.60004672E-6,200.00000298E-3,11.8720007
190.00004977E-6,-400.00000596E-3,11.8640003
190.40003826E-6,0.0,11.8720007
190.80004131E-6,-200.00000298E-3,11.8640003
191.20004436E-6,-200.00000298E-3,11.8640003
191.60004740E-6,-200.00000298E-3,11.8720007
192.00003590E-6,0.0,11.8720007
192.40003894E-6,0.0,11.8560009
192.80004199E-6,-200.00000298E-3,11.8560009
193.20004503E-6,200.00000298E-3,11.8720007
193.60004808E-6,0.0,11.8720007
194.00003657E-6,0.0,11.8640003
194.40003962E-6,0.0,11.8720007
194.80004266E-6,-200.00000298E-3,11.8560009
195.20004571E-6,0.0,11.8640003
195.60004876E-6,-200.00000298E-3,11.8640003
196.00003725E-6,-200.00000298E-3,11.8640003
196.40004029E-6,200.00000298E-3,11.8560009
196.80004334E-6,-200.00000298E-3,11.8720007
197.20004639E-6,0.0,11.8560009
197.60004943E-6,-200.00000298E-3,11.8560009
198.00003793E-6,-200.00000298E-3,11.8560009
198.40004097E-6,0.0,11.8560009
198.80004402E-6,-200.00000298E-3,11.8560009
199.20004706E-6,-400.00000596E-3,11.8560009
199.60003556E-6,0.0,11.8720007
200.00003860E-6,-200.00000298E-3,11.8560009
200.40004165E-6,0.0,11.8720007
200.80004469E-6,-200.00000298E-3,11.8640003
201.20004774E-6,-200.00000298E-3,11.8720007
201.60003623E-6,-200.00000298E-3,11.8640003
202.00003928E-6,-200.00000298E-3,11.8720007
202.40004233E-6,0.0,11.8560009
202.80004537E-6,0.0,11.8640003
203.20004842E-6,0.0,11.8480005
203.60003691E-6,0.0,11.8560009
204.00003996E-6,0.0,11.8560009
204.40004300E-6,0.0,11.8480005
204.80004605E-6,-400.00000596E-3,11.8640003
205.20004909E-6,-200.00000298E-3,11.8560009
205.60003759E-6,0.0,11.8640003
206.00004063E-6,-200.00000298E-3,11.8640003
206.40004368E-6,0.0,11.8640003
206.80004673E-6,0.0,11.8640003
207.20004977E-6,-200.00000298E-3,11.8640003
207.60003827E-6,0.0,11.8560009
208.00004131E-6,-200.00000298E-3,11.8640003
208.40004436E-6,0.0,11.8640003
208.80004740E-6,200.00000298E-3,11.8560009
209.20003590E-6,-200.00000298E-3,11.8720007
209.60003894E-6,-200.00000298E-3,11.8720007
210.00004199E-6,-200.00000298E-3,11.8720007
210.40004503E-6,0.0,11.8640003
210.80004808E-6,-200.00000298E-3,11.8640003
211.20003657E-6,0.0,11.8560009
211.60003962E-6,200.00000298E-3,11.8560009
212.00004267E-6,0.0,11.8720007
212.40004571E-6,0.0,11.8640003
212.80004876E-6,0.0,11.8720007
213.20003725E-6,0.0,11.8560009
213.60004030E-6,-200.00000298E-3,11.8640003
214.00004334E-6,0.0,11.8560009
214.40004639E-6,-200.00000298E-3,11.8560009
214.80004943E-6,-200.00000298E-3,11.8640003
215.20003793E-6,-200.00000298E-3,11.8720007
215.60004097E-6,200.00000298E-3,11.8640003
216.00004402E-6,-200.00000298E-3,11.8560009
216.40004707E-6,0.0,11.8560009
216.80005011E-6,-200.00000298E-3,11.8640003
217.20003861E-6,-200.00000298E-3,11.8800001
217.60004165E-6,0.0,11.8560009
218.00004470E-6,0.0,11.8640003
218.40004774E-6,0.0,11.8720007
218.80003624E-6,0.0,11.8640003
219.20003928E-6,200.00000298E-3,11.8720007
219.60004233E-6,-200.00000298E-3,11.8560009
220.00004537E-6,-200.00000298E-3,11.8560009
220.40004842E-6,-200.00000298E-3,11.8640003
220.80003691E-6,-200.00000298E-3,11.8640003
221.20003996E-6,-200.00000298E-3,11.8640003
221.60004301E-6,0.0,11.8560009
222.00004605E-6,0.0,11.8560009
222.40004910E-6,0.0,11.8560009
222.80003759E-6,0.0,11.8560009
223.20004064E-6,0.0,11.8560009
223.60004368E-6,0.0,11.8480005
224.00004673E-6,-200.00000298E-3,11.8640003
224.40004977E-6,0.0,11.8560009
224.80003827E-6,-200.00000298E-3,11.8560009
225.20004131E-6,0.0,11.8640003
225.60004436E-6,-200.00000298E-3,11.8560009
226.00004741E-6,0.0,11.8640003
226.40003590E-6,0.0,11.8560009
226.80003894E-6,0.0,11.8640003
227.20004199E-6,0.0,11.8640003
227.60004504E-6,200.00000298E-3,11.8560009
228.00004808E-6,0.0,11.8480005
228.40003658E-6,-200.00000298E-3,11.8560009
228.80003962E-6,-200.00000298E-3,11.8560009
229.20004267E-6,-200.00000298E-3,11.8640003
229.60004571E-6,-200.00000298E-3,11.8480005
230.00004876E-6,-200.00000298E-3,11.8640003
230.40003725E-6,-200.00000298E-3,11.8560009
230.80004030E-6,-400.00000596E-3,11.8640003
231.20004334E-6,-200.00000298E-3,11.8480005
231.60004639E-6,-400.00000596E-3,11.8640003
232.00004944E-6,0.0,11.8560009
232.40003793E-6,-200.00000298E-3,11.8480005
232.80004098E-6,0.0,11.8560009
233.20004402E-6,0.0,11.8480005
233.60004707E-6,0.0,11.8560009
234.00005011E-6,0.0,11.8720007
234.40003861E-6,0.0,11.8400002
234.80004165E-6,0.0,11.8560009
235.20004470E-6,0.0,11.8560009
235.60004774E-6,-200.00000298E-3,11.8480005
236.00003624E-6,0.0,11.8640003
236.40003928E-6,-200.00000298E-3,11.8720007
236.80004233E-6,0.0,11.8640003
237.20004538E-6,-200.00000298E-3,11.8400002
237.60004842E-6,200.00000298E-3,11.8560009
238.00003692E-6,-200.00000298E-3,11.8480005
238.40003996E-6,-200.00000298E-3,11.8560009
238.80004301E-6,-200.00000298E-3,11.8480005
239.20004605E-6,-200.00000298E-3,11.8720007
239.60004910E-6,0.0,11.8560009
240.00003759E-6,-400.00000596E-3,11.8560009
240.40004064E-6,-200.00000298E-3,11.8640003
240.80004368E-6,0.0,11.8640003
241.20004673E-6,0.0,11.8640003
241.60004978E-6,-200.00000298E-3,11.8560009
242.00003827E-6,-200.00000298E-3,11.8640003
242.40004132E-6,0.0,11.8480005
242.80004436E-6,-200.00000298E-3,11.8480005
243.20004741E-6,0.0,11.8560009
243.60003590E-6,-200.00000298E-3,11.8400002
244.00003895E-6,-200.00000298E-3,11.8480005
244.40005654E-6,-200.00000298E-3,11.8240004
244.80003049E-6,-200.00000298E-3,11.8480005
245.20003353E-6,200.00000298E-3,11.8480005
245.60003658E-6,-200.00000298E-3,11.8480005
246.00003962E-6,-200.00000298E-3,11.8400002
246.40004267E-6,-200.00000298E-3,11.8400002
246.80004572E-6,0.0,11.8480005
247.20004876E-6,-200.00000298E-3,11.8400002
247.60005181E-6,0.0,11.8560009
248.00005485E-6,200.00000298E-3,11.8480005
248.40002880E-6,-200.00000298E-3,11.8560009
248.80003184E-6,-400.00000596E-3,11.8400002
249.20003489E-6,-200.00000298E-3,11.8560009
249.60003793E-6,-400.00000596E-3,11.8720007
250.00004098E-6,0.0,11.8640003
250.40004402E-6,0.0,11.8560009
250.80004707E-6,200.00000298E-3,11.8400002
251.20005012E-6,-200.00000298E-3,11.8480005
251.60005316E-6,0.0,11.8480005
252.00005621E-6,-200.00000298E-3,11.8560009
252.40003015E-6,0.0,11.8400002
252.80003319E-6,-200.00000298E-3,11.8480005
253.20003624E-6,0.0,11.8480005
253.60003929E-6,0.0,11.8480005
254.00004233E-6,0.0,11.8480005
254.40004538E-6,-200.00000298E-3,11.8480005
254.80004842E-6,-200.00000298E-3,11.8480005
255.20005147E-6,0.0,11.8560009
255.60005452E-6,-200.00000298E-3,11.8320007
256.00005756E-6,-200.00000298E-3,11.8400002
256.40003150E-6,0.0,11.8400002
256.80003455E-6,-200.00000298E-3,11.8640003
257.20003759E-6,-200.00000298E-3,11.8400002
257.60004064E-6,-200.00000298E-3,11.8480005
258.00004369E-6,0.0,11.8400002
258.40004673E-6,0.0,11.8320007
258.80004978E-6,0.0,11.8480005
259.20005282E-6,0.0,11.8480005
259.60005587E-6,-200.00000298E-3,11.8480005
260.00002981E-6,-200.00000298E-3,11.8480005
260.40003286E-6,-200.00000298E-3,11.8400002
260.80003590E-6,200.00000298E-3,11.8320007
261.20003895E-6,0.0,11.8320007
261.60004199E-6,-200.00000298E-3,11.8400002
262.00004504E-6,0.0,11.8400002
262.40004809E-6,200.00000298E-3,11.8400002
262.80005113E-6,0.0,11.8320007
263.20005418E-6,0.0,11.8400002
263.60005722E-6,0.0,11.8400002
264.00003117E-6,0.0,11.8480005
264.40003421E-6,0.0,11.8480005
264.80003726E-6,0.0,11.8400002
265.20004030E-6,-200.00000298E-3,11.8400002
265.60004335E-6,-200.00000298E-3,11.8320007
266.00004639E-6,-200.00000298E-3,11.8240004
266.40004944E-6,0.0,11.8240004
266.80005249E-6,0.0,11.8400002
267.20005553E-6,0.0,11.8320007
267.60002947E-6,0.0,11.8400002
268.00003252E-6,-200.00000298E-3,11.8560009
268.40003557E-6,0.0,11.8320007
268.80003861E-6,0.0,11.8400002
269.20004166E-6,-400.00000596E-3,11.8320007
269.60004470E-6,0.0,11.8480005
270.00004775E-6,0.0,11.8400002
270.40005079E-6,0.0,11.8400002
270.80005384E-6,0.0,11.8400002
271.20005689E-6,-200.00000298E-3,11.8480005
271.60003083E-6,-200.00000298E-3,11.8320007
272.00003387E-6,-200.00000298E-3,11.8320007
272.40003692E-6,0.0,11.8400002
272.80003997E-6,200.00000298E-3,11.8400002
273.20004301E-6,0.0,11.8320007
273.60004606E-6,200.00000298E-3,11.8320007
274.00004910E-6,0.0,11.8400002
274.40005215E-6,-400.00000596E-3,11.8400002
274.80005519E-6,200.00000298E-3,11.8400002
275.20002914E-6,0.0,11.8320007
275.60003218E-6,0.0,11.8320007
276.00003523E-6,0.0,11.8320007
276.40003827E-6,0.0,11.8320007
276.80004132E-6,-200.00000298E-3,11.8240004
277.20004437E-6,-200.00000298E-3,11.8320007
277.60004741E-6,-200.00000298E-3,11.8400002
278.00005046E-6,0.0,11.8320007
278.40005350E-6,-400.00000596E-3,11.8480005
278.80005655E-6,-400.00000596E-3,11.8560009
279.20003049E-6,-200.00000298E-3,11.8480005
279.60003354E-6,-200.00000298E-3,11.8320007
280.00003658E-6,-200.00000298E-3,11.8400002
280.40003963E-6,0.0,11.8320007
280.80004267E-6,0.0,11.8480005
281.20004572E-6,0.0,11.8320007
281.60004877E-6,0.0,11.8400002
282.00005181E-6,0.0,11.8240004
282.40005486E-6,-200.00000298E-3,11.8320007
282.80005790E-6,0.0,11.8320007
283.20003184E-6,0.0,11.8240004
283.60003489E-6,-400.00000596E-3,11.8400002
284.00003794E-6,-200.00000298E-3,11.8480005
284.40004098E-6,0.0,11.8320007
284.80004403E-6,200.00000298E-3,11.8400002
285.20004707E-6,200.00000298E-3,11.8320007
285.60005012E-6,-200.00000298E-3,11.8400002
286.00005317E-6,0.0,11.8320007
286.40005621E-6,-200.00000298E-3,11.8400002
286.80003015E-6,0.0,11.8320007
287.20003320E-6,0.0,11.8320007
287.60003624E-6,0.0,11.8320007
288.00003929E-6,0.0,11.8400002
288.40004234E-6,-200.00000298E-3,11.8320007
288.80004538E-6,-200.00000298E-3,11.8240004
289.20004843E-6,0.0,11.8400002
289.60005147E-6,-200.00000298E-3,11.8400002
290.00005452E-6,0.0,11.8320007
290.40005757E-6,0.0,11.8320007
290.80003151E-6,0.0,11.8400002
291.20003455E-6,-200.00000298E-3,11.8320007
291.60003760E-6,-200.00000298E-3,11.8400002
292.00004064E-6,-200.00000298E-3,11.8320007
292.40004369E-6,-200.00000298E-3,11.8240004
292.80004674E-6,200.00000298E-3,11.8240004
293.20004978E-6,-200.00000298E-3,11.8240004
293.60005283E-6,0.0,11.8320007
294.00005587E-6,-400.00000596E-3,11.7120008
294.40002982E-6,-200.00000298E-3,11.8800001
294.80003286E-6,-200.00000298E-3,11.8320007
295.20003591E-6,-400.00000596E-3,11.8400002
295.60003895E-6,-200.00000298E-3,11.8320007
296.00004200E-6,-200.00000298E-3,11.8320007
296.40004504E-6,-200.00000298E-3,11.8400002
296.80004809E-6,-200.00000298E-3,11.8320007
297.20005114E-6,200.00000298E-3,11.8480005
297.60005418E-6,200.00000298E-3,11.8320007
298.00005723E-6,-200.00000298E-3,11.8400002
298.40003117E-6,0.0,11.8320007
298.80003422E-6,0.0,11.8320007
299.20003726E-6,200.00000298E-3,11.8400002
299.60004031E-6,-400.00000596E-3,11.8320007
300.00004335E-6,-200.00000298E-3,11.8320007
300.40004640E-6,-200.00000298E-3,11.8320007
300.80004944E-6,0.0,11.8320007
301.20005249E-6,-200.00000298E-3,11.8400002
301.60005554E-6,200.00000298E-3,11.8240004
302.00002948E-6,200.00000298E-3,11.8320007
302.40003252E-6,200.00000298E-3,11.8320007
302.80003557E-6,0.0,11.8240004
303.20003862E-6,-200.00000298E-3,11.8400002
303.60004166E-6,-200.00000298E-3,11.8240004
304.00004471E-6,0.0,11.8320007
304.40004775E-6,0.0,11.8320007
304.80005080E-6,-200.00000298E-3,11.8400002
305.20005384E-6,-200.00000298E-3,11.8320007
305.60005689E-6,0.0,11.8400002
306.00003083E-6,200.00000298E-3,11.8320007
306.40003388E-6,-200.00000298E-3,11.8400002
306.80003692E-6,-200.00000298E-3,11.8320007
307.20003997E-6,-200.00000298E-3,11.8320007
307.60004302E-6,-200.00000298E-3,11.8320007
308.00004606E-6,-200.00000298E-3,11.8320007
308.40004911E-6,-200.00000298E-3,11.8320007
308.80005215E-6,-200.00000298E-3,11.8480005
309.20005520E-6,0.0,11.8400002
309.60005824E-6,0.0,11.8400002
310.00003219E-6,-200.00000298E-3,11.8320007
310.40003523E-6,-200.00000298E-3,11.8480005
310.80003828E-6,-200.00000298E-3,11.8240004
311.20004132E-6,-200.00000298E-3,11.8400002
311.60004437E-6,-200.00000298E-3,11.8160009
312.00004742E-6,0.0,11.8240004
312.40005046E-6,200.00000298E-3,11.8240004
312.80005351E-6,-200.00000298E-3,11.8400002
313.20005655E-6,200.00000298E-3,11.8320007
313.60003049E-6,0.0,11.8400002
314.00003354E-6,-200.00000298E-3,11.8400002
314.40003659E-6,-200.00000298E-3,11.8480005
314.80003963E-6,-200.00000298E-3,11.8400002
315.20004268E-6,0.0,11.8400002
315.60004572E-6,0.0,11.8160009
316.00004877E-6,0.0,11.8240004
316.40005182E-6,0.0,11.8480005
316.80005486E-6,0.0,11.8320007
317.20005791E-6,0.0,11.8160009
317.60003185E-6,-200.00000298E-3,11.8240004
318.00003489E-6,-200.00000298E-3,11.8320007
318.40003794E-6,-200.00000298E-3,11.8480005
318.80004099E-6,-200.00000298E-3,11.8480005
319.20004403E-6,-200.00000298E-3,11.8320007
319.60004708E-6,-200.00000298E-3,11.8400002
320.00005012E-6,-200.00000298E-3,11.8400002
320.40005317E-6,-400.00000596E-3,11.8480005
320.80005622E-6,-200.00000298E-3,11.8400002
321.20003016E-6,-200.00000298E-3,11.8400002
321.60003320E-6,-200.00000298E-3,11.8400002
322.00003625E-6,0.0,11.8160009
322.40003929E-6,-200.00000298E-3,11.8400002
322.80004234E-6,-200.00000298E-3,11.8240004
323.20004539E-6,0.0,11.8240004
323.60004843E-6,-200.00000298E-3,11.8480005
324.00005148E-6,-200.00000298E-3,11.8320007
324.40005452E-6,0.0,11.8320007
324.80005757E-6,0.0,11.8400002
325.20003151E-6,0.0,11.8480005
325.60003456E-6,-200.00000298E-3,11.8320007
326.00003760E-6,0.0,11.8400002
326.40004065E-6,0.0,11.8240004
326.80004369E-6,0.0,11.8240004
327.20004674E-6,0.0,11.8320007
327.60004979E-6,-200.00000298E-3,11.8320007
328.00005283E-6,-200.00000298E-3,11.8400002
328.40005588E-6,0.0,11.8320007
328.80002982E-6,-200.00000298E-3,11.8320007
329.20003287E-6,-200.00000298E-3,11.8480005
329.60003591E-6,-200.00000298E-3,11.8400002
330.00003896E-6,200.00000298E-3,11.8320007
330.40004200E-6,200.00000298E-3,11.8480005
330.80004505E-6,200.00000298E-3,11.8400002
331.20004809E-6,-200.00000298E-3,11.8240004
331.60005114E-6,0.0,11.8320007
332.00005419E-6,-200.00000298E-3,11.8320007
332.40005723E-6,0.0,11.8320007
332.80003117E-6,-400.00000596E-3,11.8320007
333.20003422E-6,0.0,11.8400002
333.60003727E-6,-200.00000298E-3,11.8560009
334.00004031E-6,0.0,11.8320007
334.40004336E-6,200.00000298E-3,11.8240004
334.80004640E-6,-200.00000298E-3,11.8240004
335.20004945E-6,-200.00000298E-3,11.8400002
335.60005249E-6,0.0,11.8320007
336.00005554E-6,4.20000029,11.8320007
336.40005859E-6,4.40000010,11.8080006
336.80003253E-6,4.40000010,11.8320007
337.20003557E-6,4.59999990,11.8400002
337.60003862E-6,4.40000010,11.8080006
338.00004167E-6,4.59999990,11.8240004
338.40004471E-6,4.59999990,11.8320007
338.80004776E-6,4.40000010,11.8560009
339.20005080E-6,4.40000010,11.8320007
339.60005385E-6,4.00000000,11.8240004
340.00005689E-6,4.40000010,11.8320007
340.40003084E-6,4.59999990,11.8400002
340.80003388E-6,4.59999990,11.8400002
341.20003693E-6,4.40000010,11.8240004
341.60003997E-6,4.59999990,11.8320007
342.00004302E-6,4.40000010,11.8320007
342.40004607E-6,4.80000019,11.8400002
342.80004911E-6,4.20000029,11.8320007
343.20005216E-6,4.40000010,11.8480005
343.60005520E-6,4.40000010,11.8240004
344.00005825E-6,4.40000010,11.8240004
344.40003219E-6,4.59999990,11.8320007
344.80003524E-6,4.59999990,11.8240004
345.20003828E-6,4.59999990,11.8320007
345.60004133E-6,4.59999990,11.8320007
346.00004437E-6,4.40000010,11.8320007
346.40004742E-6,4.59999990,11.8400002
346.80005047E-6,4.59999990,11.8400002
347.20005351E-6,4.59999990,11.8400002
347.60005656E-6,4.40000010,11.8240004
348.00003050E-6,4.40000010,11.8400002
348.40003354E-6,4.40000010,11.8320007
348.80003659E-6,4.40000010,11.8400002
349.20003964E-6,4.40000010,11.8400002
349.60004268E-6,4.59999990,11.8240004
350.00004573E-6,4.40000010,11.8240004
350.40004877E-6,4.40000010,11.8320007
350.80005182E-6,4.59999990,11.8320007
351.20005487E-6,4.59999990,11.8320007
351.60005791E-6,4.40000010,11.8240004
352.00003185E-6,4.80000019,11.8320007
352.40003490E-6,4.40000010,11.8400002
352.80003794E-6,4.80000019,11.8320007
353.20004099E-6,4.40000010,11.8240004
353.60004404E-6,4.59999990,11.8320007
354.00004708E-6,4.20000029,11.8320007
354.40005013E-6,4.40000010,11.8320007
354.80005317E-6,4.40000010,11.8320007
355.20005622E-6,4.40000010,11.8400002
355.60003016E-6,4.59999990,11.8240004
356.00003321E-6,4.40000010,11.8240004
356.40003625E-6,4.59999990,11.8320007
356.80003930E-6,4.40000010,11.8320007
357.20004234E-6,4.59999990,11.8320007
357.60004539E-6,4.59999990,11.8320007
358.00004844E-6,4.59999990,11.8320007
358.40005148E-6,4.40000010,11.8320007
358.80005453E-6,4.40000010,11.8320007
359.20005757E-6,4.40000010,11.8320007
359.60003152E-6,4.59999990,11.8320007
360.00003456E-6,4.40000010,11.8400002
360.40003761E-6,4.20000029,11.8400002
360.80004065E-6,4.40000010,11.8240004
361.20004370E-6,4.40000010,11.8240004
361.60004674E-6,4.40000010,11.8320007
362.00004979E-6,4.59999990,11.8320007
362.40005284E-6,4.40000010,11.8400002
362.80005588E-6,4.40000010,11.8400002
363.20005893E-6,4.20000029,11.8320007
363.60003287E-6,4.40000010,11.8480005
364.00003592E-6,4.40000010,11.8480005
364.40003896E-6,4.40000010,11.8400002
364.80004201E-6,4.40000010,11.8320007
365.20004505E-6,4.40000010,11.8240004
365.60004810E-6,4.40000010,11.8320007
366.00005114E-6,4.80000019,11.8560009
366.40005419E-6,4.59999990,11.8320007
366.80005724E-6,4.40000010,11.8320007
367.20003118E-6,4.40000010,11.8320007
367.60003422E-6,4.40000010,11.8320007
368.00003727E-6,4.40000010,11.8240004
368.40004032E-6,4.20000029,11.8320007
368.80004336E-6,4.40000010,11.8400002
369.20004641E-6,4.40000010,11.8320007
369.60004945E-6,4.40000010,11.8320007
370.00005250E-6,4.40000010,11.8320007
370.40005554E-6,4.59999990,11.8320007
370.80005859E-6,4.59999990,11.8400002
371.20003253E-6,4.40000010,11.8400002
371.60003558E-6,4.40000010,11.8320007
372.00003862E-6,4.59999990,11.8320007
372.40004167E-6,4.59999990,11.8240004
372.80004472E-6,4.40000010,11.8320007
373.20004776E-6,4.40000010,11.8320007
373.60005081E-6,4.59999990,11.8320007
374.00005385E-6,4.59999990,11.8400002
374.40005690E-6,4.40000010,11.8240004
374.80003084E-6,4.40000010,11.8320007
375.20003389E-6,4.59999990,11.8400002
375.60003693E-6,4.40000010,11.8320007
376.00003998E-6,4.59999990,11.8240004
376.40004302E-6,4.40000010,11.8320007
376.80004607E-6,4.80000019,11.8480005
377.20004912E-6,4.20000029,11.8240004
377.60005216E-6,4.59999990,11.8320007
378.00005521E-6,4.59999990,11.8320007
378.40005825E-6,4.40000010,11.8400002
378.80003219E-6,4.20000029,11.8320007
379.20003524E-6,4.40000010,11.8240004
379.60003829E-6,4.59999990,11.8240004
380.00004133E-6,4.59999990,11.8400002
380.40004438E-6,4.20000029,11.8320007
380.80004742E-6,4.40000010,11.8240004
381.20005047E-6,4.40000010,11.8320007
381.60005352E-6,4.40000010,11.8320007
382.00005656E-6,4.59999990,11.8320007
382.40003050E-6,4.59999990,11.8320007
382.80003355E-6,4.40000010,11.9520006
383.20003659E-6,4.80000019,11.8240004
383.60003964E-6,4.59999990,11.8240004
384.00004269E-6,4.40000010,11.8400002
384.40004573E-6,4.59999990,11.8320007
384.80004878E-6,4.59999990,11.8400002
385.20005182E-6,4.40000010,11.8400002
385.60005487E-6,4.00000000,11.8320007
386.00005792E-6,4.40000010,11.8320007
386.40003186E-6,4.59999990,11.8240004
386.80003490E-6,4.40000010,11.8400002
387.20003795E-6,4.59999990,11.8400002
387.60004099E-6,4.59999990,11.8320007
388.00004404E-6,4.59999990,11.8320007
388.40004709E-6,4.40000010,11.8320007
388.80005013E-6,4.59999990,11.8240004
389.20005318E-6,4.40000010,11.8400002
389.60005622E-6,4.59999990,11.8240004
390.00005927E-6,4.40000010,11.8240004
390.40003321E-6,4.59999990,11.8320007
390.80003626E-6,4.40000010,11.8240004
391.20003930E-6,4.59999990,11.8320007
391.60004235E-6,4.59999990,11.8320007
392.00004539E-6,4.40000010,11.8480005
392.40004844E-6,4.80000019,11.8240004
392.80005149E-6,4.59999990,11.8240004
393.20005453E-6,4.20000029,11.8400002
393.60005758E-6,4.40000010,11.8480005
394.00003152E-6,4.20000029,11.8320007
394.40003457E-6,4.59999990,11.8400002
394.80003761E-6,4.59999990,11.8240004
395.20004066E-6,4.80000019,11.8240004
395.60004370E-6,4.20000029,11.8240004
396.00004675E-6,4.40000010,11.8320007
396.40004979E-6,4.59999990,11.8320007
396.80005284E-6,4.59999990,11.8240004
397.20005589E-6,4.20000029,11.8240004
397.60005893E-6,4.40000010,11.8160009
398.00003287E-6,4.20000029,11.8320007
398.40003592E-6,4.59999990,11.8400002
398.80003897E-6,4.40000010,11.8400002
399.20004201E-6,4.40000010,11.8400002
399.60004506E-6,4.40000010,11.8320007
400.00004810E-6,4.40000010,11.8240004
400.40005115E-6,4.40000010,11.8320007
400.80005419E-6,4.40000010,11.8320007
401.20005724E-6,4.59999990,11.8320007
401.60003118E-6,4.40000010,11.8320007
402.00003423E-6,4.40000010,11.8240004
402.40003727E-6,4.59999990,11.8320007
402.80004032E-6,4.40000010,11.8240004
403.20004337E-6,4.59999990,11.8320007
403.600046411E-6,4.80000019,11.8400002
404.000049457E-6,4.40000010,11.8320007
404.400052503E-6,4.40000010,11.8160009
404.800055549E-6,4.59999990,11.8240004
405.200058594E-6,4.20000029,11.8400002
405.600032536E-6,4.59999990,11.8320007
406.000035582E-6,4.59999990,11.8320007
406.400038628E-6,4.59999990,11.8240004
406.800041674E-6,4.40000010,11.8320007
407.200044720E-6,4.40000010,11.8320007
407.600047765E-6,4.59999990,11.8400002
408.000050811E-6,4.59999990,11.8400002
408.400053857E-6,4.40000010,11.8240004
408.800056903E-6,4.59999990,11.8320007
409.200030845E-6,4.40000010,11.8320007
409.600033890E-6,4.40000010,11.8320007
410.000036936E-6,4.40000010,11.8320007
410.400039982E-6,4.40000010,11.8240004
410.800043028E-6,4.20000029,11.8320007
411.200046074E-6,4.40000010,11.8400002
411.600049119E-6,4.59999990,11.8400002
412.000052165E-6,4.40000010,11.8320007
412.400055211E-6,4.80000019,11.8320007
412.800058257E-6,4.40000010,11.8320007
413.200032199E-6,4.40000010,11.8320007
413.600035245E-6,4.59999990,11.8400002
414.000038290E-6,4.40000010,11.8400002
414.400041336E-6,4.59999990,11.8320007
414.800044382E-6,4.40000010,11.8400002
415.200047428E-6,4.59999990,11.8400002
415.600050474E-6,4.40000010,11.8080006
416.000053519E-6,4.40000010,11.8240004
416.400056565E-6,4.59999990,11.8320007
416.800059611E-6,4.40000010,11.8160009
417.200033553E-6,4.80000019,11.8240004
417.600036599E-6,4.59999990,11.8400002
418.000039645E-6,4.40000010,11.8240004
418.400042690E-6,4.40000010,11.8320007
418.800045736E-6,4.40000010,11.8320007
419.200048782E-6,4.40000010,11.8320007
419.600051828E-6,4.59999990,11.8400002
420.000054874E-6,4.59999990,11.8400002
420.400057919E-6,4.40000010,11.8240004
420.800031861E-6,4.80000019,11.8240004
421.200034907E-6,4.59999990,11.8240004
421.600037953E-6,4.59999990,11.8320007
422.000040999E-6,4.59999990,11.8240004
422.400044044E-6,4.40000010,11.8160009
422.800047090E-6,4.59999990,11.8400002
423.200050136E-6,4.40000010,11.8400002
423.600053182E-6,4.40000010,11.8400002
424.000056228E-6,4.40000010,11.8400002
424.400059273E-6,4.59999990,11.8320007
424.800033215E-6,4.40000010,11.8320007
425.200036261E-6,4.40000010,11.8240004
425.600039307E-6,4.40000010,11.8240004
426.000042353E-6,4.40000010,11.8240004
426.400045399E-6,4.59999990,11.8400002
426.800048444E-6,4.59999990,11.8320007
427.200051490E-6,4.00000000,11.8240004
427.600054536E-6,4.40000010,11.8320007
428.000057582E-6,4.40000010,11.8320007
428.400031524E-6,4.59999990,11.8400002
428.800034570E-6,4.40000010,11.8240004
429.200037615E-6,4.59999990,11.8240004
429.600040661E-6,4.40000010,11.8320007
430.000043707E-6,4.20000029,11.8240004
430.400046753E-6,4.20000029,11.8320007
430.800049799E-6,4.80000019,11.8240004
431.200052844E-6,4.59999990,11.8400002
431.600055890E-6,4.20000029,11.8320007
432.000058936E-6,4.40000010,11.8240004
432.400032878E-6,4.40000010,11.8400002
432.800035924E-6,4.20000029,11.8320007
433.200038970E-6,4.20000029,11.8320007
433.600042015E-6,4.40000010,11.8240004
434.000045061E-6,4.40000010,11.8400002
434.400048107E-6,4.59999990,11.8320007
434.800051153E-6,4.80000019,11.8240004
435.200054199E-6,4.20000029,11.8400002
435.600057244E-6,4.40000010,11.8320007
436.000031186E-6,4.40000010,11.8320007
436.400034232E-6,4.59999990,11.8320007
436.800037278E-6,4.20000029,11.8400002
437.200040324E-6,4.59999990,11.8320007
437.600043369E-6,4.40000010,11.8320007
438.000046415E-6,4.40000010,11.8400002
438.400049461E-6,4.20000029,11.8400002
438.800052507E-6,4.40000010,11.8240004
439.200055553E-6,4.40000010,11.8240004
439.600058598E-6,4.59999990,11.8240004
440.000032540E-6,4.40000010,11.8240004
440.400035586E-6,4.20000029,11.8080006
440.800038632E-6,4.20000029,11.8160009
441.200041678E-6,4.40000010,11.8320007
441.600044724E-6,4.40000010,11.8160009
442.000047769E-6,4.40000010,11.8160009
442.400050815E-6,4.40000010,11.8320007
442.800053861E-6,4.40000010,11.8160009
443.200056907E-6,4.40000010,11.8400002
443.600059953E-6,4.40000010,11.8320007
444.000033895E-6,4.40000010,11.8160009
444.400036940E-6,4.59999990,11.8320007
444.800039986E-6,4.40000010,11.8320007
445.200043032E-6,4.59999990,11.8320007
445.600046078E-6,4.80000019,11.8320007
446.000049124E-6,4.40000010,11.8240004
446.400052169E-6,4.59999990,11.8320007
446.800055215E-6,4.40000010,11.8400002
447.200058261E-6,4.59999990,11.8240004
447.600032203E-6,4.40000010,11.8240004
448.000035249E-6,4.40000010,11.8240004
448.400038294E-6,4.40000010,11.8400002
448.800041340E-6,4.40000010,11.8240004
449.200044386E-6,4.80000019,11.8320007
449.600047432E-6,4.40000010,11.8320007
450.000050478E-6,4.40000010,11.8400002
450.400053523E-6,4.40000010,11.8400002
450.800056569E-6,4.59999990,11.8160009
451.200059615E-6,4.59999990,11.8320007
451.600033557E-6,4.59999990,11.8240004
452.000036603E-6,4.40000010,11.8160009
452.400039649E-6,4.59999990,11.8240004
452.800042694E-6,4.59999990,11.8320007
453.200045740E-6,4.59999990,11.8400002
453.600048786E-6,4.40000010,11.8320007
454.000051832E-6,4.59999990,11.8400002
454.400054878E-6,4.59999990,11.8400002
454.800057923E-6,4.80000019,11.8480005
455.200031865E-6,4.40000010,11.8320007
455.600034911E-6,4.59999990,11.8400002
456.000037957E-6,4.59999990,11.8320007
456.400041003E-6,4.20000029,11.8400002
456.800044049E-6,4.59999990,11.8400002
457.200047094E-6,4.59999990,11.8320007
457.600050140E-6,4.40000010,11.8400002
458.000053186E-6,4.40000010,11.8320007
458.400056232E-6,4.40000010,11.8400002
458.800059278E-6,4.59999990,11.8240004
459.200033220E-6,4.59999990,11.8240004
459.600036265E-6,4.40000010,11.8240004
460.000039311E-6,4.59999990,11.8240004
460.400042357E-6,4.59999990,11.8240004
460.800045403E-6,4.59999990,11.8240004
461.200048449E-6,4.59999990,11.8240004
461.600051494E-6,4.40000010,11.8320007
462.000054540E-6,4.59999990,11.8240004
462.400057586E-6,4.40000010,11.8240004
462.800031528E-6,4.40000010,11.8160009
463.200034574E-6,4.40000010,11.8320007
463.600037619E-6,4.40000010,11.8160009
464.000040665E-6,4.40000010,11.8160009
464.400043711E-6,4.40000010,11.8240004
464.800046757E-6,4.59999990,11.8240004
465.200049803E-6,4.59999990,11.8080006
465.600052848E-6,4.40000010,11.8240004
466.000055894E-6,4.59999990,11.8240004
466.400058940E-6,4.59999990,11.8240004
466.800032882E-6,4.20000029,11.8240004
467.200035928E-6,4.40000010,11.8240004
467.600038974E-6,4.40000010,11.8240004
468.000042019E-6,4.59999990,11.8320007
468.400045065E-6,4.40000010,11.8240004
468.800048111E-6,4.40000010,11.8240004
469.200051157E-6,4.40000010,11.8320007
469.600054203E-6,4.59999990,11.8320007
470.000057248E-6,4.40000010,11.8240004
470.400060294E-6,4.40000010,11.8320007
470.800034236E-6,4.40000010,11.8240004
471.200037282E-6,4.59999990,11.8400002
471.600040328E-6,4.40000010,11.8240004
472.000043374E-6,4.40000010,11.8560009
472.400046419E-6,4.40000010,11.8240004
472.800049465E-6,4.40000010,11.8320007
473.200052511E-6,4.40000010,11.8240004
473.600055557E-6,4.59999990,11.8160009
474.000058603E-6,4.59999990,11.8080006
474.400032545E-6,4.40000010,11.8240004
474.800035590E-6,4.20000029,11.8240004
475.200038636E-6,4.59999990,11.8320007
475.600041682E-6,4.20000029,11.8160009
476.000044728E-6,4.59999990,11.8400002
476.400047773E-6,4.40000010,11.8240004
476.800050819E-6,4.40000010,11.8240004
477.200053865E-6,4.40000010,11.8160009
477.600056911E-6,4.40000010,11.8240004
478.000059957E-6,4.40000010,11.8240004
478.400033899E-6,4.59999990,11.8320007
478.800036944E-6,4.40000010,11.8240004
479.200039990E-6,4.40000010,11.8240004
479.600043036E-6,4.40000010,11.8240004
480.000046082E-6,4.20000029,11.8320007
480.400049128E-6,4.40000010,11.8240004
480.800052173E-6,4.59999990,11.8080006
481.200055219E-6,4.20000029,11.8320007
481.600058265E-6,4.40000010,11.8240004
482.000032207E-6,4.59999990,11.8320007
482.400035253E-6,4.40000010,11.8320007
482.800038299E-6,4.80000019,11.8320007
483.200041344E-6,4.40000010,11.8240004
483.600044390E-6,4.59999990,11.8320007
484.000047436E-6,4.20000029,11.8080006
484.400050482E-6,4.59999990,11.8320007
484.800053528E-6,4.40000010,11.8320007
485.200056573E-6,4.40000010,11.8240004
485.600059619E-6,4.59999990,11.8320007
486.000033561E-6,4.40000010,11.8160009
486.400036607E-6,4.40000010,11.8240004
486.800039653E-6,4.59999990,11.8240004
487.200042699E-6,4.40000010,11.8160009
487.600045744E-6,4.59999990,11.8240004
488.000048790E-6,4.20000029,11.8400002
488.400051836E-6,4.40000010,11.8240004
488.800054882E-6,4.40000010,11.8240004
489.200057928E-6,4.59999990,11.8240004
489.600060973E-6,4.40000010,11.8240004
490.000064019E-6,4.40000010,11.8400002
490.400067065E-6,4.59999990,11.8080006
490.800070111E-6,4.40000010,11.8240004
491.200073157E-6,4.40000010,11.8400002
491.600017995E-6,4.40000010,11.8320007
492.000021040E-6,4.40000010,11.8240004
492.400024086E-6,4.59999990,11.8320007
492.800027132E-6,4.59999990,11.8240004
493.200030178E-6,4.40000010,11.8160009
493.600033224E-6,4.40000010,11.8240004
494.000036269E-6,4.59999990,11.8240004
494.400039315E-6,4.59999990,11.8400002
494.800042361E-6,4.40000010,11.8240004
495.200045407E-6,4.40000010,11.8320007
495.600048453E-6,4.59999990,11.8320007
496.000051498E-6,4.40000010,11.8080006
496.400054544E-6,4.40000010,11.8160009
496.800057590E-6,4.59999990,11.8320007
497.200060636E-6,4.40000010,11.8160009
497.600063682E-6,4.40000010,11.8320007
498.000066727E-6,4.40000010,11.8240004
498.400069773E-6,4.40000010,11.8160009
498.800072819E-6,4.59999990,11.8240004
499.200017657E-6,4.40000010,11.8320007
499.600020703E-6,4.59999990,11.8160009
