-503.999995999E-6,4.40000010,10.3960009
-503.599992953E-6,4.59999990,10.3840008
-503.199989907E-6,4.40000010,10.3920002
-502.799986862E-6,4.59999990,10.4080009
-502.399983816E-6,4.40000010,10.4040003
-501.999980770E-6,4.59999990,10.4120007
-501.599977724E-6,4.59999990,10.4080009
-501.199974678E-6,4.40000010,10.4040003
-500.799971633E-6,4.59999990,10.4000006
-500.399968587E-6,4.59999990,10.4040003
-500.000023749E-6,4.59999990,10.4160004
-499.600020703E-6,4.40000010,10.4040003
-499.200017657E-6,4.40000010,10.4040003
-498.800014611E-6,4.40000010,10.4040003
-498.400011566E-6,4.40000010,10.4080009
-498.000008520E-6,4.59999990,10.4000006
-497.600005474E-6,0.0,10.3920002
-497.200002428E-6,0.0,10.3560009
-496.799999382E-6,-200.00000298E-3,10.4360008
-496.399996337E-6,0.0,10.4000006
-495.999993291E-6,-200.00000298E-3,10.4080009
-495.599990245E-6,-200.00000298E-3,10.3960009
-495.199987199E-6,-200.00000298E-3,10.3960009
-494.799984153E-6,0.0,10.3920002
-494.399981108E-6,0.0,10.3960009
-493.999978062E-6,0.0,10.3960009
-493.599975016E-6,200.00000298E-3,10.3840008
-493.199971970E-6,0.0,10.3880005
-492.799968924E-6,-200.00000298E-3,10.4000006
-492.400024086E-6,0.0,10.3920002
-492.000021040E-6,200.00000298E-3,10.3880005
-491.600017995E-6,0.0,10.4000006
-491.200014949E-6,-400.00000596E-3,10.3920002
-490.800011903E-6,-200.00000298E-3,10.3960009
-490.400008857E-6,-200.00000298E-3,10.3840008
-490.000005811E-6,-200.00000298E-3,10.3960009
-489.600002766E-6,0.0,10.3960009
-489.199999720E-6,0.0,10.4000006
-488.799996674E-6,-200.00000298E-3,10.3880005
-488.399993628E-6,0.0,10.3880005
-487.999990582E-6,-200.00000298E-3,10.4000006
-487.599987537E-6,-200.00000298E-3,10.3880005
-487.199984491E-6,200.00000298E-3,10.3880005
-486.799981445E-6,-400.00000596E-3,10.3960009
-486.400007503E-6,0.0,10.3960009
-486.000004457E-6,0.0,10.3920002
-485.600001412E-6,-200.00000298E-3,10.3880005
-485.199998366E-6,-400.00000596E-3,10.3920002
-484.799995320E-6,0.0,10.3880005
-484.399992274E-6,-200.00000298E-3,10.3840008
-483.999989228E-6,0.0,10.3920002
-483.599986183E-6,-200.00000298E-3,10.3800001
-483.199983137E-6,0.0,10.3840008
-482.800009195E-6,-400.00000596E-3,10.3920002
-482.400006149E-6,-200.00000298E-3,10.3840008
-482.000003103E-6,-200.00000298E-3,10.3760004
-481.600000057E-6,-400.00000596E-3,10.3880005
-481.199997012E-6,-200.00000298E-3,10.3920002
-480.799993966E-6,-200.00000298E-3,10.3760004
-480.399990920E-6,0.0,10.3760004
-479.999987874E-6,-200.00000298E-3,10.3960009
-479.599984828E-6,-200.00000298E-3,10.3880005
-479.199981783E-6,200.00000298E-3,10.3800001
-478.800007841E-6,-200.00000298E-3,10.3800001
-478.400004795E-6,-400.00000596E-3,10.3840008
-478.000001749E-6,-200.00000298E-3,10.3840008
-477.599998703E-6,0.0,10.3800001
-477.199995657E-6,-200.00000298E-3,10.3840008
-476.799992612E-6,-200.00000298E-3,10.3840008
-476.399989566E-6,-200.00000298E-3,10.3800001
-475.999986520E-6,-200.00000298E-3,10.3680000
-475.599983474E-6,0.0,10.3840008
-475.200009532E-6,0.0,10.3840008
-474.800006486E-6,0.0,10.3840008
-474.400003441E-6,0.0,10.3720007
-474.000000395E-6,-200.00000298E-3,10.3840008
-473.599997349E-6,0.0,10.3800001
-473.199994303E-6,0.0,10.3800001
-472.799991257E-6,-200.00000298E-3,10.3760004
-472.399988212E-6,-200.00000298E-3,10.3880005
-471.999985166E-6,-200.00000298E-3,10.3880005
-471.599982120E-6,0.0,10.3840008
-471.200008178E-6,200.00000298E-3,10.3720007
-470.800005132E-6,0.0,10.3800001
-470.400002087E-6,0.0,10.3840008
-469.999999041E-6,200.00000298E-3,10.3840008
-469.599995995E-6,0.0,10.3920002
-469.199992949E-6,0.0,10.3760004
-468.799989903E-6,0.0,10.3760004
-468.399986858E-6,-200.00000298E-3,10.3640003
-467.999983812E-6,-200.00000298E-3,10.3800001
-467.600009870E-6,0.0,10.3760004
-467.200006824E-6,200.00000298E-3,10.3760004
-466.800003778E-6,0.0,10.3840008
-466.400000732E-6,-400.00000596E-3,10.3800001
-465.999997687E-6,0.0,10.3840008
-465.599994641E-6,-200.00000298E-3,10.3680000
-465.199991595E-6,0.0,10.3840008
-464.799988549E-6,0.0,10.3760004
-464.399985503E-6,0.0,10.3760004
-463.999982458E-6,-200.00000298E-3,10.3800001
-463.600008516E-6,-200.00000298E-3,10.3680000
-463.200005470E-6,0.0,10.3800001
-462.800002424E-6,-200.00000298E-3,10.3800001
-462.399999378E-6,-200.00000298E-3,10.3840008
-461.999996332E-6,-400.00000596E-3,10.3720007
-461.599993287E-6,0.0,10.3840008
-461.199990241E-6,0.0,10.3880005
-460.799987195E-6,0.0,10.3800001
-460.399984149E-6,0.0,10.3880005
-459.999981103E-6,0.0,10.3760004
-459.600007161E-6,0.0,10.3920002
-459.200004116E-6,-200.00000298E-3,10.3880005
-458.800001070E-6,-200.00000298E-3,10.3840008
-458.399998024E-6,0.0,10.3720007
-457.999994978E-6,-400.00000596E-3,10.3760004
-457.599991933E-6,0.0,10.3680000
-457.199988887E-6,0.0,10.3800001
-456.799985841E-6,0.0,10.3720007
-456.399982795E-6,200.00000298E-3,10.3800001
-456.000008853E-6,-200.00000298E-3,10.3760004
-455.600005807E-6,0.0,10.3840008
-455.200002762E-6,0.0,10.3880005
-454.799999716E-6,0.0,10.3760004
-454.399996670E-6,200.00000298E-3,10.3840008
-453.999993624E-6,0.0,10.3720007
-453.599990578E-6,0.0,10.3680000
-453.199987533E-6,-200.00000298E-3,10.3840008
-452.799984487E-6,0.0,10.3840008
-452.399981441E-6,200.00000298E-3,10.3720007
-452.000007499E-6,0.0,10.3800001
-451.600004453E-6,-200.00000298E-3,10.3800001
-451.200001407E-6,0.0,10.3920002
-450.799998362E-6,-200.00000298E-3,10.3800001
-450.399995316E-6,-200.00000298E-3,10.3800001
-449.999992270E-6,-200.00000298E-3,10.3880005
-449.599989224E-6,400.00000596E-3,10.3760004
-449.199986178E-6,200.00000298E-3,10.3800001
-448.799983133E-6,200.00000298E-3,10.3760004
-448.400009191E-6,-200.00000298E-3,10.3800001
-448.000006145E-6,-200.00000298E-3,10.3800001
-447.600003099E-6,-200.00000298E-3,10.3800001
-447.200000053E-6,-200.00000298E-3,10.3760004
-446.799997007E-6,0.0,10.3760004
-446.399993962E-6,200.00000298E-3,10.3840008
-445.999990916E-6,200.00000298E-3,10.3760004
-445.599987870E-6,0.0,10.3800001
-445.199984824E-6,-200.00000298E-3,10.3760004
-444.799981778E-6,-200.00000298E-3,10.3720007
-444.400007837E-6,-200.00000298E-3,10.3800001
-444.000004791E-6,0.0,10.3720007
-443.600001745E-6,0.0,10.3720007
-443.199998699E-6,-400.00000596E-3,10.3760004
-442.799995653E-6,-200.00000298E-3,10.3680000
-442.399992608E-6,-200.00000298E-3,10.3760004
-441.999989562E-6,-200.00000298E-3,10.3680000
-441.599986516E-6,0.0,10.3640003
-441.199983470E-6,-200.00000298E-3,10.3800001
-440.800009528E-6,200.00000298E-3,10.3720007
-440.400006482E-6,-200.00000298E-3,10.3760004
-440.000003437E-6,-200.00000298E-3,10.3720007
-439.600000391E-6,0.0,10.3760004
-439.199997345E-6,-200.00000298E-3,10.3800001
-438.799994299E-6,-200.00000298E-3,10.3840008
-438.399991253E-6,0.0,10.3720007
-437.999988208E-6,0.0,10.3800001
-437.599985162E-6,0.0,10.3760004
-437.199982116E-6,-200.00000298E-3,10.3840008
-436.800008174E-6,200.00000298E-3,10.3760004
-436.400005128E-6,-200.00000298E-3,10.3880005
-436.000002082E-6,-200.00000298E-3,10.3760004
-435.599999037E-6,0.0,10.3800001
-435.199995991E-6,200.00000298E-3,10.3840008
-434.799992945E-6,0.0,10.3760004
-434.399989899E-6,0.0,10.3720007
-433.999986853E-6,0.0,10.3760004
-433.599983808E-6,0.0,10.3800001
-433.199980762E-6,0.0,10.3800001
-432.800006820E-6,-200.00000298E-3,10.3760004
-432.400003774E-6,0.0,10.3760004
-432.000000728E-6,0.0,10.3840008
-431.599997682E-6,0.0,10.3840008
-431.199994637E-6,0.0,10.3800001
-430.799991591E-6,-200.00000298E-3,10.3800001
-430.399988545E-6,0.0,10.3840008
-429.999985499E-6,-200.00000298E-3,10.3800001
-429.599982454E-6,0.0,10.3680000
-429.200008512E-6,-200.00000298E-3,10.3680000
-428.800005466E-6,0.0,10.3760004
-428.400002420E-6,-400.00000596E-3,10.3840008
-427.999999374E-6,-200.00000298E-3,10.3800001
-427.599996328E-6,0.0,10.3680000
-427.199993283E-6,0.0,10.3840008
-426.799990237E-6,-200.00000298E-3,10.3760004
-426.399987191E-6,-200.00000298E-3,10.3760004
-425.999984145E-6,-400.00000596E-3,10.3640003
-425.599981099E-6,-200.00000298E-3,10.3800001
-425.200007157E-6,-200.00000298E-3,10.3840008
-424.800004112E-6,0.0,10.3800001
-424.400001066E-6,-200.00000298E-3,10.3720007
-423.999998020E-6,-200.00000298E-3,10.3760004
-423.599994974E-6,0.0,10.3800001
-423.199991928E-6,0.0,10.3680000
-422.799988883E-6,-200.00000298E-3,10.3760004
-422.399985837E-6,-200.00000298E-3,10.3840008
-421.999982791E-6,0.0,10.3840008
-421.600008849E-6,0.0,10.3840008
-421.200005803E-6,-200.00000298E-3,10.3760004
-420.800002757E-6,200.00000298E-3,10.3760004
-420.399999712E-6,-200.00000298E-3,10.3840008
-419.999996666E-6,-200.00000298E-3,10.3920002
-419.599993620E-6,-200.00000298E-3,10.3800001
-419.199990574E-6,-200.00000298E-3,10.3760004
-418.799987528E-6,0.0,10.3720007
-418.399984483E-6,0.0,10.3800001
-417.999981437E-6,-200.00000298E-3,10.3840008
-417.600007495E-6,-400.00000596E-3,10.3800001
-417.200004449E-6,0.0,10.3760004
-416.800001403E-6,200.00000298E-3,10.3800001
-416.399998358E-6,200.00000298E-3,10.3840008
-415.999995312E-6,0.0,10.3760004
-415.599992266E-6,-200.00000298E-3,10.3800001
-415.199989220E-6,0.0,10.3760004
-414.799986174E-6,0.0,10.3880005
-414.399983129E-6,200.00000298E-3,10.3760004
-414.000009187E-6,0.0,10.3800001
-413.600006141E-6,-400.00000596E-3,10.3800001
-413.200003095E-6,-200.00000298E-3,10.3760004
-412.800000049E-6,-200.00000298E-3,10.3680000
-412.399997003E-6,-200.00000298E-3,10.3800001
-411.999993958E-6,0.0,10.3760004
-411.599990912E-6,-200.00000298E-3,10.3760004
-411.199987866E-6,-200.00000298E-3,10.3840008
-410.799984820E-6,-200.00000298E-3,10.3720007
-410.399981774E-6,-200.00000298E-3,10.3800001
-410.000007832E-6,200.00000298E-3,10.3800001
-409.600004787E-6,0.0,10.3800001
-409.200001741E-6,200.00000298E-3,10.3760004
-408.799998695E-6,0.0,10.3840008
-408.399995649E-6,0.0,10.3760004
-407.999992603E-6,200.00000298E-3,10.3760004
-407.599989558E-6,-400.00000596E-3,10.3800001
-407.199986512E-6,0.0,10.3840008
-406.799983466E-6,0.0,10.3760004
-406.399980420E-6,0.0,10.3880005
-406.000006478E-6,-200.00000298E-3,10.3720007
-405.600003432E-6,-200.00000298E-3,10.3840008
-405.200000387E-6,-200.00000298E-3,10.3600006
-404.799997341E-6,0.0,10.3680000
-404.399994295E-6,-200.00000298E-3,10.3800001
-403.999991249E-6,0.0,10.3760004
-403.599988203E-6,0.0,10.3760004
-403.19998516E-6,-200.00000298E-3,10.3680000
-402.79998211E-6,-200.00000298E-3,10.3840008
-402.40000817E-6,-400.00000596E-3,10.3760004
-402.00000512E-6,-400.00000596E-3,10.4120007
-401.60000208E-6,-400.00000596E-3,10.3680000
-401.19999903E-6,0.0,10.3800001
-400.79999599E-6,0.0,10.3840008
-400.39999294E-6,0.0,10.3760004
-399.99998990E-6,-200.00000298E-3,10.3800001
-399.59998685E-6,0.0,10.3720007
-399.19998380E-6,-200.00000298E-3,10.3880005
-398.79998076E-6,-200.00000298E-3,10.3760004
-398.40000682E-6,0.0,10.3840008
-398.00000377E-6,-400.00000596E-3,10.3680000
-397.60000072E-6,-200.00000298E-3,10.3720007
-397.19999768E-6,0.0,10.3720007
-396.79999463E-6,-200.00000298E-3,10.3800001
-396.39999159E-6,-200.00000298E-3,10.3800001
-395.99998854E-6,-200.00000298E-3,10.3720007
-395.59998550E-6,0.0,10.3720007
-395.19998245E-6,0.0,10.3800001
-394.80000851E-6,-200.00000298E-3,10.3760004
-394.40000546E-6,-400.00000596E-3,10.3760004
-394.00000242E-6,0.0,10.3800001
-393.59999937E-6,-200.00000298E-3,10.3760004
-393.19999632E-6,-200.00000298E-3,10.3720007
-392.79999328E-6,0.0,10.3720007
-392.39999023E-6,0.0,10.3720007
-391.99998719E-6,0.0,10.3760004
-391.59998414E-6,0.0,10.3800001
-391.19998110E-6,-200.00000298E-3,10.3840008
-390.80000715E-6,-200.00000298E-3,10.3920002
-390.40000411E-6,0.0,10.3840008
-390.00000106E-6,0.0,10.3880005
-389.59999802E-6,-200.00000298E-3,10.3760004
-389.19999497E-6,-200.00000298E-3,10.3760004
-388.79999192E-6,0.0,10.3800001
-388.39998888E-6,-200.00000298E-3,10.3800001
-387.99998583E-6,200.00000298E-3,10.3760004
-387.59998279E-6,0.0,10.3880005
-387.20000884E-6,-200.00000298E-3,10.3840008
-386.80000580E-6,-200.00000298E-3,10.3840008
-386.40000275E-6,-200.00000298E-3,10.3800001
-385.99999971E-6,0.0,10.3760004
-385.59999666E-6,-200.00000298E-3,10.3760004
-385.19999362E-6,0.0,10.3920002
-384.79999057E-6,0.0,10.3680000
-384.39998752E-6,0.0,10.3760004
-383.99998448E-6,0.0,10.3840008
-383.59998143E-6,-200.00000298E-3,10.3800001
-383.20000749E-6,-200.00000298E-3,10.3800001
-382.80000445E-6,-200.00000298E-3,10.3640003
-382.40000140E-6,-200.00000298E-3,10.3760004
-381.99999835E-6,0.0,10.3880005
-381.59999531E-6,0.0,10.3800001
-381.19999226E-6,0.0,10.3720007
-380.79998922E-6,200.00000298E-3,10.3760004
-380.39998617E-6,0.0,10.3760004
-379.99998312E-6,-400.00000596E-3,10.3720007
-379.59998008E-6,0.0,10.3680000
-379.20000614E-6,0.0,10.3800001
-378.80000309E-6,200.00000298E-3,10.3760004
-378.40000005E-6,-200.00000298E-3,10.3680000
-377.99999700E-6,0.0,10.3680000
-377.59999395E-6,-200.00000298E-3,10.3720007
-377.19999091E-6,0.0,10.3760004
-376.79998786E-6,0.0,10.3800001
-376.39998482E-6,0.0,10.3640003
-375.99998177E-6,0.0,10.3840008
-375.60000783E-6,0.0,10.3680000
-375.20000478E-6,-200.00000298E-3,10.3720007
-374.80000174E-6,-200.00000298E-3,10.3640003
-374.39999869E-6,-200.00000298E-3,10.3640003
-373.99999565E-6,-200.00000298E-3,10.3760004
-373.59999260E-6,0.0,10.3680000
-373.19998955E-6,0.0,10.3640003
-372.79998651E-6,-200.00000298E-3,10.3800001
-372.39998346E-6,0.0,10.3720007
-371.99998042E-6,0.0,10.3720007
-371.60000647E-6,0.0,10.3720007
-371.20000343E-6,0.0,10.3640003
-370.80000038E-6,-200.00000298E-3,10.3760004
-370.39999734E-6,0.0,10.3720007
-369.99999429E-6,0.0,10.3720007
-369.59999125E-6,0.0,10.3760004
-369.19998820E-6,-400.00000596E-3,10.3800001
-368.79998515E-6,0.0,10.3800001
-368.39998211E-6,200.00000298E-3,10.3800001
-368.00000817E-6,-400.00000596E-3,10.3680000
-367.60000512E-6,200.00000298E-3,10.3680000
-367.20000207E-6,0.0,10.3840008
-366.79999903E-6,0.0,10.3800001
-366.39999598E-6,-200.00000298E-3,10.3800001
-365.99999294E-6,0.0,10.3760004
-365.59998989E-6,-200.00000298E-3,10.3760004
-365.19998685E-6,-400.00000596E-3,10.3800001
-364.79998380E-6,0.0,10.3680000
-364.39998075E-6,0.0,10.3760004
-364.00000681E-6,-400.00000596E-3,10.3800001
-363.60000377E-6,-200.00000298E-3,10.3800001
-363.20000072E-6,-400.00000596E-3,10.3720007
-362.79999767E-6,-200.00000298E-3,10.3640003
-362.39999463E-6,0.0,10.3680000
-361.99999158E-6,-400.00000596E-3,10.3760004
-361.59998854E-6,0.0,10.3760004
-361.19998549E-6,200.00000298E-3,10.3720007
-360.79998245E-6,0.0,10.3760004
-360.40000850E-6,-200.00000298E-3,10.3720007
-360.00000546E-6,-200.00000298E-3,10.3800001
-359.60000241E-6,-400.00000596E-3,10.3680000
-359.19999937E-6,-200.00000298E-3,10.3600006
-358.79999632E-6,0.0,10.3720007
-358.39999327E-6,-200.00000298E-3,10.3720007
-357.99999023E-6,0.0,10.3680000
-357.59998718E-6,0.0,10.3760004
-357.19998414E-6,0.0,10.3760004
-356.79998109E-6,0.0,10.3720007
-356.40000715E-6,0.0,10.3760004
-356.00000410E-6,0.0,10.3720007
-355.60000106E-6,0.0,10.3680000
-355.19999801E-6,0.0,10.3720007
-354.79999497E-6,-200.00000298E-3,10.3760004
-354.39999192E-6,200.00000298E-3,10.3800001
-353.99998887E-6,0.0,10.3720007
-353.59998583E-6,-200.00000298E-3,10.3760004
-353.19998278E-6,-400.00000596E-3,10.3760004
-352.79997974E-6,0.0,10.3760004
-352.40000580E-6,0.0,10.3760004
-352.00000275E-6,0.0,10.3880005
-351.59999970E-6,-200.00000298E-3,10.3680000
-351.19999666E-6,200.00000298E-3,10.3800001
-350.79999361E-6,-200.00000298E-3,10.3880005
-350.39999057E-6,200.00000298E-3,10.3800001
-349.99998752E-6,-200.00000298E-3,10.3760004
-349.59998447E-6,-200.00000298E-3,10.3720007
-349.19998143E-6,-400.00000596E-3,10.3800001
-348.80000749E-6,-200.00000298E-3,10.3800001
-348.40000444E-6,0.0,10.3720007
-348.00000140E-6,-200.00000298E-3,10.3720007
-347.59999835E-6,-200.00000298E-3,10.3680000
-347.19999530E-6,-200.00000298E-3,10.3800001
-346.79999226E-6,-200.00000298E-3,10.3680000
-346.39998921E-6,0.0,10.3800001
-345.99998617E-6,-200.00000298E-3,10.3720007
-345.59998312E-6,0.0,10.3760004
-345.19998007E-6,-200.00000298E-3,10.3720007
-344.80000613E-6,200.00000298E-3,10.3720007
-344.40000309E-6,-200.00000298E-3,10.3760004
-344.00000004E-6,-200.00000298E-3,10.3720007
-343.59999700E-6,-200.00000298E-3,10.3720007
-343.19999395E-6,0.0,10.3760004
-342.79999090E-6,-200.00000298E-3,10.3840008
-342.39998786E-6,0.0,10.3720007
-341.99998481E-6,0.0,10.3800001
-341.59998177E-6,0.0,10.3720007
-341.20000782E-6,0.0,10.3800001
-340.80000478E-6,-200.00000298E-3,10.3760004
-340.40000173E-6,-200.00000298E-3,10.3760004
-339.99999869E-6,-200.00000298E-3,10.3720007
-339.59999564E-6,200.00000298E-3,10.3720007
-339.19999260E-6,0.0,10.3760004
-338.79998955E-6,-200.00000298E-3,10.3760004
-338.39998650E-6,-400.00000596E-3,10.3680000
-337.99998346E-6,-200.00000298E-3,10.3600006
-337.59998041E-6,0.0,10.3800001
-337.20000647E-6,-200.00000298E-3,10.3720007
-336.80000342E-6,-400.00000596E-3,10.3600006
-336.40000038E-6,0.0,10.3800001
-335.99999733E-6,-200.00000298E-3,10.3760004
-335.59999429E-6,-200.00000298E-3,10.3880005
-335.19999124E-6,0.0,10.3760004
-334.79998820E-6,-200.00000298E-3,10.3680000
-334.39998515E-6,-200.00000298E-3,10.3760004
-333.99998210E-6,0.0,10.3640003
-333.60000816E-6,-200.00000298E-3,10.3680000
-333.20000512E-6,-200.00000298E-3,10.3760004
-332.80000207E-6,-200.00000298E-3,10.3720007
-332.39999902E-6,0.0,10.3760004
-331.99999598E-6,0.0,10.3720007
-331.59999293E-6,-200.00000298E-3,10.3720007
-331.19998989E-6,-200.00000298E-3,10.3800001
-330.79998684E-6,4.80000019,10.3760004
-330.39998380E-6,4.40000010,10.3640003
-329.99998075E-6,4.59999990,10.3720007
-329.60000681E-6,4.40000010,10.3840008
-329.20000376E-6,4.40000010,10.3840008
-328.80000072E-6,4.40000010,10.3800001
-328.39999767E-6,4.40000010,10.3720007
-327.99999462E-6,4.20000029,10.3720007
-327.59999158E-6,4.59999990,10.3680000
-327.19998853E-6,4.40000010,10.3720007
-326.79998549E-6,4.20000029,10.3720007
-326.39998244E-6,4.59999990,10.3760004
-325.99997940E-6,4.40000010,10.3760004
-325.60000545E-6,4.59999990,10.3640003
-325.20000241E-6,4.40000010,10.3760004
-324.79999936E-6,4.59999990,10.3760004
-324.39999632E-6,4.40000010,10.3720007
-323.99999327E-6,4.40000010,10.3760004
-323.59999022E-6,4.20000029,10.3680000
-323.19998718E-6,4.59999990,10.3760004
-322.79998413E-6,4.40000010,10.3760004
-322.39998109E-6,4.40000010,10.3720007
-322.00000715E-6,4.40000010,10.3640003
-321.60000410E-6,4.40000010,10.3720007
-321.20000105E-6,4.40000010,10.3720007
-320.79999801E-6,4.40000010,10.3720007
-320.39999496E-6,4.20000029,10.3640003
-319.99999192E-6,4.40000010,10.3720007
-319.59998887E-6,4.20000029,10.3680000
-319.19998582E-6,4.40000010,10.3640003
-318.79998278E-6,4.40000010,10.3760004
-318.39997973E-6,4.40000010,10.3760004
-318.00000579E-6,4.20000029,10.3720007
-317.60000275E-6,4.59999990,10.3760004
-317.19999970E-6,4.20000029,10.3720007
-316.79999665E-6,4.40000010,10.3720007
-316.39999361E-6,4.59999990,10.3720007
-315.99999056E-6,4.40000010,10.3680000
-315.59998752E-6,4.40000010,10.3680000
-315.19998447E-6,4.40000010,10.3760004
-314.79998142E-6,4.40000010,10.3720007
-314.40000748E-6,4.20000029,10.3800001
-314.00000444E-6,4.40000010,10.3880005
-313.60000139E-6,4.40000010,10.3760004
-313.19999835E-6,4.59999990,10.3680000
-312.79999530E-6,4.59999990,10.3720007
-312.39999225E-6,4.40000010,10.3720007
-311.99998921E-6,4.59999990,10.3720007
-311.59998616E-6,4.59999990,10.3760004
-311.19998312E-6,4.40000010,10.3800001
-310.79998007E-6,4.40000010,10.3680000
-310.40000613E-6,4.59999990,10.3600006
-310.00000308E-6,4.59999990,10.3720007
-309.60000004E-6,4.40000010,10.3720007
-309.19999699E-6,4.40000010,10.3680000
-308.79999395E-6,4.59999990,10.3760004
-308.39999090E-6,4.40000010,10.3760004
-307.99998785E-6,4.40000010,10.3720007
-307.59998481E-6,4.40000010,10.3760004
-307.19998176E-6,4.40000010,10.3680000
-306.80000782E-6,4.59999990,10.3880005
-306.40000477E-6,4.40000010,10.3800001
-306.00000173E-6,4.40000010,10.3680000
-305.59999868E-6,4.20000029,10.3720007
-305.19999564E-6,4.59999990,10.3680000
-304.79999259E-6,4.40000010,10.3760004
-304.39998955E-6,4.20000029,10.3640003
-303.99998650E-6,4.40000010,10.3640003
-303.59998345E-6,4.40000010,10.3720007
-303.19998041E-6,4.40000010,10.3720007
-302.80000647E-6,4.40000010,10.3680000
-302.40000342E-6,4.40000010,10.3760004
-302.00000037E-6,4.59999990,10.3720007
-301.59999733E-6,4.59999990,10.3720007
-301.19999428E-6,4.20000029,10.3760004
-300.79999124E-6,4.40000010,10.3800001
-300.39998819E-6,4.40000010,10.3920002
-299.99998515E-6,4.40000010,10.3640003
-299.59998210E-6,4.59999990,10.3840008
-299.20000816E-6,4.59999990,10.3640003
-298.80000511E-6,4.40000010,10.3720007
-298.40000207E-6,4.40000010,10.3800001
-297.99999902E-6,4.59999990,10.3760004
-297.59999597E-6,4.59999990,10.3800001
-297.19999293E-6,4.40000010,10.3760004
-296.79998988E-6,4.59999990,10.3680000
-296.39998684E-6,4.20000029,10.3840008
-295.99998379E-6,4.59999990,10.3640003
-295.59998075E-6,4.59999990,10.3840008
-295.20000680E-6,4.40000010,10.3800001
-294.80000376E-6,4.40000010,10.3720007
-294.40000071E-6,4.20000029,10.3680000
-293.99999767E-6,4.40000010,10.3840008
-293.59999462E-6,4.20000029,10.3840008
-293.19999157E-6,4.40000010,10.3800001
-292.79998853E-6,4.40000010,10.3800001
-292.39998548E-6,4.40000010,10.3720007
-291.99998244E-6,4.40000010,10.3760004
-291.59997939E-6,4.59999990,10.3760004
-291.20000545E-6,4.59999990,10.3720007
-290.80000240E-6,4.40000010,10.3640003
-290.39999936E-6,4.59999990,10.3720007
-289.99999631E-6,4.40000010,10.3760004
-289.59999327E-6,4.59999990,10.3680000
-289.19999022E-6,4.40000010,10.3760004
-288.79998717E-6,4.40000010,10.3720007
-288.39998413E-6,4.80000019,10.3760004
-287.99998108E-6,4.80000019,10.3720007
-287.60000714E-6,4.59999990,10.3800001
-287.20000410E-6,4.20000029,10.3760004
-286.80000105E-6,4.40000010,10.3840008
-286.39999800E-6,4.40000010,10.3720007
-285.99999496E-6,4.40000010,10.3760004
-285.59999191E-6,4.20000029,10.3840008
-285.19998887E-6,4.59999990,10.3800001
-284.79998582E-6,4.59999990,10.3800001
-284.39998277E-6,4.40000010,10.3680000
-283.99997973E-6,4.59999990,10.3800001
-283.60000579E-6,4.20000029,10.3760004
-283.20000274E-6,4.40000010,10.3800001
-282.79999970E-6,4.59999990,10.3760004
-282.39999665E-6,4.59999990,10.3840008
-281.99999360E-6,4.40000010,10.3760004
-281.59999056E-6,4.59999990,10.3880005
-281.19998751E-6,4.59999990,10.3720007
-280.79998447E-6,4.40000010,10.3800001
-280.39998142E-6,4.40000010,10.3720007
-280.00000748E-6,4.40000010,10.3720007
-279.60000443E-6,4.40000010,10.3680000
-279.20000139E-6,4.59999990,10.3800001
-278.79999834E-6,4.40000010,10.3720007
-278.39999530E-6,4.59999990,10.3800001
-277.99999225E-6,4.40000010,10.3760004
-277.59998920E-6,4.59999990,10.3640003
-277.19998616E-6,4.20000029,10.3760004
-276.79998311E-6,4.59999990,10.3840008
-276.39998007E-6,4.40000010,10.3720007
-276.00000612E-6,4.40000010,10.3800001
-275.60000308E-6,4.40000010,10.3800001
-275.20000003E-6,4.59999990,10.3840008
-274.79999699E-6,4.40000010,10.3840008
-274.39999394E-6,4.40000010,10.3760004
-273.99999090E-6,4.59999990,10.3760004
-273.59998785E-6,4.59999990,10.3720007
-273.19998480E-6,4.59999990,10.3840008
-272.79998176E-6,4.40000010,10.3840008
-272.40000782E-6,4.40000010,10.3840008
-272.00000477E-6,4.40000010,10.3760004
-271.60000172E-6,4.59999990,10.3840008
-271.19999868E-6,4.59999990,10.3840008
-270.79999563E-6,4.20000029,10.3680000
-270.39999259E-6,4.40000010,10.3760004
-269.99998954E-6,4.40000010,10.3680000
-269.59998650E-6,4.40000010,10.3760004
-269.19998345E-6,4.59999990,10.3800001
-268.79998040E-6,4.40000010,10.3800001
-268.40000646E-6,4.59999990,10.3760004
-268.00000342E-6,4.59999990,10.3800001
-267.60000037E-6,4.40000010,10.3720007
-267.19999732E-6,4.20000029,10.3680000
-266.79999428E-6,4.40000010,10.3840008
-266.39999123E-6,4.59999990,10.3800001
-265.99998819E-6,4.40000010,10.3760004
-265.59998514E-6,4.40000010,10.3760004
-265.19998210E-6,4.40000010,10.3760004
-264.79997905E-6,4.20000029,10.3720007
-264.40000511E-6,4.40000010,10.3840008
-264.00000206E-6,4.40000010,10.3800001
-263.59999902E-6,4.40000010,10.3880005
-263.19999597E-6,4.40000010,10.3920002
-262.79999292E-6,4.59999990,10.3840008
-262.39998988E-6,4.80000019,10.3800001
-261.99998683E-6,4.80000019,10.3800001
-261.59998379E-6,4.59999990,10.3840008
-261.19998074E-6,4.40000010,10.3840008
-260.80000680E-6,4.40000010,10.3800001
-260.40000375E-6,4.59999990,10.3640003
-260.00000071E-6,4.40000010,10.3840008
-259.59999766E-6,4.40000010,10.3840008
-259.19999462E-6,4.40000010,10.3880005
-258.79999157E-6,4.40000010,10.3760004
-258.39998852E-6,4.59999990,10.3800001
-257.99998548E-6,4.59999990,10.3880005
-257.59998243E-6,4.40000010,10.3760004
-257.19997939E-6,4.20000029,10.3800001
-256.80000545E-6,4.40000010,10.3840008
-256.40000240E-6,4.40000010,10.3880005
-255.99999935E-6,4.59999990,10.3920002
-255.59999631E-6,4.40000010,10.3760004
-255.19999326E-6,4.40000010,10.3840008
-254.79999022E-6,4.59999990,10.3960009
-254.39998717E-6,4.20000029,10.3840008
-253.99998412E-6,4.59999990,10.3840008
-253.59998108E-6,4.59999990,10.3840008
-253.20000714E-6,4.40000010,10.3840008
-252.80000409E-6,4.59999990,10.3800001
-252.40000105E-6,4.40000010,10.3840008
-251.99999800E-6,4.40000010,10.3800001
-251.59999495E-6,4.59999990,10.3920002
-251.19999191E-6,4.40000010,10.3760004
-250.79998886E-6,4.40000010,10.3760004
-250.39998582E-6,4.40000010,10.3840008
-249.99998277E-6,4.20000029,10.3800001
-249.59997972E-6,4.40000010,10.3800001
-249.20000578E-6,4.40000010,10.3800001
-248.80000274E-6,4.40000010,10.3760004
-248.39999969E-6,4.80000019,10.3840008
-247.99999665E-6,4.80000019,10.3880005
-247.59999360E-6,4.20000029,10.3800001
-247.19999055E-6,4.59999990,10.3840008
-246.79998751E-6,4.20000029,10.3760004
-246.39998446E-6,4.59999990,10.3840008
-245.99998142E-6,4.40000010,10.3880005
-245.60000747E-6,4.40000010,10.3840008
-245.20000443E-6,4.40000010,10.3920002
-244.80000138E-6,4.40000010,10.3840008
-244.39999834E-6,4.20000029,10.3880005
-243.99999529E-6,4.40000010,10.3840008
-243.59999225E-6,4.40000010,10.3920002
-243.19998920E-6,4.40000010,10.3760004
-242.79998615E-6,4.40000010,10.3840008
-242.39999766E-6,4.40000010,10.3840008
-241.99999461E-6,4.40000010,10.3880005
-241.59999157E-6,4.40000010,10.3800001
-241.19998852E-6,4.59999990,10.3840008
-240.80000003E-6,4.40000010,10.3920002
-240.39999698E-6,4.20000029,10.3800001
-239.99999394E-6,4.40000010,10.3840008
-239.59999089E-6,4.59999990,10.3840008
-239.19998785E-6,4.20000029,10.3800001
-238.79999935E-6,4.40000010,10.3840008
-238.39999631E-6,4.59999990,10.3840008
-237.99999326E-6,4.40000010,10.3880005
-237.59999021E-6,4.59999990,10.3840008
-237.19998717E-6,4.40000010,10.3920002
-236.79999867E-6,4.59999990,10.3960009
-236.39999563E-6,4.40000010,10.3800001
-235.99999258E-6,4.40000010,10.3840008
-235.59998954E-6,4.59999990,10.3800001
-235.19998649E-6,4.40000010,10.3880005
-234.79999800E-6,4.20000029,10.3840008
-234.39999495E-6,4.40000010,10.3920002
-233.99999191E-6,4.59999990,10.3880005
-233.59998886E-6,4.59999990,10.3880005
-233.19998581E-6,4.20000029,10.3840008
-232.79999732E-6,4.20000029,10.3800001
-232.39999427E-6,4.40000010,10.3880005
-231.99999123E-6,4.40000010,10.3840008
-231.59998818E-6,4.40000010,10.3760004
-231.19999969E-6,4.40000010,10.3800001
-230.79999664E-6,4.59999990,10.3880005
-230.39999360E-6,4.40000010,10.3720007
-229.99999055E-6,4.40000010,10.3800001
-229.59998751E-6,4.59999990,10.3840008
-229.19999901E-6,4.40000010,10.3840008
-228.79999597E-6,4.40000010,10.3800001
-228.39999292E-6,4.59999990,10.3880005
-227.99998987E-6,4.40000010,10.3800001
-227.59998683E-6,4.59999990,10.3920002
-227.19999833E-6,4.40000010,10.3840008
-226.79999529E-6,5.00000000,10.3920002
-226.39999224E-6,4.59999990,10.3840008
-225.99998920E-6,4.59999990,10.3760004
-225.59998615E-6,4.40000010,10.3920002
-225.19999766E-6,4.40000010,10.3840008
-224.79999461E-6,4.59999990,10.3880005
-224.39999157E-6,4.59999990,10.3960009
-223.99998852E-6,4.40000010,10.4000006
-223.59998547E-6,4.40000010,10.3960009
-223.19999698E-6,4.40000010,10.3880005
-222.79999394E-6,4.59999990,10.3920002
-222.39999089E-6,4.40000010,10.3880005
-221.99998784E-6,4.40000010,10.3960009
-221.59999935E-6,4.59999990,10.3920002
-221.19999630E-6,4.59999990,10.3680000
-220.79999326E-6,4.59999990,10.3920002
-220.39999021E-6,4.40000010,10.3880005
-219.99998717E-6,4.40000010,10.3880005
-219.59999867E-6,4.20000029,10.3920002
-219.19999563E-6,4.40000010,10.3920002
-218.79999258E-6,4.80000019,10.3800001
-218.39998954E-6,4.20000029,10.4040003
-217.99998649E-6,4.40000010,10.3840008
-217.59999800E-6,4.59999990,10.3920002
-217.19999495E-6,4.40000010,10.3880005
-216.79999190E-6,4.59999990,10.3880005
-216.39998886E-6,4.40000010,10.3800001
-215.99998581E-6,4.40000010,10.3880005
-215.59999732E-6,4.40000010,10.3960009
-215.19999427E-6,4.59999990,10.3880005
-214.79999123E-6,4.40000010,10.3960009
-214.39998818E-6,4.59999990,10.3920002
-213.99999969E-6,4.40000010,10.3840008
-213.59999664E-6,4.59999990,10.3920002
-213.19999360E-6,4.40000010,10.3920002
-212.79999055E-6,4.40000010,10.3800001
-212.39998750E-6,4.40000010,10.3840008
-211.99999901E-6,4.59999990,10.3960009
-211.59999596E-6,4.59999990,10.3920002
-211.19999292E-6,4.59999990,10.3840008
-210.79998987E-6,4.59999990,10.3920002
-210.39998683E-6,4.40000010,10.3880005
-209.99999833E-6,4.59999990,10.3880005
-209.59999529E-6,4.40000010,10.3880005
-209.19999224E-6,4.40000010,10.3920002
-208.79998920E-6,4.80000019,10.3840008
-208.39998615E-6,4.80000019,10.3840008
-207.99999766E-6,4.40000010,10.3920002
-207.59999461E-6,4.40000010,10.3880005
-207.19999156E-6,4.59999990,10.3920002
-206.79998852E-6,4.59999990,10.3880005
-206.39998547E-6,4.59999990,10.3840008
-205.99999698E-6,4.40000010,10.3880005
-205.59999393E-6,4.40000010,10.3840008
-205.19999089E-6,4.59999990,10.3840008
-204.79998784E-6,4.20000029,10.3880005
-204.39999935E-6,4.40000010,10.3880005
-203.99999630E-6,4.40000010,10.3840008
-203.59999326E-6,4.40000010,10.3800001
-203.19999021E-6,4.40000010,10.3880005
-202.79998716E-6,4.40000010,10.3840008
-202.39999867E-6,4.40000010,10.3880005
-201.99999562E-6,4.59999990,10.3840008
-201.59999258E-6,4.20000029,10.3880005
-201.19998953E-6,4.40000010,10.3960009
-200.79998649E-6,4.40000010,10.3880005
-200.39999799E-6,4.20000029,10.3880005
-199.99999495E-6,4.80000019,10.3800001
-199.59999190E-6,4.59999990,10.3800001
-199.19998886E-6,4.40000010,10.4000006
-198.79998581E-6,4.40000010,10.3920002
-198.39999732E-6,4.59999990,10.3880005
-197.99999427E-6,4.40000010,10.3880005
-197.59999122E-6,4.59999990,10.3880005
-197.19998818E-6,4.40000010,10.3920002
-196.79998513E-6,4.59999990,10.3960009
-196.39999664E-6,4.40000010,10.3880005
-195.99999359E-6,4.40000010,10.4000006
-195.59999055E-6,4.40000010,10.3960009
-195.19998750E-6,4.40000010,10.3880005
-194.79999901E-6,4.40000010,10.3880005
-194.39999596E-6,4.59999990,10.3880005
-193.99999292E-6,4.59999990,10.3960009
-193.59998987E-6,4.40000010,10.3920002
-193.19998682E-6,4.40000010,10.3960009
-192.79999833E-6,4.59999990,10.3960009
-192.39999529E-6,4.59999990,10.3800001
-191.99999224E-6,4.40000010,10.3880005
-191.59998919E-6,4.40000010,10.3840008
-191.19998615E-6,4.59999990,10.3840008
-190.79999765E-6,4.59999990,10.3920002
-190.39999461E-6,4.40000010,10.3920002
-189.99999156E-6,4.59999990,10.3920002
-189.59998852E-6,4.40000010,10.4000006
-189.19998547E-6,4.59999990,10.4000006
-188.79999698E-6,4.00000000,10.3920002
-188.39999393E-6,4.20000029,10.3880005
-187.99999089E-6,4.20000029,10.3920002
-187.59998784E-6,4.59999990,10.3880005
-187.19999935E-6,4.80000019,10.3920002
-186.79999630E-6,4.20000029,10.3880005
-186.39999325E-6,4.59999990,10.3840008
-185.99999021E-6,4.59999990,10.3880005
-185.59998716E-6,4.40000010,10.3920002
-185.19999867E-6,4.40000010,10.3960009
-184.79999562E-6,4.40000010,10.3920002
-184.39999258E-6,4.40000010,10.3920002
-183.99998953E-6,4.40000010,10.3960009
-183.59998649E-6,4.59999990,10.3920002
-183.19999799E-6,4.40000010,10.4000006
-182.79999495E-6,4.59999990,10.4080009
-182.39999190E-6,4.20000029,10.4040003
-181.99998885E-6,4.40000010,10.4080009
-181.59998581E-6,4.20000029,10.3960009
-181.19999731E-6,4.59999990,10.4080009
-180.79999427E-6,4.40000010,10.4000006
-180.39999122E-6,4.59999990,10.3920002
-179.99998818E-6,4.40000010,10.3960009
-179.59998513E-6,4.59999990,10.3920002
-179.19999664E-6,4.40000010,10.4000006
-178.79999359E-6,4.40000010,10.3960009
-178.39999055E-6,4.40000010,10.3840008
-177.99998750E-6,4.40000010,10.3920002
-177.59999901E-6,4.40000010,10.4040003
-177.19999596E-6,4.20000029,10.3920002
-176.79999291E-6,4.59999990,10.3840008
-176.39998987E-6,4.20000029,10.3960009
-175.99998682E-6,4.40000010,10.3960009
-175.59999833E-6,4.40000010,10.3920002
-175.19999528E-6,4.20000029,10.3880005
-174.79999224E-6,4.59999990,10.3920002
-174.39998919E-6,4.59999990,10.3840008
-173.99998615E-6,4.40000010,10.4000006
-173.59999765E-6,4.40000010,10.4000006
-173.19999461E-6,4.40000010,10.3880005
-172.79999156E-6,4.40000010,10.3920002
-172.39998851E-6,4.80000019,10.3920002
-171.99998547E-6,4.59999990,10.3880005
-171.59999697E-6,4.59999990,10.3840008
-171.19999393E-6,4.59999990,10.3960009
-170.79999088E-6,4.40000010,10.4040003
-170.39998784E-6,4.40000010,10.3920002
-169.99999934E-6,4.20000029,10.4040003
-169.59999630E-6,4.40000010,10.3960009
-169.19999325E-6,4.80000019,10.3920002
-168.79999021E-6,4.80000019,10.4000006
-168.39998716E-6,4.59999990,10.4040003
-167.99999867E-6,4.40000010,10.4000006
-167.59999562E-6,4.20000029,10.3960009
-167.19999257E-6,4.80000019,10.3960009
-166.79998953E-6,4.40000010,10.3960009
-166.39998648E-6,4.40000010,10.3960009
-165.99999799E-6,4.40000010,10.3960009
-165.59999494E-6,4.40000010,10.3920002
-165.19999190E-6,4.40000010,10.4040003
-164.79998885E-6,4.40000010,10.3920002
-164.39998581E-6,4.59999990,10.3880005
-163.99999731E-6,0.0,10.3080006
-163.59999427E-6,-200.00000298E-3,10.4280005
-163.19999122E-6,-400.00000596E-3,10.3960009
-162.79998817E-6,-200.00000298E-3,10.3960009
-162.39998513E-6,0.0,10.4040003
-161.99999664E-6,-200.00000298E-3,10.4040003
-161.59999359E-6,-200.00000298E-3,10.3960009
-161.19999054E-6,-200.00000298E-3,10.3920002
-160.79998750E-6,-200.00000298E-3,10.3840008
-160.39999900E-6,0.0,10.3920002
-159.99999596E-6,-200.00000298E-3,10.3960009
-159.59999291E-6,0.0,10.3960009
-159.19998987E-6,0.0,10.3960009
-158.79998682E-6,-200.00000298E-3,10.3960009
-158.39999833E-6,0.0,10.3840008
-157.99999528E-6,-200.00000298E-3,10.3880005
-157.59999224E-6,0.0,10.4040003
-157.19998919E-6,0.0,10.3960009
-156.79998614E-6,0.0,10.4000006
-156.39999765E-6,0.0,10.3960009
-155.99999460E-6,0.0,10.4000006
-155.59999156E-6,-200.00000298E-3,10.3920002
-155.19998851E-6,0.0,10.3880005
-154.79998547E-6,0.0,10.3920002
-154.39999697E-6,200.00000298E-3,10.3880005
-153.99999393E-6,200.00000298E-3,10.3960009
-153.59999088E-6,0.0,10.3920002
-153.19998784E-6,-200.00000298E-3,10.3960009
-152.79998479E-6,200.00000298E-3,10.3960009
-152.39999630E-6,0.0,10.3920002
-151.99999325E-6,200.00000298E-3,10.3840008
-151.59999020E-6,0.0,10.3880005
-151.19998716E-6,0.0,10.3880005
-150.79999866E-6,-200.00000298E-3,10.3880005
-150.39999562E-6,0.0,10.3840008
-149.99999257E-6,200.00000298E-3,10.4000006
-149.59998953E-6,0.0,10.3920002
-149.19998648E-6,0.0,10.3840008
-148.79999799E-6,0.0,10.3840008
-148.3999949E-6,0.0,10.3880005
-147.9999919E-6,0.0,10.3840008
-147.5999888E-6,200.00000298E-3,10.3840008
-147.1999858E-6,-200.00000298E-3,10.3840008
-146.7999973E-6,0.0,10.3640003
-146.3999943E-6,0.0,10.3800001
-145.9999912E-6,-200.00000298E-3,10.3840008
-145.5999882E-6,-200.00000298E-3,10.3760004
-145.1999851E-6,-200.00000298E-3,10.3800001
-144.7999966E-6,0.0,10.3840008
-144.3999936E-6,0.0,10.3760004
-143.9999905E-6,-400.00000596E-3,10.3840008
-143.5999875E-6,0.0,10.3880005
-143.1999990E-6,0.0,10.3840008
-142.7999960E-6,0.0,10.3720007
-142.3999929E-6,-200.00000298E-3,10.3880005
-141.9999899E-6,-200.00000298E-3,10.3720007
-141.5999868E-6,-200.00000298E-3,10.3720007
-141.1999983E-6,0.0,10.3720007
-140.7999953E-6,-200.00000298E-3,10.3720007
-140.3999922E-6,0.0,10.3760004
-139.9999892E-6,0.0,10.3720007
-139.5999861E-6,0.0,10.3680000
-139.1999976E-6,200.00000298E-3,10.3800001
-138.7999946E-6,-400.00000596E-3,10.3800001
-138.3999916E-6,0.0,10.3720007
-137.9999885E-6,0.0,10.3960009
-137.5999855E-6,-200.00000298E-3,10.3760004
-137.1999970E-6,-400.00000596E-3,10.3760004
-136.7999939E-6,0.0,10.3680000
-136.3999909E-6,0.0,10.3880005
-135.9999878E-6,-200.00000298E-3,10.3760004
-135.5999848E-6,0.0,10.3760004
-135.1999963E-6,-200.00000298E-3,10.3760004
-134.7999932E-6,-200.00000298E-3,10.3720007
-134.3999902E-6,-200.00000298E-3,10.3600006
-133.9999872E-6,-200.00000298E-3,10.3760004
-133.5999987E-6,-200.00000298E-3,10.3720007
-133.1999956E-6,0.0,10.3760004
-132.7999926E-6,0.0,10.3720007
-132.3999895E-6,0.0,10.3880005
-131.9999865E-6,-200.00000298E-3,10.3720007
-131.5999980E-6,200.00000298E-3,10.3800001
-131.1999949E-6,-200.00000298E-3,10.3800001
-130.7999919E-6,-200.00000298E-3,10.3880005
-130.3999888E-6,-200.00000298E-3,10.3800001
-129.9999858E-6,0.0,10.3840008
-129.5999973E-6,200.00000298E-3,10.3800001
-129.1999943E-6,0.0,10.3760004
-128.7999912E-6,0.0,10.3800001
-128.3999882E-6,0.0,10.3880005
-127.9999851E-6,0.0,10.3800001
-127.5999966E-6,0.0,10.3880005
-127.1999936E-6,-200.00000298E-3,10.3800001
-126.7999905E-6,0.0,10.3800001
-126.3999875E-6,0.0,10.3680000
-125.9999844E-6,-200.00000298E-3,10.3760004
-125.5999960E-6,-400.00000596E-3,10.3880005
-125.1999929E-6,-200.00000298E-3,10.3720007
-124.7999899E-6,-200.00000298E-3,10.3680000
-124.3999868E-6,-200.00000298E-3,10.3800001
-123.9999983E-6,200.00000298E-3,10.3760004
-123.5999953E-6,0.0,10.3840008
-123.1999922E-6,200.00000298E-3,10.3760004
-122.7999892E-6,-200.00000298E-3,10.3960009
-122.3999861E-6,-200.00000298E-3,10.3800001
-121.9999904E-6,-200.00000298E-3,10.3760004
-121.5999946E-6,-200.00000298E-3,10.3680000
-121.1999916E-6,-200.00000298E-3,10.3960009
-120.7999885E-6,0.0,10.3840008
-120.3999927E-6,-400.00000596E-3,10.3680000
-119.9999897E-6,0.0,10.3720007
-119.5999939E-6,-200.00000298E-3,10.3800001
-119.1999909E-6,0.0,10.3800001
-118.7999951E-6,-200.00000298E-3,10.3840008
-118.3999921E-6,200.00000298E-3,10.3840008
-117.9999890E-6,200.00000298E-3,10.3840008
-117.5999932E-6,-200.00000298E-3,10.3800001
-117.1999902E-6,-200.00000298E-3,10.3920002
-116.7999944E-6,200.00000298E-3,10.3720007
-116.3999914E-6,-200.00000298E-3,10.3680000
-115.9999883E-6,-200.00000298E-3,10.3840008
-115.5999926E-6,-200.00000298E-3,10.3800001
-115.1999895E-6,0.0,10.3720007
-114.7999938E-6,0.0,10.3720007
-114.3999907E-6,0.0,10.3800001
-113.9999949E-6,-400.00000596E-3,10.3880005
-113.5999919E-6,0.0,10.3760004
-113.1999888E-6,-400.00000596E-3,10.3760004
-112.7999931E-6,0.0,10.3840008
-112.3999900E-6,-200.00000298E-3,10.3760004
-111.9999943E-6,-200.00000298E-3,10.3680000
-111.5999912E-6,-200.00000298E-3,10.3720007
-111.1999882E-6,-200.00000298E-3,10.3840008
-110.7999924E-6,0.0,10.3760004
-110.3999894E-6,-200.00000298E-3,10.3600006
-109.9999936E-6,-200.00000298E-3,10.3640003
-109.5999905E-6,-200.00000298E-3,10.3760004
-109.1999948E-6,-200.00000298E-3,10.3640003
-108.7999917E-6,-200.00000298E-3,10.3760004
-108.3999887E-6,-200.00000298E-3,10.3680000
-107.9999929E-6,0.0,10.3720007
-107.5999899E-6,-200.00000298E-3,10.3800001
-107.1999941E-6,0.0,10.3760004
-106.7999910E-6,0.0,10.3680000
-106.3999880E-6,0.0,10.3720007
-105.9999922E-6,-400.00000596E-3,10.3760004
-105.5999892E-6,-200.00000298E-3,10.3720007
-105.1999934E-6,-200.00000298E-3,10.3800001
-104.7999904E-6,0.0,10.3800001
-104.3999946E-6,-200.00000298E-3,10.3760004
-103.9999916E-6,0.0,10.3840008
-103.5999885E-6,-200.00000298E-3,10.3840008
-103.1999927E-6,0.0,10.3760004
-102.7999897E-6,0.0,10.3760004
-102.3999939E-6,-200.00000298E-3,10.3840008
-101.9999909E-6,0.0,10.3800001
-101.5999878E-6,-200.00000298E-3,10.3680000
-101.1999921E-6,0.0,10.3760004
-100.7999890E-6,-200.00000298E-3,10.3800001
-100.3999932E-6,-400.00000596E-3,10.3680000
-99.999990198E-6,0.0,10.3720007
-99.599994428E-6,0.0,10.3920002
-99.199991382E-6,0.0,10.3760004
-98.799988336E-6,-200.00000298E-3,10.3840008
-98.399992567E-6,0.0,10.3800001
-97.999989521E-6,-200.00000298E-3,10.3720007
-97.599993751E-6,0.0,10.3560009
-97.199990705E-6,-200.00000298E-3,10.3720007
-96.799987659E-6,0.0,10.3720007
-96.399991889E-6,0.0,10.3760004
-95.999988844E-6,-200.00000298E-3,10.3600006
-95.599993074E-6,-200.00000298E-3,10.3760004
-95.199990028E-6,0.0,10.3720007
-94.799994258E-6,0.0,10.3840008
-94.399991212E-6,-400.00000596E-3,10.3720007
-93.999988167E-6,0.0,10.3800001
-93.599992397E-6,0.0,10.3720007
-93.199989351E-6,0.0,10.3800001
-92.799993581E-6,-200.00000298E-3,10.3920002
-92.399990535E-6,-200.00000298E-3,10.3640003
-91.999994766E-6,-200.00000298E-3,10.3640003
-91.599991720E-6,0.0,10.3760004
-91.199988674E-6,0.0,10.3800001
-90.799992904E-6,-200.00000298E-3,10.3800001
-90.399989858E-6,0.0,10.3680000
-89.999994088E-6,0.0,10.3720007
-89.599991043E-6,0.0,10.3800001
-89.199987997E-6,-200.00000298E-3,10.3720007
-88.799992227E-6,-200.00000298E-3,10.3760004
-88.399989181E-6,0.0,10.3840008
-87.999993411E-6,0.0,10.3840008
-87.599990366E-6,-200.00000298E-3,10.3880005
-87.199994596E-6,-200.00000298E-3,10.3720007
-86.799991550E-6,-400.00000596E-3,10.3680000
-86.399988504E-6,0.0,10.3800001
-85.999992734E-6,-400.00000596E-3,10.3880005
-85.599989688E-6,-200.00000298E-3,10.3680000
-85.199993919E-6,-200.00000298E-3,10.3720007
-84.799990873E-6,0.0,10.3600006
-84.399987827E-6,0.0,10.3680000
-83.999992057E-6,-200.00000298E-3,10.3720007
-83.599989011E-6,0.0,10.3760004
-83.199993242E-6,0.0,10.3720007
-82.799990196E-6,0.0,10.3760004
-82.399994426E-6,-400.00000596E-3,10.3720007
-81.999991380E-6,0.0,10.3720007
-81.599988334E-6,-200.00000298E-3,10.4080009
-81.199992565E-6,-200.00000298E-3,10.3840008
-80.799989519E-6,-400.00000596E-3,10.3760004
-80.399993749E-6,-200.00000298E-3,10.3720007
-79.999990703E-6,200.00000298E-3,10.3880005
-79.599987657E-6,0.0,10.3720007
-79.199991887E-6,-200.00000298E-3,10.3760004
-78.799988842E-6,-200.00000298E-3,10.3760004
-78.399993072E-6,-400.00000596E-3,10.3720007
-77.999990026E-6,-200.00000298E-3,10.3720007
-77.599994256E-6,-200.00000298E-3,10.3800001
-77.199991210E-6,-200.00000298E-3,10.3800001
-76.799988165E-6,0.0,10.3680000
-76.399992395E-6,-400.00000596E-3,10.3640003
-75.999989349E-6,-200.00000298E-3,10.3800001
-75.599993579E-6,-200.00000298E-3,10.3760004
-75.199990533E-6,0.0,10.3680000
-74.799987487E-6,-200.00000298E-3,10.3680000
-74.399991718E-6,0.0,10.3800001
-73.999988672E-6,-200.00000298E-3,10.3760004
-73.599992902E-6,-200.00000298E-3,10.3760004
-73.199989856E-6,0.0,10.3800001
-72.799994086E-6,0.0,10.3760004
-72.399991041E-6,0.0,10.3760004
-71.999987995E-6,-200.00000298E-3,10.3720007
-71.599992225E-6,-200.00000298E-3,10.3880005
-71.199989179E-6,200.00000298E-3,10.3880005
-70.799993409E-6,-200.00000298E-3,10.3720007
-70.399990364E-6,-400.00000596E-3,10.3840008
-69.999987318E-6,0.0,10.3800001
-69.599991548E-6,-400.00000596E-3,10.3720007
-69.199988502E-6,-200.00000298E-3,10.3840008
-68.799992732E-6,-200.00000298E-3,10.3800001
-68.399989686E-6,0.0,10.3600006
-67.999993917E-6,-200.00000298E-3,10.3680000
-67.599990871E-6,0.0,10.3640003
-67.199987825E-6,0.0,10.3720007
-66.799992055E-6,0.0,10.3760004
-66.399989009E-6,-200.00000298E-3,10.3680000
-65.999993240E-6,-200.00000298E-3,10.3760004
-65.599990194E-6,-200.00000298E-3,10.3880005
-65.199994424E-6,200.00000298E-3,10.3840008
-64.799991378E-6,-200.00000298E-3,10.3880005
-64.399988332E-6,0.0,10.3760004
-63.999992562E-6,0.0,10.3760004
-63.599989517E-6,0.0,10.3680000
-63.199993747E-6,-200.00000298E-3,10.3760004
-62.799990701E-6,-200.00000298E-3,10.3720007
-62.399987655E-6,0.0,10.3760004
-61.999991885E-6,200.00000298E-3,10.3880005
-61.599988840E-6,-200.00000298E-3,10.3720007
-61.199993070E-6,0.0,10.3840008
-60.799990024E-6,0.0,10.3800001
-60.399990616E-6,-200.00000298E-3,10.3720007
-59.999991208E-6,0.0,10.3880005
-59.599991800E-6,-200.00000298E-3,10.3720007
-59.199992393E-6,0.0,10.3760004
-58.799989347E-6,0.0,10.3800001
-58.399989939E-6,0.0,10.3760004
-57.999990531E-6,0.0,10.3760004
-57.599991123E-6,-200.00000298E-3,10.3800001
-57.199991716E-6,-200.00000298E-3,10.3840008
-56.799992308E-6,-200.00000298E-3,10.3760004
-56.399989262E-6,-200.00000298E-3,10.3720007
-55.999989854E-6,0.0,10.3720007
-55.599990446E-6,0.0,10.3680000
-55.199991039E-6,-200.00000298E-3,10.3800001
-54.799991631E-6,-200.00000298E-3,10.3760004
-54.39999222E-6,-200.00000298E-3,10.3800001
-53.99998918E-6,-200.00000298E-3,10.3760004
-53.59998977E-6,0.0,10.3760004
-53.19999036E-6,0.0,10.3800001
-52.79999095E-6,200.00000298E-3,10.3680000
-52.39999155E-6,0.0,10.3840008
-51.99999214E-6,-200.00000298E-3,10.3760004
-51.59998909E-6,-200.00000298E-3,10.3760004
-51.19998968E-6,-400.00000596E-3,10.3640003
-50.79999028E-6,0.0,10.3880005
-50.39999087E-6,0.0,10.3640003
-49.99999146E-6,0.0,10.3800001
-49.59999205E-6,-200.00000298E-3,10.3840008
-49.19998901E-6,-200.00000298E-3,10.3800001
-48.79998960E-6,0.0,10.3720007
-48.39999019E-6,0.0,10.3760004
-47.99999078E-6,-200.00000298E-3,10.3680000
-47.59999138E-6,0.0,10.3760004
-47.19999197E-6,-200.00000298E-3,10.3760004
-46.79998892E-6,-200.00000298E-3,10.3640003
-46.39998951E-6,-400.00000596E-3,10.3720007
-45.99999011E-6,-200.00000298E-3,10.3760004
-45.59999070E-6,-400.00000596E-3,10.3720007
-45.19999129E-6,0.0,10.3720007
-44.79999188E-6,-200.00000298E-3,10.3680000
-44.39998884E-6,0.0,10.3840008
-43.99998943E-6,-200.00000298E-3,10.3800001
-43.59999002E-6,-200.00000298E-3,10.3720007
-43.19999061E-6,-200.00000298E-3,10.3760004
-42.79999121E-6,-200.00000298E-3,10.3760004
-42.39999180E-6,-200.00000298E-3,10.3680000
-41.99999239E-6,-200.00000298E-3,10.3760004
-41.59998934E-6,0.0,10.3760004
-41.19998994E-6,-200.00000298E-3,10.3720007
-40.79999053E-6,-400.00000596E-3,10.3640003
-40.39999112E-6,0.0,10.3760004
-39.99999171E-6,-200.00000298E-3,10.3640003
-39.59999231E-6,0.0,10.3680000
-39.19998926E-6,0.0,10.3720007
-38.79998985E-6,0.0,10.3680000
-38.39999044E-6,200.00000298E-3,10.3760004
-37.99999104E-6,-400.00000596E-3,10.3680000
-37.59999163E-6,-200.00000298E-3,10.3720007
-37.19999222E-6,200.00000298E-3,10.3640003
-36.79998918E-6,0.0,10.3800001
-36.39998977E-6,-200.00000298E-3,10.3760004
-35.99999036E-6,0.0,10.3760004
-35.59999095E-6,0.0,10.3680000
-35.19999154E-6,-200.00000298E-3,10.3720007
-34.79999214E-6,-200.00000298E-3,10.3800001
-34.39998909E-6,0.0,10.3720007
-33.99998968E-6,-200.00000298E-3,10.3720007
-33.59999027E-6,0.0,10.3720007
-33.19999087E-6,0.0,10.3720007
-32.79999146E-6,0.0,10.3680000
-32.39999205E-6,-400.00000596E-3,10.3720007
-31.99998901E-6,0.0,10.3680000
-31.59998960E-6,-200.00000298E-3,10.3720007
-31.19999019E-6,-200.00000298E-3,10.3760004
-30.79999078E-6,0.0,10.3720007
-30.39999137E-6,200.00000298E-3,10.3760004
-29.99999015E-6,-200.00000298E-3,10.3600006
-29.59999074E-6,-200.00000298E-3,10.3760004
-29.19999133E-6,200.00000298E-3,10.3680000
-28.79999010E-6,0.0,10.3720007
-28.39999070E-6,0.0,10.3720007
-27.99999129E-6,0.0,10.3640003
-27.59999006E-6,0.0,10.3800001
-27.19999065E-6,0.0,10.3800001
-26.79999125E-6,-200.00000298E-3,10.3680000
-26.39999002E-6,-200.00000298E-3,10.3720007
-25.99999061E-6,0.0,10.3640003
-25.59999120E-6,0.0,10.3680000
-25.19998998E-6,-200.00000298E-3,10.3800001
-24.79999057E-6,200.00000298E-3,10.3720007
-24.39999116E-6,0.0,10.3760004
-23.99998993E-6,0.0,10.3680000
-23.59999053E-6,-200.00000298E-3,10.3760004
-23.19999112E-6,-200.00000298E-3,10.3640003
-22.79998989E-6,-200.00000298E-3,10.3680000
-22.39999048E-6,0.0,10.3680000
-21.99999108E-6,0.0,10.3680000
-21.59998985E-6,0.0,10.3760004
-21.19999044E-6,0.0,10.3680000
-20.79999103E-6,0.0,10.3640003
-20.39998981E-6,0.0,10.3760004
-19.9999904E-6,0.0,10.3680000
-19.5999910E-6,0.0,10.3720007
-19.1999898E-6,0.0,10.3760004
-18.7999904E-6,0.0,10.3720007
-18.3999909E-6,0.0,10.3720007
-17.9999897E-6,0.0,10.3760004
-17.5999903E-6,-200.00000298E-3,10.3760004
-17.1999909E-6,200.00000298E-3,10.3800001
-16.7999897E-6,0.0,10.3640003
-16.3999903E-6,0.0,10.3720007
-15.9999909E-6,-200.00000298E-3,10.3680000
-15.5999896E-6,0.0,10.3760004
-15.1999902E-6,-200.00000298E-3,10.3720007
-14.7999899E-6,-200.00000298E-3,10.3640003
-14.3999905E-6,-200.00000298E-3,10.3800001
-13.9999902E-6,200.00000298E-3,10.3760004
-13.5999899E-6,-200.00000298E-3,10.3720007
-13.1999905E-6,200.00000298E-3,10.3600006
-12.7999901E-6,-200.00000298E-3,10.3760004
-12.3999898E-6,0.0,10.3680000
-11.9999904E-6,0.0,10.3680000
-11.5999901E-6,-400.00000596E-3,10.3760004
-11.1999907E-6,0.0,10.3680000
-10.7999904E-6,0.0,10.3720007
-10.3999901E-6,-200.00000298E-3,10.3760004
-9.999990652E-6,0.0,10.3720007
-9.599990335E-6,-200.00000298E-3,10.3760004
-9.199990018E-6,0.0,10.3760004
-8.799990610E-6,0.0,10.3680000
-8.399990293E-6,-200.00000298E-3,10.3640003
-7.999989975E-6,0.0,10.3800001
-7.599990113E-6,-200.00000298E-3,10.3640003
-7.19999025E-6,-200.00000298E-3,10.3720007
-6.79999039E-6,-200.00000298E-3,10.3720007
-6.39999007E-6,0.0,10.3760004
-5.99999021E-6,0.0,10.3720007
-5.59999035E-6,-200.00000298E-3,10.3800001
-5.19999003E-6,0.0,10.3640003
-4.79999017E-6,200.00000298E-3,10.3760004
-4.39999030E-6,0.0,10.3800001
-3.99998999E-6,0.0,10.3720007
-3.59999012E-6,0.0,10.3760004
-3.19999026E-6,-200.00000298E-3,10.3640003
-2.79999017E-6,-200.00000298E-3,10.3640003
-2.3999901E-6,-200.00000298E-3,10.3760004
-1.9999902E-6,0.0,10.3720007
-1.5999901E-6,0.0,10.3680000
-1.1999902E-6,0.0,10.3760004
-799.990118594E-9,0.0,10.3920002
-399.99011392E-9,-200.00000298E-3,10.3800001
9.890754841E-12,-200.00000298E-3,10.3680000
400.00989543E-9,-200.00000298E-3,10.3720007
800.009900104E-9,200.00000298E-3,10.3680000
1.2000099E-6,0.0,10.3640003
1.6000099E-6,-200.00000298E-3,10.3720007
2.0000100E-6,-200.00000298E-3,10.3720007
2.4000099E-6,4.59999990,10.3720007
2.80000995E-6,4.40000010,10.4560003
3.20000981E-6,4.59999990,10.3560009
3.60000990E-6,4.59999990,10.3680000
4.00000999E-6,4.40000010,10.3760004
4.40000986E-6,4.40000010,10.3600006
4.80001017E-6,4.40000010,10.3640003
5.20001004E-6,4.59999990,10.3680000
5.60000990E-6,4.59999990,10.3720007
6.00000976E-6,4.59999990,10.3680000
6.40001008E-6,4.40000010,10.3640003
6.80000994E-6,4.40000010,10.3760004
7.20000980E-6,4.40000010,10.3760004
7.600010122E-6,4.59999990,10.3560009
8.000009984E-6,4.59999990,10.3640003
8.400010302E-6,4.40000010,10.3880005
8.800009709E-6,4.59999990,10.3600006
9.200010027E-6,4.20000029,10.3840008
9.600010344E-6,4.40000010,10.3720007
10.0000098E-6,4.40000010,10.3760004
10.4000101E-6,4.40000010,10.3760004
10.8000104E-6,4.59999990,10.3800001
11.2000098E-6,4.40000010,10.3720007
11.6000101E-6,4.59999990,10.3800001
12.0000104E-6,4.59999990,10.3800001
12.4000098E-6,4.40000010,10.3720007
12.8000102E-6,4.20000029,10.3720007
13.2000105E-6,4.20000029,10.3760004
13.6000099E-6,4.40000010,10.3840008
14.0000102E-6,4.40000010,10.3760004
14.4000096E-6,4.59999990,10.3840008
14.8000099E-6,4.59999990,10.3680000
15.2000102E-6,4.59999990,10.3800001
15.6000096E-6,4.59999990,10.3720007
16.0000109E-6,4.40000010,10.3800001
16.4000103E-6,4.40000010,10.3720007
16.8000097E-6,4.59999990,10.3720007
17.2000109E-6,4.40000010,10.3760004
17.6000103E-6,4.59999990,10.3760004
18.0000097E-6,4.20000029,10.3720007
18.4000110E-6,4.59999990,10.3640003
18.8000104E-6,4.40000010,10.3720007
19.2000098E-6,4.40000010,10.3760004
19.6000110E-6,4.20000029,10.3760004
20.0000104E-6,4.40000010,10.3800001
20.40000982E-6,4.59999990,10.3760004
20.80000922E-6,4.40000010,10.3720007
21.20001045E-6,4.40000010,10.3760004
21.60000986E-6,4.40000010,10.3760004
22.00000927E-6,4.40000010,10.3720007
22.40001049E-6,4.40000010,10.3760004
22.80000990E-6,4.40000010,10.3680000
23.20000931E-6,4.20000029,10.4000006
23.60001054E-6,4.59999990,10.3760004
24.00000994E-6,4.59999990,10.3760004
24.40000935E-6,4.59999990,10.3720007
24.80001058E-6,4.59999990,10.3760004
25.20000999E-6,4.59999990,10.3760004
25.60000939E-6,4.59999990,10.3760004
26.00001062E-6,4.20000029,10.3680000
26.40001003E-6,4.59999990,10.3760004
26.80000944E-6,4.40000010,10.3760004
27.20001066E-6,4.40000010,10.3680000
27.60001007E-6,4.59999990,10.3840008
28.00000948E-6,4.59999990,10.3760004
28.40001071E-6,4.40000010,10.3800001
28.80001011E-6,4.59999990,10.3720007
29.20000952E-6,4.59999990,10.3720007
29.60001075E-6,4.20000029,10.3800001
30.00001016E-6,4.59999990,10.3840008
30.40000956E-6,4.40000010,10.3840008
30.80000897E-6,4.40000010,10.3760004
31.20001202E-6,4.40000010,10.3960009
31.60001143E-6,4.59999990,10.3720007
32.00001083E-6,4.40000010,10.3760004
32.40001024E-6,4.59999990,10.3800001
32.80000965E-6,4.40000010,10.3760004
33.20000906E-6,4.20000029,10.3640003
33.60000846E-6,4.40000010,10.3640003
34.00001151E-6,4.40000010,10.3720007
34.40001092E-6,4.59999990,10.3680000
34.80001033E-6,4.40000010,10.3800001
35.20000973E-6,4.40000010,10.3640003
35.60000914E-6,4.59999990,10.3640003
36.00000855E-6,4.40000010,10.3680000
36.40001160E-6,4.40000010,10.3920002
36.80001100E-6,4.59999990,10.3680000
37.20001041E-6,4.20000029,10.3840008
37.60000982E-6,4.59999990,10.3840008
38.00000923E-6,4.40000010,10.3680000
38.40000863E-6,4.59999990,10.3680000
38.80001168E-6,4.40000010,10.3800001
39.20001109E-6,4.40000010,10.3800001
39.60001050E-6,4.40000010,10.3720007
40.00000990E-6,4.59999990,10.3760004
40.40000931E-6,4.40000010,10.3720007
40.80000872E-6,4.40000010,10.3760004
41.20001176E-6,4.59999990,10.3800001
41.60001117E-6,4.40000010,10.3800001
42.00001058E-6,4.40000010,10.3680000
42.40000999E-6,4.20000029,10.3800001
42.80000940E-6,4.40000010,10.3720007
43.20000880E-6,4.40000010,10.3760004
43.60001185E-6,4.59999990,10.3720007
44.00001126E-6,4.40000010,10.3840008
44.40001067E-6,4.40000010,10.3680000
44.80001007E-6,4.59999990,10.3680000
45.20000948E-6,4.40000010,10.3680000
45.60000889E-6,4.59999990,10.3680000
46.00001193E-6,4.40000010,10.3640003
46.40001134E-6,4.40000010,10.3760004
46.80001075E-6,4.40000010,10.3840008
47.20001016E-6,4.40000010,10.3840008
47.60000957E-6,4.59999990,10.3760004
48.00000897E-6,4.59999990,10.3720007
48.40001202E-6,4.40000010,10.3800001
48.80001143E-6,4.40000010,10.3800001
49.20001084E-6,4.20000029,10.3720007
49.60001024E-6,4.20000029,10.3760004
50.00000965E-6,4.40000010,10.3720007
50.40000906E-6,4.59999990,10.3840008
50.80001210E-6,4.20000029,10.3800001
51.20001151E-6,4.59999990,10.3680000
51.60001092E-6,4.40000010,10.3840008
52.00001033E-6,4.40000010,10.3760004
52.40000974E-6,4.20000029,10.3840008
52.80000914E-6,4.20000029,10.3800001
53.20001219E-6,4.40000010,10.3800001
53.60001160E-6,4.59999990,10.3720007
54.00001100E-6,4.40000010,10.3840008
54.40001041E-6,4.59999990,10.3720007
54.800009821E-6,4.59999990,10.3800001
55.200009228E-6,4.40000010,10.3800001
55.600012274E-6,4.59999990,10.3720007
56.000011682E-6,4.40000010,10.3840008
56.400011090E-6,4.59999990,10.3640003
56.800010498E-6,4.40000010,10.3720007
57.200009906E-6,4.59999990,10.3840008
57.600009313E-6,4.40000010,10.3880005
58.000012359E-6,4.40000010,10.3720007
58.400011767E-6,4.59999990,10.3760004
58.800011175E-6,4.80000019,10.3880005
59.200010583E-6,4.40000010,10.3760004
59.600009990E-6,4.80000019,10.3920002
60.000009398E-6,4.59999990,10.3920002
60.400008806E-6,4.59999990,10.3840008
60.800011852E-6,4.40000010,10.3880005
61.200007622E-6,4.40000010,10.3760004
61.600010667E-6,4.59999990,10.3840008
62.000013713E-6,4.40000010,10.3760004
62.400009483E-6,4.59999990,10.3760004
62.800012529E-6,4.40000010,10.3760004
63.200008299E-6,4.40000010,10.3640003
63.600011345E-6,4.40000010,10.3800001
64.000007114E-6,4.40000010,10.3840008
64.400010160E-6,4.40000010,10.3760004
64.800013206E-6,4.59999990,10.3800001
65.200008976E-6,4.80000019,10.3800001
65.600012022E-6,4.59999990,10.3840008
66.000007791E-6,4.40000010,10.3800001
66.400010837E-6,4.40000010,10.3880005
66.800013883E-6,4.40000010,10.3720007
67.200009653E-6,4.20000029,10.3960009
67.600012699E-6,4.40000010,10.3920002
68.000008469E-6,4.59999990,10.3840008
68.400011514E-6,4.59999990,10.3760004
68.800007284E-6,4.59999990,10.3880005
69.200010330E-6,4.40000010,10.3800001
69.600013376E-6,4.59999990,10.3880005
70.000009146E-6,4.40000010,10.3840008
70.400012191E-6,4.40000010,10.3840008
70.800007961E-6,4.59999990,10.3920002
71.200011007E-6,4.59999990,10.3960009
71.600014053E-6,4.59999990,10.3720007
72.000009823E-6,4.40000010,10.3840008
72.400012868E-6,4.20000029,10.3960009
72.800008638E-6,4.59999990,10.3840008
73.200011684E-6,4.40000010,10.3840008
73.600007454E-6,4.40000010,10.3840008
74.000010500E-6,5.00000000,10.3600006
74.400013546E-6,4.40000010,10.3800001
74.800009315E-6,4.20000029,10.3800001
75.200012361E-6,4.40000010,10.3840008
75.600008131E-6,4.40000010,10.3760004
76.000011177E-6,4.59999990,10.3840008
76.400014223E-6,4.59999990,10.3880005
76.800009992E-6,4.40000010,10.3880005
77.200013038E-6,4.59999990,10.3800001
77.600008808E-6,4.40000010,10.3800001
78.000011854E-6,4.59999990,10.3800001
78.400007624E-6,4.59999990,10.3760004
78.800010670E-6,4.20000029,10.3800001
79.200013715E-6,4.40000010,10.3800001
79.600009485E-6,4.59999990,10.3800001
80.000012531E-6,4.20000029,10.3800001
80.400008301E-6,4.40000010,10.3760004
80.800011347E-6,4.40000010,10.3840008
81.200014392E-6,4.80000019,10.3880005
81.600010162E-6,4.40000010,10.4000006
82.000013208E-6,4.20000029,10.3760004
82.400008978E-6,4.20000029,10.3880005
82.800012024E-6,4.40000010,10.3760004
83.200007793E-6,4.40000010,10.3760004
83.600010839E-6,4.40000010,10.3800001
84.000013885E-6,4.40000010,10.3800001
84.400009655E-6,4.59999990,10.3800001
84.800012701E-6,4.40000010,10.3760004
85.200008471E-6,4.59999990,10.3680000
85.600011516E-6,4.40000010,10.3840008
86.000007286E-6,4.20000029,10.3840008
86.400010332E-6,4.40000010,10.3760004
86.800013378E-6,4.40000010,10.3840008
87.200009148E-6,4.40000010,10.3880005
87.600012193E-6,4.20000029,10.3880005
88.000007963E-6,4.59999990,10.3800001
88.400011009E-6,4.40000010,10.3880005
88.800014055E-6,4.59999990,10.3840008
89.200009825E-6,4.59999990,10.3920002
89.600012871E-6,4.59999990,10.3840008
90.000008640E-6,4.80000019,10.3800001
90.400011686E-6,4.59999990,10.3920002
90.800007456E-6,4.59999990,10.3840008
91.200010502E-6,4.40000010,10.3840008
91.600013548E-6,4.20000029,10.3720007
92.000009317E-6,4.40000010,10.3880005
92.400012363E-6,4.20000029,10.3840008
92.800008133E-6,4.40000010,10.3840008
93.200011179E-6,4.59999990,10.3840008
93.600014225E-6,4.59999990,10.3800001
94.000009994E-6,4.59999990,10.3920002
94.400013040E-6,4.80000019,10.3800001
94.800008810E-6,4.40000010,10.3880005
95.200011856E-6,4.20000029,10.3760004
95.600007626E-6,4.40000010,10.3880005
96.000010672E-6,4.40000010,10.3800001
96.400013717E-6,4.59999990,10.3840008
96.800009487E-6,4.40000010,10.3840008
97.200012533E-6,4.40000010,10.3880005
97.600008303E-6,4.40000010,10.3760004
98.000011349E-6,4.40000010,10.3880005
98.400014394E-6,4.59999990,10.3800001
98.800010164E-6,4.40000010,10.3800001
99.200013210E-6,4.59999990,10.3880005
99.600008980E-6,4.59999990,10.3760004
100.0000120E-6,4.59999990,10.3840008
100.4000078E-6,4.59999990,10.3880005
100.8000108E-6,4.20000029,10.3800001
101.2000139E-6,4.40000010,10.3920002
101.6000097E-6,4.40000010,10.3880005
102.0000127E-6,4.40000010,10.3840008
102.4000085E-6,4.59999990,10.3840008
102.8000115E-6,4.40000010,10.3760004
103.2000146E-6,4.59999990,10.3920002
103.6000103E-6,4.40000010,10.3880005
104.0000134E-6,4.59999990,10.3840008
104.4000091E-6,4.59999990,10.4040003
104.8000122E-6,4.80000019,10.3840008
105.2000080E-6,4.40000010,10.3840008
105.6000110E-6,4.40000010,10.3760004
106.0000141E-6,4.59999990,10.3920002
106.4000098E-6,4.20000029,10.3760004
106.8000129E-6,4.20000029,10.3840008
107.2000086E-6,4.20000029,10.3800001
107.6000117E-6,4.40000010,10.3840008
108.0000147E-6,4.80000019,10.3920002
108.4000105E-6,4.59999990,10.3800001
108.8000135E-6,4.40000010,10.3880005
109.2000093E-6,4.40000010,10.4760008
109.6000124E-6,4.59999990,10.3800001
110.0000081E-6,4.40000010,10.3800001
110.4000112E-6,4.40000010,10.3920002
110.8000142E-6,4.59999990,10.3880005
111.2000100E-6,4.40000010,10.3880005
111.6000130E-6,4.20000029,10.4000006
112.0000088E-6,4.40000010,10.3880005
112.4000119E-6,4.59999990,10.3800001
112.8000076E-6,4.40000010,10.3920002
113.2000107E-6,4.40000010,10.3840008
113.6000137E-6,4.80000019,10.3920002
114.0000095E-6,4.40000010,10.3920002
114.4000125E-6,4.40000010,10.3840008
114.8000083E-6,4.40000010,10.3880005
115.2000114E-6,4.20000029,10.3920002
115.6000144E-6,4.40000010,10.3840008
116.0000102E-6,4.40000010,10.3840008
116.4000132E-6,4.59999990,10.3920002
116.8000090E-6,4.59999990,10.3800001
117.2000120E-6,4.20000029,10.3840008
117.6000078E-6,4.59999990,10.3840008
118.0000108E-6,4.40000010,10.3960009
118.4000139E-6,4.20000029,10.3880005
118.8000097E-6,4.40000010,10.3840008
119.2000127E-6,4.59999990,10.3920002
119.6000085E-6,4.40000010,10.3880005
120.0000115E-6,4.40000010,10.3960009
120.4000146E-6,4.59999990,10.3840008
120.8000103E-6,4.59999990,10.3880005
121.2000134E-6,4.40000010,10.3960009
121.6000092E-6,4.40000010,10.3960009
122.0000122E-6,4.40000010,10.3960009
122.4000152E-6,4.59999990,10.3840008
122.8000183E-6,4.59999990,10.3880005
123.2000068E-6,4.40000010,10.4000006
123.6000098E-6,4.59999990,10.3880005
124.0000129E-6,4.40000010,10.3920002
124.4000159E-6,4.59999990,10.4000006
124.8000044E-6,4.59999990,10.3840008
125.2000075E-6,4.40000010,10.3960009
125.6000105E-6,4.59999990,10.3840008
126.0000136E-6,4.40000010,10.3880005
126.4000166E-6,4.40000010,10.3720007
126.8000051E-6,4.59999990,10.4000006
127.2000081E-6,4.40000010,10.3880005
127.6000112E-6,4.59999990,10.3960009
128.0000142E-6,4.40000010,10.4000006
128.4000173E-6,4.59999990,10.3840008
128.8000058E-6,4.40000010,10.3960009
129.2000088E-6,4.59999990,10.3920002
129.6000119E-6,4.80000019,10.3920002
130.0000149E-6,4.20000029,10.4000006
130.4000180E-6,4.80000019,10.3880005
130.8000064E-6,4.59999990,10.3800001
131.2000095E-6,4.40000010,10.3840008
131.6000125E-6,4.40000010,10.3880005
132.0000156E-6,4.40000010,10.3960009
132.4000186E-6,4.59999990,10.3880005
132.8000071E-6,4.59999990,10.3800001
133.2000102E-6,4.40000010,10.3920002
133.6000132E-6,4.59999990,10.3880005
134.0000163E-6,4.59999990,10.4000006
134.4000048E-6,4.59999990,10.3960009
134.8000078E-6,4.40000010,10.3800001
135.2000108E-6,4.40000010,10.3960009
135.6000139E-6,4.20000029,10.3800001
136.0000169E-6,4.59999990,10.3840008
136.4000054E-6,4.40000010,10.3840008
136.8000085E-6,4.20000029,10.4000006
137.2000115E-6,4.59999990,10.3880005
137.6000146E-6,4.40000010,10.3880005
138.0000176E-6,4.40000010,10.3920002
138.4000061E-6,4.40000010,10.3840008
138.8000092E-6,4.40000010,10.3960009
139.2000122E-6,4.59999990,10.3960009
139.6000152E-6,4.20000029,10.4000006
140.0000183E-6,4.40000010,10.3800001
140.4000068E-6,4.40000010,10.3840008
140.8000098E-6,4.40000010,10.4000006
141.2000129E-6,4.40000010,10.3920002
141.6000159E-6,4.40000010,10.3880005
142.0000044E-6,4.59999990,10.4080009
142.4000075E-6,4.40000010,10.4000006
142.8000105E-6,4.59999990,10.4000006
143.2000136E-6,4.40000010,10.4000006
143.6000166E-6,4.20000029,10.3920002
144.0000051E-6,4.59999990,10.3920002
144.4000081E-6,4.59999990,10.4040003
144.8000112E-6,4.40000010,10.3920002
145.2000142E-6,4.59999990,10.4000006
145.6000173E-6,4.40000010,10.3960009
146.0000058E-6,4.40000010,10.3840008
146.4000088E-6,4.40000010,10.3920002
146.8000119E-6,4.59999990,10.3800001
147.2000149E-6,4.40000010,10.4040003
147.6000180E-6,4.80000019,10.3760004
148.0000064E-6,4.40000010,10.3960009
148.4000095E-6,4.40000010,10.3920002
148.80001254E-6,4.40000010,10.4000006
149.20001558E-6,4.40000010,10.3960009
149.60001863E-6,4.20000029,10.3960009
150.00000712E-6,4.40000010,10.3920002
150.40001017E-6,4.40000010,10.4000006
150.80001322E-6,4.40000010,10.3920002
151.20001626E-6,4.59999990,10.3960009
151.60000476E-6,4.40000010,10.4040003
152.00000780E-6,4.40000010,10.3960009
152.40001085E-6,4.40000010,10.3960009
152.80001389E-6,4.59999990,10.3880005
153.20001694E-6,4.80000019,10.3920002
153.60000543E-6,4.59999990,10.3960009
154.00000848E-6,4.59999990,10.3920002
154.40001152E-6,4.59999990,10.3840008
154.80001457E-6,4.40000010,10.4120007
155.20001762E-6,4.40000010,10.3960009
155.60000611E-6,4.59999990,10.3880005
156.00000916E-6,4.40000010,10.3920002
156.40001220E-6,4.40000010,10.3920002
156.80001525E-6,4.40000010,10.3880005
157.20001829E-6,4.40000010,10.3920002
157.60000679E-6,4.59999990,10.3960009
158.00000983E-6,4.59999990,10.4080009
158.40001288E-6,4.40000010,10.3920002
158.80001592E-6,4.40000010,10.3920002
159.20001897E-6,4.40000010,10.3920002
159.60000746E-6,4.40000010,10.4040003
160.00001051E-6,4.40000010,10.4120007
160.40001356E-6,4.40000010,10.4080009
160.80001660E-6,4.40000010,10.4040003
161.20000510E-6,4.40000010,10.4000006
161.60000814E-6,4.59999990,10.3960009
162.00001119E-6,4.59999990,10.4040003
162.40001423E-6,4.59999990,10.4080009
162.80001728E-6,4.20000029,10.4000006
163.20000577E-6,4.59999990,10.3840008
163.60000882E-6,4.59999990,10.3960009
164.00001186E-6,4.20000029,10.3880005
164.40001491E-6,4.59999990,10.3880005
164.80001796E-6,4.59999990,10.3920002
165.20000645E-6,4.59999990,10.3960009
165.60000950E-6,4.40000010,10.3960009
166.00001254E-6,4.59999990,10.4080009
166.40001559E-6,4.40000010,10.4000006
166.80001863E-6,4.59999990,10.4000006
167.20000713E-6,4.59999990,10.4040003
167.60001017E-6,4.40000010,10.4160004
168.00001322E-6,4.59999990,10.3880005
168.40001626E-6,4.59999990,10.4080009
168.80000476E-6,4.40000010,10.4000006
169.20000780E-6,0.0,10.4000006
169.60001085E-6,0.0,10.4000006
170.00001390E-6,-200.00000298E-3,10.4400005
170.40001694E-6,0.0,10.3800001
170.80000544E-6,-200.00000298E-3,10.4040003
171.20000848E-6,0.0,10.4000006
171.60001153E-6,-200.00000298E-3,10.4080009
172.00001457E-6,-200.00000298E-3,10.4000006
172.40001762E-6,0.0,10.4040003
172.80000611E-6,-200.00000298E-3,10.3960009
173.20000916E-6,200.00000298E-3,10.4080009
173.60001220E-6,0.0,10.4680004
174.00001525E-6,0.0,10.4040003
174.40001830E-6,0.0,10.4000006
174.80000679E-6,0.0,10.4000006
175.20000983E-6,-200.00000298E-3,10.4120007
175.60001288E-6,0.0,10.3920002
176.00001593E-6,-200.00000298E-3,10.3920002
176.40001897E-6,-200.00000298E-3,10.4040003
176.80000747E-6,0.0,10.4040003
177.20001051E-6,0.0,10.3920002
177.60001356E-6,0.0,10.3920002
178.00001660E-6,-200.00000298E-3,10.3880005
178.40000510E-6,200.00000298E-3,10.4040003
178.80000814E-6,0.0,10.4040003
179.20001119E-6,0.0,10.4000006
179.60001423E-6,0.0,10.3880005
180.00001728E-6,0.0,10.3840008
180.40000577E-6,-200.00000298E-3,10.3960009
180.80000882E-6,0.0,10.3960009
181.20001187E-6,0.0,10.3800001
181.60001491E-6,200.00000298E-3,10.4080009
182.00001796E-6,0.0,10.3800001
182.40000645E-6,0.0,10.3880005
182.80000950E-6,0.0,10.3880005
183.20001254E-6,0.0,10.3800001
183.60001559E-6,0.0,10.3840008
184.00001863E-6,200.00000298E-3,10.3840008
184.40000713E-6,0.0,10.3880005
184.80001017E-6,400.00000596E-3,10.3720007
185.20001322E-6,-200.00000298E-3,10.3880005
185.60001627E-6,-200.00000298E-3,10.3880005
186.00001931E-6,-200.00000298E-3,10.4080009
186.40000781E-6,-200.00000298E-3,10.3840008
186.80001085E-6,0.0,10.3960009
187.20001390E-6,0.0,10.3880005
187.60001694E-6,-200.00000298E-3,10.4000006
188.00000544E-6,-200.00000298E-3,10.3880005
188.40000848E-6,-200.00000298E-3,10.3880005
188.80001153E-6,0.0,10.3920002
189.20001457E-6,-200.00000298E-3,10.3880005
189.60001762E-6,-400.00000596E-3,10.3920002
190.00000611E-6,0.0,10.3800001
190.40000916E-6,-400.00000596E-3,10.3800001
190.80001221E-6,-200.00000298E-3,10.3960009
191.20001525E-6,-400.00000596E-3,10.3760004
191.60001830E-6,-200.00000298E-3,10.3800001
192.00000679E-6,-200.00000298E-3,10.3880005
192.40000984E-6,-400.00000596E-3,10.3800001
192.80001288E-6,0.0,10.3800001
193.20001593E-6,0.0,10.4000006
193.60001897E-6,-200.00000298E-3,10.4000006
194.00000747E-6,0.0,10.3840008
194.40001051E-6,-200.00000298E-3,10.3800001
194.80001356E-6,-200.00000298E-3,10.3920002
195.20001661E-6,0.0,10.3920002
195.60000510E-6,-200.00000298E-3,10.3880005
196.00000815E-6,0.0,10.3800001
196.40001119E-6,0.0,10.3880005
196.80001424E-6,-200.00000298E-3,10.3840008
197.20001728E-6,-200.00000298E-3,10.3920002
197.60000578E-6,-200.00000298E-3,10.3800001
198.00000882E-6,-200.00000298E-3,10.3840008
198.40001187E-6,-200.00000298E-3,10.3800001
198.80001491E-6,0.0,10.3920002
199.20001796E-6,-400.00000596E-3,10.3800001
199.60000645E-6,-200.00000298E-3,10.3880005
200.00000950E-6,-200.00000298E-3,10.3840008
200.40001255E-6,-200.00000298E-3,10.3720007
200.80001559E-6,-200.00000298E-3,10.3840008
201.20001864E-6,-200.00000298E-3,10.3800001
201.60000713E-6,200.00000298E-3,10.3840008
202.00001018E-6,0.0,10.3920002
202.40001322E-6,0.0,10.3840008
202.80001627E-6,0.0,10.3760004
203.20001931E-6,-200.00000298E-3,10.3880005
203.60000781E-6,-200.00000298E-3,10.3720007
204.00001085E-6,-200.00000298E-3,10.3800001
204.40001390E-6,0.0,10.3720007
204.80001695E-6,-200.00000298E-3,10.3720007
205.20000544E-6,200.00000298E-3,10.3720007
205.60000848E-6,-200.00000298E-3,10.3800001
206.00001153E-6,200.00000298E-3,10.3760004
206.40001458E-6,200.00000298E-3,10.3800001
206.80001762E-6,-200.00000298E-3,10.3760004
207.20000612E-6,-200.00000298E-3,10.3760004
207.60000916E-6,-200.00000298E-3,10.3640003
208.00001221E-6,-400.00000596E-3,10.3760004
208.40001525E-6,-200.00000298E-3,10.3840008
208.80001830E-6,200.00000298E-3,10.3760004
209.20000679E-6,-400.00000596E-3,10.3680000
209.60000984E-6,-200.00000298E-3,10.3840008
210.00001288E-6,200.00000298E-3,10.3720007
210.40001593E-6,-200.00000298E-3,10.3720007
210.80001898E-6,0.0,10.3800001
211.20000747E-6,-400.00000596E-3,10.3720007
211.60001052E-6,-200.00000298E-3,10.3800001
212.00001356E-6,200.00000298E-3,10.3800001
212.40001661E-6,-200.00000298E-3,10.3760004
212.80001965E-6,0.0,10.3840008
213.20000815E-6,0.0,10.3840008
213.60001119E-6,0.0,10.3720007
214.00001424E-6,0.0,10.3880005
214.40001728E-6,0.0,10.3800001
214.80000578E-6,0.0,10.3760004
215.20000882E-6,0.0,10.3840008
215.60001187E-6,0.0,10.3720007
216.00001492E-6,0.0,10.3800001
216.40001796E-6,-200.00000298E-3,10.3680000
216.80000646E-6,0.0,10.3800001
217.20000950E-6,0.0,10.3920002
217.60001255E-6,-200.00000298E-3,10.3800001
218.00001559E-6,-200.00000298E-3,10.3800001
218.40001864E-6,-200.00000298E-3,10.3880005
218.80000713E-6,-200.00000298E-3,10.3720007
219.20001018E-6,400.00000596E-3,10.3800001
219.60001322E-6,0.0,10.3680000
220.00001627E-6,-200.00000298E-3,10.3840008
220.40001932E-6,0.0,10.3840008
220.80000781E-6,-200.00000298E-3,10.3760004
221.20001086E-6,-200.00000298E-3,10.3840008
221.60001390E-6,0.0,10.3720007
222.00001695E-6,0.0,10.3880005
222.40000544E-6,-200.00000298E-3,10.3760004
222.80000849E-6,-200.00000298E-3,10.3800001
223.20001153E-6,-200.00000298E-3,10.3720007
223.60001458E-6,0.0,10.3840008
224.00001762E-6,0.0,10.3760004
224.40000612E-6,0.0,10.3680000
224.80000916E-6,0.0,10.3760004
225.20001221E-6,-200.00000298E-3,10.3720007
225.60001526E-6,-400.00000596E-3,10.3840008
226.00001830E-6,-400.00000596E-3,10.3760004
226.40000680E-6,-200.00000298E-3,10.3800001
226.80000984E-6,0.0,10.3720007
227.20001289E-6,0.0,10.3800001
227.60001593E-6,-400.00000596E-3,10.3960009
228.00001898E-6,0.0,10.3840008
228.40000747E-6,-200.00000298E-3,10.3680000
228.80001052E-6,0.0,10.3720007
229.20001356E-6,-200.00000298E-3,10.3800001
229.60001661E-6,0.0,10.3720007
230.00001966E-6,-200.00000298E-3,10.3800001
230.40000815E-6,0.0,10.3760004
230.80001120E-6,-200.00000298E-3,10.3720007
231.20001424E-6,-200.00000298E-3,10.3760004
231.60001729E-6,-400.00000596E-3,10.3760004
232.00000578E-6,-400.00000596E-3,10.3800001
232.40000883E-6,0.0,10.3720007
232.80001187E-6,0.0,10.3840008
233.20001492E-6,200.00000298E-3,10.3800001
233.60001796E-6,-200.00000298E-3,10.3760004
234.00000646E-6,-200.00000298E-3,10.3760004
234.40000950E-6,-200.00000298E-3,10.3720007
234.80001255E-6,-200.00000298E-3,10.3720007
235.20001560E-6,-200.00000298E-3,10.3840008
235.60001864E-6,0.0,10.3680000
236.00000713E-6,-200.00000298E-3,10.3680000
236.40001018E-6,0.0,10.3720007
236.80001323E-6,0.0,10.3720007
237.20001627E-6,0.0,10.3760004
237.60001932E-6,0.0,10.3720007
238.00000781E-6,0.0,10.3680000
238.40001086E-6,0.0,10.3760004
238.80001390E-6,-200.00000298E-3,10.3720007
239.20001695E-6,-200.00000298E-3,10.3800001
239.60000544E-6,-200.00000298E-3,10.3760004
240.00000849E-6,0.0,10.3800001
240.40001153E-6,-400.00000596E-3,10.3640003
240.80001458E-6,0.0,10.3800001
241.20001763E-6,-200.00000298E-3,10.3720007
241.60000612E-6,200.00000298E-3,10.3760004
242.00000917E-6,0.0,10.3800001
242.40001221E-6,0.0,10.3720007
242.80001526E-6,-200.00000298E-3,10.3880005
243.20001830E-6,-200.00000298E-3,10.3760004
243.60000680E-6,0.0,10.3720007
244.00000984E-6,0.0,10.3760004
244.39999834E-6,-200.00000298E-3,10.3800001
244.80000138E-6,0.0,10.3720007
245.20000443E-6,-200.00000298E-3,10.3720007
245.60000747E-6,0.0,10.3800001
246.00001052E-6,-200.00000298E-3,10.3760004
246.40001357E-6,0.0,10.3800001
246.80001661E-6,0.0,10.3800001
247.20001966E-6,0.0,10.3720007
247.60002270E-6,0.0,10.3800001
248.00002575E-6,-200.00000298E-3,10.3760004
248.39999969E-6,0.0,10.3800001
248.80000274E-6,0.0,10.3720007
249.20000578E-6,-400.00000596E-3,10.3640003
249.60000883E-6,0.0,10.3720007
250.00001187E-6,-200.00000298E-3,10.3640003
250.40001492E-6,-400.00000596E-3,10.3760004
250.80001797E-6,-200.00000298E-3,10.3760004
251.20002101E-6,-200.00000298E-3,10.3800001
251.60002406E-6,0.0,10.3680000
252.00002710E-6,-200.00000298E-3,10.3680000
252.40000105E-6,0.0,10.3720007
252.80000409E-6,0.0,10.3720007
253.20000714E-6,-200.00000298E-3,10.3760004
253.60001018E-6,-200.00000298E-3,10.3760004
254.00001323E-6,-200.00000298E-3,10.3760004
254.40001627E-6,0.0,10.3720007
254.80001932E-6,0.0,10.3760004
255.20002237E-6,-200.00000298E-3,10.3760004
255.60002541E-6,0.0,10.3760004
255.99999935E-6,0.0,10.3760004
256.40000240E-6,200.00000298E-3,10.3760004
256.80000545E-6,0.0,10.3640003
257.20000849E-6,-200.00000298E-3,10.3720007
257.60001154E-6,0.0,10.3760004
258.00001458E-6,-200.00000298E-3,10.3760004
258.40001763E-6,0.0,10.3840008
258.80002067E-6,200.00000298E-3,10.3720007
259.20002372E-6,0.0,10.3880005
259.60002677E-6,-200.00000298E-3,10.3840008
260.00000071E-6,-200.00000298E-3,10.3720007
260.40000375E-6,0.0,10.3760004
260.80000680E-6,-200.00000298E-3,10.3880005
261.20000985E-6,-200.00000298E-3,10.3760004
261.60001289E-6,-200.00000298E-3,10.3800001
262.00001594E-6,-200.00000298E-3,10.3720007
262.40001898E-6,0.0,10.3880005
262.80002203E-6,-200.00000298E-3,10.3720007
263.20002507E-6,-200.00000298E-3,10.3760004
263.59999902E-6,0.0,10.3720007
264.00000206E-6,200.00000298E-3,10.3760004
264.40000511E-6,0.0,10.3840008
264.80000815E-6,-200.00000298E-3,10.3760004
265.20001120E-6,-200.00000298E-3,10.3680000
265.60001425E-6,-400.00000596E-3,10.3760004
266.00001729E-6,0.0,10.3880005
266.40002034E-6,0.0,10.3800001
266.80002338E-6,0.0,10.3760004
267.20002643E-6,-200.00000298E-3,10.3880005
267.60000037E-6,0.0,10.3760004
268.00000342E-6,0.0,10.3680000
268.40000646E-6,-200.00000298E-3,10.3800001
268.80000951E-6,-200.00000298E-3,10.3720007
269.20001255E-6,-200.00000298E-3,10.3800001
269.60001560E-6,-200.00000298E-3,10.3800001
270.00001865E-6,-200.00000298E-3,10.3760004
270.40002169E-6,0.0,10.3800001
270.80002474E-6,0.0,10.3720007
271.19999868E-6,-200.00000298E-3,10.3680000
271.60000172E-6,-200.00000298E-3,10.3840008
272.00000477E-6,200.00000298E-3,10.3720007
272.40000782E-6,200.00000298E-3,10.3760004
272.80001086E-6,0.0,10.3840008
273.20001391E-6,200.00000298E-3,10.3640003
273.60001695E-6,-200.00000298E-3,10.3760004
274.00002000E-6,-200.00000298E-3,10.3600006
274.40002305E-6,-200.00000298E-3,10.3800001
274.80002609E-6,-200.00000298E-3,10.3840008
275.20000003E-6,0.0,10.3720007
275.60000308E-6,-200.00000298E-3,10.3800001
276.00000612E-6,0.0,10.3680000
276.40000917E-6,0.0,10.3760004
276.80001222E-6,-200.00000298E-3,10.3760004
277.20001526E-6,-200.00000298E-3,10.3720007
277.60001831E-6,-200.00000298E-3,10.3800001
278.00002135E-6,-200.00000298E-3,10.3760004
278.40002440E-6,-200.00000298E-3,10.3760004
278.80002744E-6,-200.00000298E-3,10.3760004
279.20000139E-6,0.0,10.3880005
279.60000443E-6,-200.00000298E-3,10.3880005
280.00000748E-6,-200.00000298E-3,10.3800001
280.40001052E-6,-200.00000298E-3,10.3800001
280.80001357E-6,0.0,10.3800001
281.20001662E-6,0.0,10.3720007
281.60001966E-6,-200.00000298E-3,10.3800001
282.00002271E-6,-200.00000298E-3,10.3840008
282.40002575E-6,-200.00000298E-3,10.3800001
282.79999970E-6,-200.00000298E-3,10.3680000
283.20000274E-6,0.0,10.3680000
283.60000579E-6,-200.00000298E-3,10.3720007
284.00000883E-6,0.0,10.3720007
284.40001188E-6,0.0,10.3720007
284.80001492E-6,-400.00000596E-3,10.3720007
285.20001797E-6,0.0,10.3720007
285.60002102E-6,0.0,10.3720007
286.00002406E-6,0.0,10.3720007
286.40002711E-6,-200.00000298E-3,10.3800001
286.80000105E-6,-400.00000596E-3,10.3720007
287.20000410E-6,-200.00000298E-3,10.3760004
287.60000714E-6,0.0,10.3680000
288.00001019E-6,200.00000298E-3,10.3880005
288.40001323E-6,-400.00000596E-3,10.3800001
288.80001628E-6,0.0,10.3680000
289.20001932E-6,-200.00000298E-3,10.3880005
289.60002237E-6,0.0,10.3760004
290.00002542E-6,-400.00000596E-3,10.3720007
290.39999936E-6,-200.00000298E-3,10.3920002
290.80000240E-6,-200.00000298E-3,10.3840008
291.20000545E-6,-200.00000298E-3,10.3720007
291.60000850E-6,0.0,10.3760004
292.00001154E-6,200.00000298E-3,10.3720007
292.40001459E-6,0.0,10.3840008
292.80001763E-6,-200.00000298E-3,10.3760004
293.20002068E-6,-400.00000596E-3,10.3760004
293.60002372E-6,-200.00000298E-3,10.3720007
294.00002677E-6,-200.00000298E-3,10.3640003
294.40000071E-6,-200.00000298E-3,10.3760004
294.80000376E-6,0.0,10.3720007
295.20000680E-6,-200.00000298E-3,10.3800001
295.60000985E-6,-200.00000298E-3,10.3720007
296.00001290E-6,0.0,10.3800001
296.40001594E-6,-200.00000298E-3,10.3680000
296.80001899E-6,-200.00000298E-3,10.3680000
297.20002203E-6,0.0,10.3640003
297.60002508E-6,-200.00000298E-3,10.3720007
297.99999902E-6,-200.00000298E-3,10.3760004
298.40000207E-6,200.00000298E-3,10.3680000
298.80000511E-6,0.0,10.3680000
299.20000816E-6,-400.00000596E-3,10.3800001
299.60001120E-6,0.0,10.3760004
300.00001425E-6,-200.00000298E-3,10.3720007
300.40001730E-6,0.0,10.3680000
300.80002034E-6,0.0,10.3760004
301.20002339E-6,0.0,10.3720007
301.60002643E-6,-200.00000298E-3,10.3640003
302.00000037E-6,-200.00000298E-3,10.3720007
302.40000342E-6,0.0,10.3720007
302.80000647E-6,0.0,10.3720007
303.20000951E-6,0.0,10.3680000
303.60001256E-6,0.0,10.3720007
304.00001560E-6,-400.00000596E-3,10.3760004
304.40001865E-6,-200.00000298E-3,10.3720007
304.80002169E-6,-200.00000298E-3,10.3640003
305.20002474E-6,-200.00000298E-3,10.3720007
305.60002779E-6,0.0,10.3720007
306.00000173E-6,0.0,10.3760004
306.40000477E-6,-200.00000298E-3,10.3760004
306.80000782E-6,-400.00000596E-3,10.3640003
307.20001087E-6,0.0,10.3800001
307.60001391E-6,-200.00000298E-3,10.3720007
308.00001696E-6,0.0,10.3800001
308.40002000E-6,-200.00000298E-3,10.3760004
308.80002305E-6,-200.00000298E-3,10.3720007
309.20002609E-6,0.0,10.3720007
309.60000004E-6,-200.00000298E-3,10.3720007
310.00000308E-6,-200.00000298E-3,10.3800001
310.40000613E-6,-200.00000298E-3,10.3720007
310.80000917E-6,-200.00000298E-3,10.3800001
311.20001222E-6,-400.00000596E-3,10.3760004
311.60001527E-6,0.0,10.3760004
312.00001831E-6,-200.00000298E-3,10.3840008
312.40002136E-6,0.0,10.3760004
312.80002440E-6,-200.00000298E-3,10.3760004
313.20002745E-6,-200.00000298E-3,10.3840008
313.60000139E-6,-200.00000298E-3,10.3760004
314.00000444E-6,-200.00000298E-3,10.3720007
314.40000748E-6,-200.00000298E-3,10.3840008
314.80001053E-6,0.0,10.3800001
315.20001357E-6,-200.00000298E-3,10.3720007
315.60001662E-6,-200.00000298E-3,10.3720007
316.00001967E-6,-200.00000298E-3,10.3800001
316.40002271E-6,-400.00000596E-3,10.3760004
316.80002576E-6,0.0,10.3680000
317.19999970E-6,-200.00000298E-3,10.3760004
317.60000275E-6,0.0,10.3760004
318.00000579E-6,0.0,10.3800001
318.40000884E-6,-200.00000298E-3,10.3760004
318.80001188E-6,-200.00000298E-3,10.3760004
319.20001493E-6,-200.00000298E-3,10.3680000
319.60001797E-6,0.0,10.3760004
320.00002102E-6,-400.00000596E-3,10.3720007
320.40002407E-6,0.0,10.3720007
320.80002711E-6,-200.00000298E-3,10.3720007
321.20000105E-6,-200.00000298E-3,10.3680000
321.60000410E-6,-200.00000298E-3,10.3720007
322.00000715E-6,0.0,10.3720007
322.40001019E-6,-400.00000596E-3,10.3720007
322.80001324E-6,-200.00000298E-3,10.3640003
323.20001628E-6,-200.00000298E-3,10.3840008
323.60001933E-6,-200.00000298E-3,10.3720007
324.00002237E-6,-400.00000596E-3,10.3680000
324.40002542E-6,0.0,10.3760004
324.79999936E-6,200.00000298E-3,10.3720007
325.20000241E-6,-200.00000298E-3,10.3800001
325.60000545E-6,0.0,10.3760004
326.00000850E-6,0.0,10.3680000
326.40001155E-6,-200.00000298E-3,10.3800001
326.80001459E-6,-200.00000298E-3,10.3760004
327.20001764E-6,0.0,10.3640003
327.60002068E-6,0.0,10.3800001
328.00002373E-6,0.0,10.3720007
328.40002677E-6,0.0,10.3680000
328.80000072E-6,-400.00000596E-3,10.3680000
329.20000376E-6,-400.00000596E-3,10.3720007
329.60000681E-6,0.0,10.3800001
330.00000985E-6,-200.00000298E-3,10.3800001
330.40001290E-6,-200.00000298E-3,10.3720007
330.80001594E-6,0.0,10.3760004
331.20001899E-6,0.0,10.3720007
331.60002204E-6,0.0,10.3720007
332.00002508E-6,0.0,10.3680000
332.40002813E-6,0.0,10.3640003
332.80000207E-6,0.0,10.3680000
333.20000512E-6,-200.00000298E-3,10.3680000
333.60000816E-6,-400.00000596E-3,10.3720007
334.00001121E-6,-200.00000298E-3,10.3680000
334.40001425E-6,-200.00000298E-3,10.3680000
334.80001730E-6,0.0,10.3680000
335.20002034E-6,0.0,10.3720007
335.60002339E-6,-200.00000298E-3,10.3680000
336.00002644E-6,4.59999990,10.4600000
336.40000038E-6,4.20000029,10.3240004
336.80000342E-6,4.59999990,10.3720007
337.20000647E-6,4.59999990,10.3760004
337.60000952E-6,4.59999990,10.3720007
338.00001256E-6,4.59999990,10.3720007
338.40001561E-6,4.59999990,10.3760004
338.80001865E-6,4.20000029,10.3680000
339.20002170E-6,4.20000029,10.3640003
339.60002474E-6,4.40000010,10.3600006
340.00002779E-6,4.20000029,10.3680000
340.40000173E-6,4.40000010,10.3640003
340.80000478E-6,4.20000029,10.3640003
341.20000782E-6,4.40000010,10.3640003
341.60001087E-6,4.20000029,10.3600006
342.00001392E-6,4.59999990,10.3680000
342.40001696E-6,4.40000010,10.3680000
342.80002001E-6,4.40000010,10.3680000
343.20002305E-6,4.40000010,10.3640003
343.60002610E-6,4.59999990,10.3680000
344.00000004E-6,4.40000010,10.3640003
344.40000309E-6,4.40000010,10.3680000
344.80000613E-6,4.40000010,10.3800001
345.20000918E-6,4.40000010,10.3760004
345.60001222E-6,4.59999990,10.3760004
346.00001527E-6,4.80000019,10.3720007
346.40001832E-6,4.40000010,10.3720007
346.80002136E-6,4.59999990,10.3800001
347.20002441E-6,4.20000029,10.3880005
347.60002745E-6,4.40000010,10.3760004
348.00000140E-6,4.20000029,10.3800001
348.40000444E-6,4.59999990,10.3760004
348.80000749E-6,4.40000010,10.3800001
349.20001053E-6,4.20000029,10.3720007
349.60001358E-6,4.40000010,10.3800001
350.00001662E-6,4.40000010,10.3800001
350.40001967E-6,4.59999990,10.3640003
350.80002272E-6,4.40000010,10.3640003
351.20002576E-6,4.59999990,10.3800001
351.59999970E-6,4.40000010,10.3800001
352.00000275E-6,4.20000029,10.3720007
352.40000580E-6,4.59999990,10.3720007
352.80000884E-6,4.40000010,10.3720007
353.20001189E-6,4.59999990,10.3680000
353.60001493E-6,4.59999990,10.3680000
354.00001798E-6,4.40000010,10.3680000
354.40002102E-6,4.80000019,10.3760004
354.80002407E-6,4.40000010,10.3680000
355.20002712E-6,4.40000010,10.3800001
355.60000106E-6,4.59999990,10.3640003
356.00000410E-6,4.40000010,10.3760004
356.40000715E-6,4.40000010,10.3760004
356.80001020E-6,4.80000019,10.3760004
357.20001324E-6,4.40000010,10.3800001
357.60001629E-6,4.59999990,10.3840008
358.00001933E-6,4.40000010,10.3720007
358.40002238E-6,4.59999990,10.3760004
358.80002542E-6,4.40000010,10.3720007
359.20002847E-6,4.00000000,10.3840008
359.60000241E-6,4.40000010,10.3720007
360.00000546E-6,4.80000019,10.3840008
360.40000850E-6,4.80000019,10.3760004
360.80001155E-6,4.40000010,10.3840008
361.20001459E-6,4.40000010,10.3720007
361.60001764E-6,4.59999990,10.3880005
362.00002069E-6,4.40000010,10.3720007
362.40002373E-6,4.40000010,10.3680000
362.80002678E-6,4.40000010,10.3640003
363.20000072E-6,4.59999990,10.3800001
363.60000377E-6,4.40000010,10.3680000
364.00000681E-6,4.20000029,10.3720007
364.40000986E-6,4.59999990,10.3760004
364.80001290E-6,4.20000029,10.3720007
365.20001595E-6,4.40000010,10.3720007
365.60001899E-6,4.59999990,10.3840008
366.00002204E-6,4.59999990,10.3720007
366.40002509E-6,4.40000010,10.3880005
366.80002813E-6,4.59999990,10.3720007
367.20000207E-6,4.80000019,10.3760004
367.60000512E-6,4.40000010,10.3760004
368.00000817E-6,4.59999990,10.3720007
368.40001121E-6,4.59999990,10.3760004
368.80001426E-6,4.59999990,10.3640003
369.20001730E-6,4.40000010,10.3720007
369.60002035E-6,4.59999990,10.3880005
370.00002339E-6,4.59999990,10.3760004
370.40002644E-6,4.40000010,10.3720007
370.80000038E-6,4.59999990,10.3640003
371.20000343E-6,4.59999990,10.3720007
371.60000647E-6,4.40000010,10.3800001
372.00000952E-6,4.40000010,10.3800001
372.40001257E-6,4.40000010,10.3640003
372.80001561E-6,4.59999990,10.3760004
373.20001866E-6,4.40000010,10.3760004
373.60002170E-6,4.40000010,10.3760004
374.00002475E-6,4.59999990,10.3640003
374.40002779E-6,4.20000029,10.3680000
374.80000174E-6,4.40000010,10.3720007
375.20000478E-6,4.59999990,10.3720007
375.60000783E-6,4.59999990,10.3720007
376.00001087E-6,4.40000010,10.3720007
376.40001392E-6,4.59999990,10.3720007
376.80001697E-6,4.40000010,10.3840008
377.20002001E-6,4.59999990,10.3720007
377.60002306E-6,4.40000010,10.3720007
378.00002610E-6,4.40000010,10.3680000
378.40000005E-6,4.20000029,10.3840008
378.80000309E-6,4.40000010,10.3760004
379.20000614E-6,4.40000010,10.3720007
379.60000918E-6,4.40000010,10.3840008
380.00001223E-6,4.59999990,10.3800001
380.40001527E-6,4.59999990,10.3680000
380.80001832E-6,4.40000010,10.3680000
381.20002137E-6,4.40000010,10.3760004
381.60002441E-6,4.40000010,10.3840008
382.00002746E-6,4.59999990,10.3760004
382.40000140E-6,4.20000029,10.3840008
382.80000445E-6,4.59999990,10.3760004
383.20000749E-6,4.40000010,10.3840008
383.60001054E-6,4.20000029,10.3800001
384.00001358E-6,4.59999990,10.3800001
384.40001663E-6,4.59999990,10.3760004
384.80001967E-6,4.40000010,10.3880005
385.20002272E-6,4.80000019,10.3840008
385.60002577E-6,4.59999990,10.3720007
386.00002881E-6,4.40000010,10.3840008
386.40000275E-6,4.59999990,10.3840008
386.80000580E-6,4.40000010,10.3840008
387.20000884E-6,4.59999990,10.3760004
387.60001189E-6,4.40000010,10.3800001
388.00001494E-6,4.20000029,10.3840008
388.40001798E-6,4.40000010,10.3840008
388.80002103E-6,4.59999990,10.3720007
389.20002407E-6,4.40000010,10.3760004
389.60002712E-6,4.59999990,10.3760004
390.00000106E-6,4.59999990,10.3800001
390.40000411E-6,4.59999990,10.3800001
390.80000715E-6,4.80000019,10.3680000
391.20001020E-6,4.59999990,10.3800001
391.60001324E-6,4.40000010,10.3920002
392.00001629E-6,4.59999990,10.3760004
392.40001934E-6,4.59999990,10.3760004
392.80002238E-6,4.40000010,10.3760004
393.20002543E-6,4.59999990,10.3720007
393.60002847E-6,4.80000019,10.3760004
394.00000242E-6,4.80000019,10.3840008
394.40000546E-6,4.40000010,10.3760004
394.80000851E-6,4.59999990,10.3720007
395.20001155E-6,4.40000010,10.3800001
395.60001460E-6,4.59999990,10.3760004
396.00001764E-6,4.59999990,10.3760004
396.40002069E-6,4.59999990,10.3720007
396.80002374E-6,4.40000010,10.3960009
397.20002678E-6,4.59999990,10.3840008
397.60000072E-6,4.59999990,10.3800001
398.00000377E-6,4.59999990,10.3840008
398.40000682E-6,4.40000010,10.3720007
398.80000986E-6,4.20000029,10.3800001
399.20001291E-6,4.40000010,10.3880005
399.60001595E-6,4.59999990,10.3840008
400.00001900E-6,4.40000010,10.3840008
400.40002204E-6,4.40000010,10.3840008
400.80002509E-6,4.40000010,10.3840008
401.20002814E-6,4.40000010,10.3720007
401.60000208E-6,4.40000010,10.3920002
402.00000512E-6,4.80000019,10.3760004
402.40000817E-6,4.40000010,10.3880005
402.80001122E-6,4.40000010,10.3760004
403.20001426E-6,4.59999990,10.3760004
403.600017307E-6,4.20000029,10.3800001
404.000020353E-6,4.59999990,10.3720007
404.400023399E-6,4.40000010,10.3720007
404.800026445E-6,4.59999990,10.3800001
405.200000387E-6,4.59999990,10.3800001
405.600003432E-6,4.59999990,10.3760004
406.000006478E-6,4.20000029,10.3840008
406.400009524E-6,4.59999990,10.3800001
406.800012570E-6,4.80000019,10.3840008
407.200015616E-6,4.40000010,10.3680000
407.600018661E-6,4.59999990,10.3760004
408.000021707E-6,4.59999990,10.3800001
408.400024753E-6,4.40000010,10.3800001
408.800027799E-6,4.40000010,10.3880005
409.200001741E-6,4.59999990,10.3760004
409.600004787E-6,4.59999990,10.3880005
410.000007832E-6,4.59999990,10.3840008
410.400010878E-6,4.59999990,10.3880005
410.800013924E-6,4.59999990,10.3800001
411.200016970E-6,4.80000019,10.3840008
411.600020016E-6,4.59999990,10.3840008
412.000023061E-6,4.59999990,10.3800001
412.400026107E-6,4.40000010,10.3880005
412.800029153E-6,4.40000010,10.3720007
413.200003095E-6,4.80000019,10.3800001
413.600006141E-6,4.59999990,10.3840008
414.000009187E-6,4.40000010,10.3800001
414.400012232E-6,4.40000010,10.3760004
414.800015278E-6,4.80000019,10.3880005
415.200018324E-6,4.80000019,10.3800001
415.600021370E-6,4.59999990,10.3680000
416.000024416E-6,4.40000010,10.3800001
416.400027461E-6,4.40000010,10.3760004
416.800001403E-6,4.40000010,10.3840008
417.200004449E-6,4.40000010,10.3800001
417.600007495E-6,4.59999990,10.4040003
418.000010541E-6,4.59999990,10.3840008
418.400013587E-6,4.59999990,10.3960009
418.800016632E-6,4.59999990,10.3920002
419.200019678E-6,4.40000010,10.3880005
419.600022724E-6,4.59999990,10.3880005
420.000025770E-6,4.59999990,10.3880005
420.400028815E-6,4.40000010,10.3840008
420.800002757E-6,4.40000010,10.3800001
421.200005803E-6,4.59999990,10.3840008
421.600008849E-6,4.40000010,10.3760004
422.000011895E-6,4.20000029,10.3800001
422.400014941E-6,4.59999990,10.3840008
422.800017986E-6,4.59999990,10.3840008
423.200021032E-6,4.20000029,10.3680000
423.600024078E-6,4.40000010,10.3960009
424.000027124E-6,4.40000010,10.3880005
424.400001066E-6,4.40000010,10.3840008
424.800004112E-6,4.59999990,10.3760004
425.200007157E-6,4.59999990,10.3800001
425.600010203E-6,4.20000029,10.3880005
426.000013249E-6,4.59999990,10.3960009
426.400016295E-6,4.59999990,10.3880005
426.800019341E-6,4.40000010,10.3880005
427.200022386E-6,4.20000029,10.3920002
427.600025432E-6,4.59999990,10.3880005
428.000028478E-6,4.40000010,10.3800001
428.400002420E-6,4.40000010,10.3760004
428.800005466E-6,4.59999990,10.3840008
429.200008512E-6,4.59999990,10.3760004
429.600011557E-6,4.40000010,10.3800001
430.000014603E-6,4.40000010,10.3840008
430.400017649E-6,4.59999990,10.3800001
430.800020695E-6,4.40000010,10.3920002
431.200023741E-6,4.40000010,10.3840008
431.600026786E-6,4.59999990,10.3840008
432.000000728E-6,4.20000029,10.3960009
432.400003774E-6,4.40000010,10.3840008
432.800006820E-6,4.40000010,10.3760004
433.200009866E-6,4.20000029,10.3840008
433.600012911E-6,4.40000010,10.3800001
434.000015957E-6,4.59999990,10.3800001
434.400019003E-6,4.59999990,10.3800001
434.800022049E-6,4.40000010,10.3840008
435.200025095E-6,4.59999990,10.3800001
435.600028140E-6,4.40000010,10.3880005
436.000002082E-6,4.59999990,10.3920002
436.400005128E-6,4.59999990,10.3920002
436.800008174E-6,4.40000010,10.3840008
437.200011220E-6,4.59999990,10.3920002
437.600014266E-6,4.40000010,10.3840008
438.000017311E-6,4.59999990,10.3840008
438.400020357E-6,4.59999990,10.3800001
438.800023403E-6,4.20000029,10.3920002
439.200026449E-6,4.59999990,10.3880005
439.600029495E-6,4.59999990,10.3920002
440.000003437E-6,4.80000019,10.3920002
440.400006482E-6,4.20000029,10.3840008
440.800009528E-6,4.59999990,10.3800001
441.200012574E-6,4.20000029,10.3880005
441.600015620E-6,4.59999990,10.3880005
442.000018666E-6,4.40000010,10.4000006
442.400021711E-6,4.40000010,10.3840008
442.800024757E-6,4.59999990,10.3800001
443.200027803E-6,4.40000010,10.3880005
443.600001745E-6,4.59999990,10.3880005
444.000004791E-6,4.40000010,10.3880005
444.400007837E-6,4.40000010,10.3880005
444.800010882E-6,4.40000010,10.3920002
445.200013928E-6,4.20000029,10.3840008
445.600016974E-6,4.40000010,10.3920002
446.000020020E-6,4.59999990,10.3880005
446.400023066E-6,4.80000019,10.4000006
446.800026111E-6,4.20000029,10.3920002
447.200029157E-6,4.80000019,10.3920002
447.600003099E-6,4.40000010,10.3760004
448.000006145E-6,4.40000010,10.3960009
448.400009191E-6,4.20000029,10.3920002
448.800012236E-6,4.40000010,10.4000006
449.200015282E-6,4.80000019,10.3880005
449.600018328E-6,4.40000010,10.3760004
450.000021374E-6,4.59999990,10.3960009
450.400024420E-6,4.40000010,10.3840008
450.800027465E-6,4.59999990,10.3840008
451.200001407E-6,4.40000010,10.3880005
451.600004453E-6,4.59999990,10.3960009
452.000007499E-6,4.40000010,10.3880005
452.400010545E-6,4.40000010,10.3840008
452.800013591E-6,4.59999990,10.3920002
453.200016636E-6,4.59999990,10.4000006
453.600019682E-6,4.40000010,10.3920002
454.000022728E-6,4.59999990,10.3960009
454.400025774E-6,4.40000010,10.3880005
454.800028820E-6,4.40000010,10.3880005
455.200002762E-6,4.40000010,10.3880005
455.600005807E-6,4.59999990,10.3920002
456.000008853E-6,4.40000010,10.3840008
456.400011899E-6,4.80000019,10.3920002
456.800014945E-6,4.40000010,10.3840008
457.200017991E-6,4.40000010,10.3800001
457.600021036E-6,4.40000010,10.3840008
458.000024082E-6,4.40000010,10.3840008
458.400027128E-6,4.59999990,10.3800001
458.800001070E-6,4.40000010,10.3840008
459.200004116E-6,4.59999990,10.3880005
459.600007161E-6,4.40000010,10.3840008
460.000010207E-6,4.40000010,10.3880005
460.400013253E-6,4.40000010,10.3920002
460.800016299E-6,4.59999990,10.3880005
461.200019345E-6,4.59999990,10.3760004
461.600022390E-6,4.40000010,10.3880005
462.000025436E-6,4.59999990,10.3880005
462.400028482E-6,4.40000010,10.4080009
462.800002424E-6,4.59999990,10.3760004
463.200005470E-6,4.40000010,10.3840008
463.600008516E-6,4.40000010,10.3920002
464.000011561E-6,4.40000010,10.3880005
464.400014607E-6,4.40000010,10.3880005
464.800017653E-6,4.80000019,10.3880005
465.200020699E-6,4.40000010,10.4000006
465.600023745E-6,4.40000010,10.3960009
466.000026790E-6,4.40000010,10.3840008
466.400029836E-6,4.40000010,10.3920002
466.800003778E-6,4.59999990,10.3920002
467.200006824E-6,4.40000010,10.3960009
467.600009870E-6,4.59999990,10.3960009
468.000012916E-6,4.59999990,10.3840008
468.400015961E-6,4.40000010,10.4000006
468.800019007E-6,4.80000019,10.3880005
469.200022053E-6,4.40000010,10.3920002
469.600025099E-6,4.59999990,10.3960009
470.000028145E-6,4.59999990,10.3920002
470.400002087E-6,4.40000010,10.3960009
470.800005132E-6,4.59999990,10.4000006
471.200008178E-6,4.40000010,10.3920002
471.600011224E-6,4.40000010,10.3960009
472.000014270E-6,4.40000010,10.3880005
472.400017316E-6,4.40000010,10.3960009
472.800020361E-6,4.59999990,10.3800001
473.200023407E-6,4.59999990,10.3840008
473.600026453E-6,4.40000010,10.4000006
474.000029499E-6,4.59999990,10.3920002
474.400003441E-6,4.59999990,10.3880005
474.800006486E-6,4.40000010,10.3880005
475.200009532E-6,4.40000010,10.3960009
475.600012578E-6,4.40000010,10.3880005
476.000015624E-6,4.40000010,10.3880005
476.400018670E-6,4.59999990,10.3920002
476.800021715E-6,4.40000010,10.3920002
477.200024761E-6,4.59999990,10.4040003
477.600027807E-6,4.20000029,10.3880005
478.000001749E-6,4.20000029,10.3880005
478.400004795E-6,4.40000010,10.4000006
478.800007841E-6,4.40000010,10.4040003
479.200010886E-6,4.59999990,10.4080009
479.600013932E-6,4.40000010,10.4040003
480.000016978E-6,4.59999990,10.3960009
480.400020024E-6,4.40000010,10.4040003
480.800023070E-6,4.20000029,10.3920002
481.200026115E-6,4.59999990,10.3920002
481.600029161E-6,4.59999990,10.3920002
482.000003103E-6,4.40000010,10.3920002
482.400006149E-6,4.20000029,10.3960009
482.800009195E-6,4.40000010,10.3880005
483.200012241E-6,4.59999990,10.3880005
483.600015286E-6,4.40000010,10.4040003
484.000018332E-6,4.59999990,10.4040003
484.400021378E-6,4.40000010,10.4040003
484.800024424E-6,4.40000010,10.3840008
485.200027470E-6,4.80000019,10.3920002
485.600001412E-6,4.59999990,10.3880005
486.000004457E-6,4.59999990,10.4120007
486.400007503E-6,4.40000010,10.3960009
486.800010549E-6,4.59999990,10.4000006
487.200013595E-6,4.59999990,10.4080009
487.600016640E-6,4.59999990,10.4080009
488.000019686E-6,4.40000010,10.4000006
488.399993628E-6,4.20000029,10.4040003
488.799996674E-6,4.40000010,10.4000006
489.199999720E-6,4.59999990,10.4000006
489.600002766E-6,4.40000010,10.3960009
490.000005811E-6,4.59999990,10.3920002
490.400008857E-6,4.59999990,10.4000006
490.800011903E-6,4.40000010,10.3960009
491.200014949E-6,4.59999990,10.4000006
491.600017995E-6,4.40000010,10.3960009
492.000021040E-6,4.40000010,10.3920002
492.400024086E-6,4.40000010,10.3960009
492.800027132E-6,4.59999990,10.3920002
493.200030178E-6,4.40000010,10.4080009
493.600033224E-6,4.40000010,10.3920002
494.000036269E-6,4.40000010,10.3920002
494.400039315E-6,4.59999990,10.3920002
494.800042361E-6,4.20000029,10.4000006
495.199987199E-6,4.59999990,10.3960009
495.599990245E-6,4.40000010,10.4080009
