-249.99998277E-6,4.40000010,8.584000587
-249.79998125E-6,4.59999990,8.560000420
-249.59997972E-6,4.40000010,8.552000046
-249.39997820E-6,4.80000019,8.568000793
-249.19997668E-6,4.40000010,8.568000793
-248.99997516E-6,4.40000010,8.568000793
-248.79997363E-6,1.8000001,8.584000587
-248.59997211E-6,-200.00000298E-3,8.688000679
-248.39997059E-6,-200.00000298E-3,8.560000420
-248.19996906E-6,0.0,8.552000046
-247.99999665E-6,-200.00000298E-3,8.592000008
-247.79999512E-6,0.0,8.576000214
-247.59999360E-6,-400.00000596E-3,8.560000420
-247.39999208E-6,-200.00000298E-3,8.576000214
-247.19999055E-6,-400.00000596E-3,8.584000587
-246.99998903E-6,-200.00000298E-3,8.584000587
-246.79998751E-6,0.0,8.584000587
-246.59998599E-6,0.0,8.576000214
-246.39998446E-6,200.00000298E-3,8.576000214
-246.19998294E-6,0.0,8.576000214
-245.99998142E-6,0.0,8.568000793
-245.79997989E-6,-400.00000596E-3,8.576000214
-245.59997837E-6,0.0,8.576000214
-245.39997685E-6,-200.00000298E-3,8.576000214
-245.19997532E-6,-200.00000298E-3,8.560000420
-244.99997380E-6,-200.00000298E-3,8.568000793
-244.79997228E-6,200.00000298E-3,8.568000793
-244.59997076E-6,0.0,8.560000420
-244.39996923E-6,-200.00000298E-3,8.576000214
-244.19999681E-6,-400.00000596E-3,8.576000214
-243.99998074E-6,0.0,8.568000793
-243.79997922E-6,-200.00000298E-3,8.568000793
-243.59997769E-6,-200.00000298E-3,8.576000214
-243.39997617E-6,0.0,8.568000793
-243.19998920E-6,0.0,8.576000214
-242.99998768E-6,0.0,8.568000793
-242.79998615E-6,-200.00000298E-3,8.576000214
-242.59998463E-6,0.0,8.576000214
-242.39998311E-6,-200.00000298E-3,8.560000420
-242.19998159E-6,0.0,8.568000793
-241.99998006E-6,-200.00000298E-3,8.560000420
-241.79997854E-6,-200.00000298E-3,8.568000793
-241.59997702E-6,-400.00000596E-3,8.560000420
-241.39997549E-6,200.00000298E-3,8.568000793
-241.19998852E-6,-200.00000298E-3,8.576000214
-240.99998700E-6,0.0,8.576000214
-240.79998548E-6,-200.00000298E-3,8.576000214
-240.59998395E-6,-200.00000298E-3,8.568000793
-240.39998243E-6,0.0,8.568000793
-240.19998091E-6,0.0,8.568000793
-239.99997939E-6,0.0,8.560000420
-239.79997786E-6,0.0,8.576000214
-239.59997634E-6,-200.00000298E-3,8.560000420
-239.39998937E-6,200.00000298E-3,8.552000046
-239.19998785E-6,-200.00000298E-3,8.576000214
-238.99998632E-6,0.0,8.568000793
-238.79998480E-6,-200.00000298E-3,8.568000793
-238.59998328E-6,0.0,8.552000046
-238.39998175E-6,-200.00000298E-3,8.552000046
-238.19998023E-6,-200.00000298E-3,8.560000420
-237.99997871E-6,-200.00000298E-3,8.560000420
-237.79997719E-6,0.0,8.568000793
-237.59997566E-6,-400.00000596E-3,8.568000793
-237.39998869E-6,0.0,8.568000793
-237.19998717E-6,200.00000298E-3,8.576000214
-236.99998565E-6,-400.00000596E-3,8.568000793
-236.79998412E-6,-200.00000298E-3,8.576000214
-236.59998260E-6,0.0,8.568000793
-236.39998108E-6,-400.00000596E-3,8.568000793
-236.19997955E-6,0.0,8.568000793
-235.99997803E-6,0.0,8.568000793
-235.79997651E-6,-200.00000298E-3,8.568000793
-235.59998954E-6,0.0,8.560000420
-235.39998801E-6,0.0,8.560000420
-235.19998649E-6,-200.00000298E-3,8.560000420
-234.99998497E-6,0.0,8.560000420
-234.79998345E-6,0.0,8.568000793
-234.59998192E-6,200.00000298E-3,8.568000793
-234.39998040E-6,0.0,8.568000793
-234.19997888E-6,0.0,8.560000420
-233.99997735E-6,0.0,8.544000626
-233.79997583E-6,-200.00000298E-3,8.560000420
-233.59998886E-6,0.0,8.560000420
-233.39998734E-6,-200.00000298E-3,8.560000420
-233.19998581E-6,0.0,8.560000420
-232.99998429E-6,-200.00000298E-3,8.544000626
-232.79998277E-6,0.0,8.576000214
-232.59998125E-6,0.0,8.552000046
-232.39997972E-6,0.0,8.560000420
-232.19997820E-6,0.0,8.560000420
-231.99997668E-6,-200.00000298E-3,8.560000420
-231.79998971E-6,200.00000298E-3,8.560000420
-231.59998818E-6,-400.00000596E-3,8.544000626
-231.39998666E-6,200.00000298E-3,8.552000046
-231.19998514E-6,-200.00000298E-3,8.568000793
-230.99998361E-6,0.0,8.552000046
-230.79998209E-6,-200.00000298E-3,8.560000420
-230.59998057E-6,-200.00000298E-3,8.560000420
-230.39997905E-6,-200.00000298E-3,8.568000793
-230.19997752E-6,0.0,8.568000793
-229.99997600E-6,-200.00000298E-3,8.552000046
-229.79998903E-6,200.00000298E-3,8.552000046
-229.59998751E-6,0.0,8.560000420
-229.39998598E-6,0.0,8.568000793
-229.19998446E-6,-200.00000298E-3,8.560000420
-228.99998294E-6,-200.00000298E-3,8.560000420
-228.79998141E-6,-200.00000298E-3,8.560000420
-228.59997989E-6,0.0,8.568000793
-228.39997837E-6,0.0,8.552000046
-228.19997685E-6,-200.00000298E-3,8.576000214
-227.99997532E-6,0.0,8.560000420
-227.79998835E-6,-200.00000298E-3,8.560000420
-227.59998683E-6,-200.00000298E-3,8.560000420
-227.39998531E-6,-400.00000596E-3,8.568000793
-227.19998378E-6,-200.00000298E-3,8.552000046
-226.99998226E-6,-200.00000298E-3,8.568000793
-226.79998074E-6,0.0,8.560000420
-226.59997921E-6,0.0,8.552000046
-226.39997769E-6,0.0,8.560000420
-226.19997617E-6,0.0,8.560000420
-225.99998920E-6,0.0,8.576000214
-225.79998767E-6,0.0,8.568000793
-225.59998615E-6,0.0,8.560000420
-225.39998463E-6,0.0,8.560000420
-225.19998311E-6,200.00000298E-3,8.552000046
-224.99998158E-6,-200.00000298E-3,8.560000420
-224.79998006E-6,0.0,8.568000793
-224.59997854E-6,-200.00000298E-3,8.576000214
-224.39997701E-6,-200.00000298E-3,8.568000793
-224.19997549E-6,-200.00000298E-3,8.560000420
-223.99998852E-6,-200.00000298E-3,8.560000420
-223.79998700E-6,-400.00000596E-3,8.576000214
-223.59998547E-6,-200.00000298E-3,8.560000420
-223.39998395E-6,-400.00000596E-3,8.560000420
-223.19998243E-6,0.0,8.560000420
-222.99998091E-6,-200.00000298E-3,8.552000046
-222.79997938E-6,0.0,8.576000214
-222.59997786E-6,0.0,8.544000626
-222.39997634E-6,-200.00000298E-3,8.552000046
-222.19998937E-6,-200.00000298E-3,8.560000420
-221.99998784E-6,-200.00000298E-3,8.560000420
-221.79998632E-6,0.0,8.552000046
-221.59998480E-6,0.0,8.568000793
-221.39998327E-6,-200.00000298E-3,8.552000046
-221.19998175E-6,0.0,8.560000420
-220.99998023E-6,-200.00000298E-3,8.560000420
-220.79997871E-6,0.0,8.568000793
-220.59997718E-6,0.0,8.560000420
-220.39997566E-6,0.0,8.576000214
-220.19998869E-6,200.00000298E-3,8.560000420
-219.99998717E-6,-200.00000298E-3,8.552000046
-219.79998564E-6,-200.00000298E-3,8.552000046
-219.59998412E-6,-200.00000298E-3,8.560000420
-219.39998260E-6,0.0,8.536000252
-219.19998107E-6,0.0,8.568000793
-218.99997955E-6,-200.00000298E-3,8.560000420
-218.79997803E-6,0.0,8.560000420
-218.59997651E-6,0.0,8.568000793
-218.39998954E-6,-200.00000298E-3,8.560000420
-218.19998801E-6,-200.00000298E-3,8.560000420
-217.99998649E-6,0.0,8.552000046
-217.79998497E-6,0.0,8.536000252
-217.59998344E-6,-200.00000298E-3,8.544000626
-217.39998192E-6,-200.00000298E-3,8.560000420
-217.19998040E-6,0.0,8.560000420
-216.99997887E-6,0.0,8.552000046
-216.79997735E-6,-200.00000298E-3,8.560000420
-216.59997583E-6,-200.00000298E-3,8.552000046
-216.39998886E-6,-200.00000298E-3,8.560000420
-216.19998734E-6,0.0,8.560000420
-215.99998581E-6,-400.00000596E-3,8.552000046
-215.79998429E-6,0.0,8.552000046
-215.59998277E-6,-200.00000298E-3,8.560000420
-215.39998124E-6,0.0,8.560000420
-215.19997972E-6,0.0,8.552000046
-214.99997820E-6,0.0,8.552000046
-214.79997667E-6,0.0,8.560000420
-214.59997515E-6,-200.00000298E-3,8.552000046
-214.39998818E-6,0.0,8.552000046
-214.19998666E-6,200.00000298E-3,8.544000626
-213.99998514E-6,0.0,8.560000420
-213.79998361E-6,0.0,8.552000046
-213.59998209E-6,0.0,8.568000793
-213.39998057E-6,-400.00000596E-3,8.576000214
-213.19997904E-6,-200.00000298E-3,8.560000420
-212.99997752E-6,0.0,8.568000793
-212.79997600E-6,0.0,8.568000793
-212.59998903E-6,-200.00000298E-3,8.552000046
-212.39998750E-6,-200.00000298E-3,8.568000793
-212.19998598E-6,-200.00000298E-3,8.552000046
-211.99998446E-6,0.0,8.560000420
-211.79998294E-6,0.0,8.544000626
-211.59998141E-6,0.0,8.560000420
-211.39997989E-6,-200.00000298E-3,8.560000420
-211.19997837E-6,200.00000298E-3,8.544000626
-210.99997684E-6,-200.00000298E-3,8.544000626
-210.79997532E-6,-200.00000298E-3,8.552000046
-210.59998835E-6,-400.00000596E-3,8.552000046
-210.39998683E-6,-200.00000298E-3,8.560000420
-210.19998530E-6,0.0,8.560000420
-209.99998378E-6,0.0,8.544000626
-209.79998226E-6,0.0,8.560000420
-209.59998074E-6,0.0,8.560000420
-209.39997921E-6,0.0,8.552000046
-209.19997769E-6,0.0,8.560000420
-208.99997617E-6,0.0,8.568000793
-208.79998920E-6,0.0,8.568000793
-208.59998767E-6,200.00000298E-3,8.552000046
-208.39998615E-6,-400.00000596E-3,8.552000046
-208.19998463E-6,-200.00000298E-3,8.568000793
-207.99998310E-6,-200.00000298E-3,8.576000214
-207.79998158E-6,-200.00000298E-3,8.568000793
-207.59998006E-6,-200.00000298E-3,8.560000420
-207.39997854E-6,-200.00000298E-3,8.560000420
-207.19997701E-6,-200.00000298E-3,8.568000793
-206.99997549E-6,-200.00000298E-3,8.552000046
-206.79998852E-6,0.0,8.560000420
-206.59998700E-6,-200.00000298E-3,8.552000046
-206.39998547E-6,0.0,8.560000420
-206.19998395E-6,-400.00000596E-3,8.552000046
-205.99998243E-6,0.0,8.560000420
-205.79998090E-6,0.0,8.568000793
-205.59997938E-6,200.00000298E-3,8.560000420
-205.39997786E-6,0.0,8.560000420
-205.19997634E-6,0.0,8.568000793
-204.99998936E-6,0.0,8.560000420
-204.79998784E-6,0.0,8.560000420
-204.59998632E-6,-200.00000298E-3,8.560000420
-204.39998480E-6,-200.00000298E-3,8.560000420
-204.19998327E-6,-200.00000298E-3,8.560000420
-203.99998175E-6,-200.00000298E-3,8.560000420
-203.79998023E-6,0.0,8.544000626
-203.59997870E-6,-200.00000298E-3,8.568000793
-203.39997718E-6,-200.00000298E-3,8.552000046
-203.19997566E-6,-200.00000298E-3,8.560000420
-202.99998869E-6,0.0,8.560000420
-202.79998716E-6,0.0,8.552000046
-202.59998564E-6,-200.00000298E-3,8.552000046
-202.39998412E-6,-200.00000298E-3,8.544000626
-202.19998260E-6,0.0,8.560000420
-201.99998107E-6,-200.00000298E-3,8.560000420
-201.79997955E-6,0.0,8.560000420
-201.59997803E-6,0.0,8.560000420
-201.39997650E-6,0.0,8.560000420
-201.19997498E-6,0.0,8.552000046
-200.99998801E-6,-200.00000298E-3,8.552000046
-200.79998649E-6,-200.00000298E-3,8.552000046
-200.59998496E-6,0.0,8.544000626
-200.39998344E-6,-200.00000298E-3,8.560000420
-200.19998192E-6,0.0,8.552000046
-199.99998040E-6,0.0,8.552000046
-199.79997887E-6,-200.00000298E-3,8.560000420
-199.59997735E-6,-200.00000298E-3,8.544000626
-199.39997583E-6,0.0,8.552000046
-199.19998886E-6,-200.00000298E-3,8.568000793
-198.99998733E-6,0.0,8.560000420
-198.79998581E-6,2.6000001,8.560000420
-198.59998429E-6,4.40000010,8.424000740
-198.39998276E-6,4.40000010,8.568000793
-198.19998124E-6,4.59999990,8.584000587
-197.99997972E-6,4.59999990,8.552000046
-197.79997820E-6,4.59999990,8.560000420
-197.59997667E-6,4.59999990,8.568000793
-197.39997515E-6,4.40000010,8.560000420
-197.19998818E-6,4.40000010,8.552000046
-196.99998666E-6,4.40000010,8.560000420
-196.79998513E-6,4.20000029,8.552000046
-196.59998361E-6,4.40000010,8.552000046
-196.39998209E-6,4.40000010,8.560000420
-196.19998056E-6,4.40000010,8.544000626
-195.99997904E-6,4.40000010,8.552000046
-195.79997752E-6,4.20000029,8.560000420
-195.59997600E-6,4.20000029,8.544000626
-195.39998902E-6,4.20000029,8.568000793
-195.19998750E-6,4.59999990,8.552000046
-194.99998598E-6,4.59999990,8.552000046
-194.79998446E-6,4.59999990,8.560000420
-194.59998293E-6,4.40000010,8.552000046
-194.39998141E-6,4.59999990,8.536000252
-194.19997989E-6,4.59999990,8.552000046
-193.99997836E-6,4.59999990,8.552000046
-193.79997684E-6,4.40000010,8.560000420
-193.59997532E-6,4.40000010,8.560000420
-193.39998835E-6,4.59999990,8.560000420
-193.19998682E-6,4.59999990,8.560000420
-192.99998530E-6,4.40000010,8.552000046
-192.79998378E-6,4.59999990,8.560000420
-192.59998226E-6,4.80000019,8.552000046
-192.39998073E-6,4.40000010,8.560000420
-192.19997921E-6,4.40000010,8.552000046
-191.99997769E-6,4.59999990,8.552000046
-191.79997616E-6,4.59999990,8.568000793
-191.59998919E-6,4.40000010,8.576000214
-191.39998767E-6,4.80000019,8.544000626
-191.19998615E-6,4.40000010,8.544000626
-190.99998462E-6,4.59999990,8.560000420
-190.79998310E-6,4.59999990,8.560000420
-190.59998158E-6,4.40000010,8.552000046
-190.39998006E-6,4.40000010,8.560000420
-190.19997853E-6,4.80000019,8.552000046
-189.99997701E-6,4.80000019,8.568000793
-189.79997549E-6,4.40000010,8.560000420
-189.59998852E-6,4.20000029,8.568000793
-189.39998699E-6,4.40000010,8.568000793
-189.19998547E-6,4.59999990,8.560000420
-188.99998395E-6,4.40000010,8.560000420
-188.79998242E-6,4.40000010,8.552000046
-188.59998090E-6,4.40000010,8.568000793
-188.39997938E-6,4.40000010,8.568000793
-188.19997786E-6,4.40000010,8.576000214
-187.99997633E-6,4.40000010,8.560000420
-187.79997481E-6,4.59999990,8.560000420
-187.59998784E-6,4.40000010,8.560000420
-187.39998632E-6,4.59999990,8.560000420
-187.19998479E-6,4.59999990,8.560000420
-186.99998327E-6,4.59999990,8.560000420
-186.79998175E-6,4.59999990,8.576000214
-186.59998022E-6,4.40000010,8.552000046
-186.39997870E-6,4.59999990,8.560000420
-186.19997718E-6,4.80000019,8.560000420
-185.99997566E-6,4.59999990,8.560000420
-185.79998869E-6,4.40000010,8.552000046
-185.59998716E-6,4.40000010,8.560000420
-185.39998564E-6,4.40000010,8.560000420
-185.19998412E-6,4.59999990,8.568000793
-184.99998259E-6,4.59999990,8.552000046
-184.79998107E-6,4.40000010,8.560000420
-184.59997955E-6,4.40000010,8.552000046
-184.39997802E-6,4.40000010,8.560000420
-184.19997650E-6,4.40000010,8.560000420
-183.99997498E-6,4.40000010,8.568000793
-183.79998801E-6,4.40000010,8.568000793
-183.59998649E-6,4.40000010,8.552000046
-183.39998496E-6,4.20000029,8.576000214
-183.19998344E-6,4.59999990,8.552000046
-182.99998192E-6,4.59999990,8.560000420
-182.79998039E-6,4.40000010,8.568000793
-182.59997887E-6,4.40000010,8.560000420
-182.39997735E-6,4.40000010,8.568000793
-182.19997582E-6,4.59999990,8.560000420
-181.99998885E-6,4.59999990,8.552000046
-181.79998733E-6,4.40000010,8.560000420
-181.59998581E-6,4.40000010,8.560000420
-181.39998429E-6,4.40000010,8.576000214
-181.19998276E-6,4.20000029,8.568000793
-180.99998124E-6,4.40000010,8.560000420
-180.79997972E-6,4.40000010,8.560000420
-180.59997819E-6,4.59999990,8.576000214
-180.39997667E-6,4.59999990,8.552000046
-180.19997515E-6,4.20000029,8.552000046
-179.99998818E-6,4.40000010,8.568000793
-179.79998665E-6,4.40000010,8.552000046
-179.59998513E-6,4.59999990,8.576000214
-179.39998361E-6,4.59999990,8.552000046
-179.19998209E-6,4.20000029,8.560000420
-178.99998056E-6,4.59999990,8.560000420
-178.79997904E-6,4.59999990,8.568000793
-178.59997752E-6,4.40000010,8.576000214
-178.39997599E-6,4.40000010,8.552000046
-178.19998902E-6,4.20000029,8.568000793
-177.99998750E-6,4.20000029,8.560000420
-177.79998598E-6,4.59999990,8.576000214
-177.59998445E-6,4.40000010,8.544000626
-177.39998293E-6,4.40000010,8.560000420
-177.19998141E-6,4.59999990,8.560000420
-176.99997989E-6,4.40000010,8.568000793
-176.79997836E-6,4.40000010,8.568000793
-176.59997684E-6,4.40000010,8.552000046
-176.39997532E-6,4.40000010,8.560000420
-176.19998835E-6,4.40000010,8.560000420
-175.99998682E-6,4.20000029,8.568000793
-175.79998530E-6,4.40000010,8.552000046
-175.59998378E-6,4.20000029,8.560000420
-175.39998225E-6,4.59999990,8.576000214
-175.19998073E-6,4.59999990,8.568000793
-174.99997921E-6,4.40000010,8.560000420
-174.79997769E-6,4.40000010,8.576000214
-174.59997616E-6,4.59999990,8.560000420
-174.39997464E-6,4.80000019,8.568000793
-174.19998767E-6,4.20000029,8.568000793
-173.99998615E-6,4.40000010,8.568000793
-173.79998462E-6,4.40000010,8.568000793
-173.59998310E-6,4.59999990,8.560000420
-173.39998158E-6,4.59999990,8.568000793
-173.19998005E-6,4.40000010,8.568000793
-172.99997853E-6,4.59999990,8.560000420
-172.79997701E-6,4.59999990,8.576000214
-172.59997549E-6,4.40000010,8.576000214
-172.39998851E-6,4.59999990,8.568000793
-172.19998699E-6,4.40000010,8.552000046
-171.99998547E-6,4.80000019,8.568000793
-171.79998395E-6,4.59999990,8.576000214
-171.59998242E-6,4.40000010,8.560000420
-171.39998090E-6,4.40000010,8.576000214
-171.19997938E-6,4.40000010,8.560000420
-170.99997785E-6,4.40000010,8.568000793
-170.79997633E-6,4.59999990,8.576000214
-170.59997481E-6,4.59999990,8.560000420
-170.39998784E-6,4.59999990,8.552000046
-170.19998631E-6,4.80000019,8.552000046
-169.99998479E-6,4.59999990,8.552000046
-169.79998327E-6,4.20000029,8.560000420
-169.59998175E-6,4.40000010,8.568000793
-169.39998022E-6,4.59999990,8.576000214
-169.19997870E-6,4.59999990,8.576000214
-168.99997718E-6,4.59999990,8.568000793
-168.79997565E-6,4.59999990,8.560000420
-168.59998868E-6,4.40000010,8.568000793
-168.39998716E-6,4.59999990,8.560000420
-168.19998564E-6,4.20000029,8.568000793
-167.99998411E-6,4.40000010,8.560000420
-167.79998259E-6,4.59999990,8.576000214
-167.59998107E-6,4.40000010,8.576000214
-167.39997955E-6,4.40000010,8.576000214
-167.19997802E-6,4.59999990,8.568000793
-166.99997650E-6,4.59999990,8.560000420
-166.79997498E-6,4.59999990,8.552000046
-166.59998801E-6,4.20000029,8.576000214
-166.39998648E-6,4.59999990,8.568000793
-166.19998496E-6,4.59999990,8.568000793
-165.99998344E-6,4.40000010,8.552000046
-165.79998191E-6,4.59999990,8.576000214
-165.59998039E-6,4.40000010,8.568000793
-165.39997887E-6,4.40000010,8.568000793
-165.19997735E-6,4.40000010,8.560000420
-164.99997582E-6,4.40000010,8.576000214
-164.79998885E-6,4.59999990,8.568000793
-164.59998733E-6,4.40000010,8.560000420
-164.39998581E-6,4.59999990,8.560000420
-164.19998428E-6,4.59999990,8.576000214
-163.99998276E-6,4.40000010,8.568000793
-163.79998124E-6,4.40000010,8.576000214
-163.59997971E-6,4.40000010,8.568000793
-163.39997819E-6,4.40000010,8.560000420
-163.19997667E-6,4.59999990,8.552000046
-162.99997515E-6,4.20000029,8.568000793
-162.79998817E-6,4.20000029,8.552000046
-162.59998665E-6,4.40000010,8.560000420
-162.39998513E-6,4.40000010,8.568000793
-162.19998361E-6,4.40000010,8.560000420
-161.99998208E-6,4.40000010,8.568000793
-161.79998056E-6,4.59999990,8.560000420
-161.59997904E-6,4.20000029,8.568000793
-161.39997751E-6,4.59999990,8.560000420
-161.19997599E-6,4.20000029,8.576000214
-160.99997447E-6,4.59999990,8.560000420
-160.79998750E-6,4.59999990,8.568000793
-160.59998597E-6,4.40000010,8.552000046
-160.39998445E-6,4.40000010,8.544000626
-160.19998293E-6,4.40000010,8.568000793
-159.99998141E-6,4.40000010,8.560000420
-159.79997988E-6,4.40000010,8.576000214
-159.59997836E-6,4.20000029,8.576000214
-159.39997684E-6,4.40000010,8.576000214
-159.19997531E-6,4.40000010,8.576000214
-158.99998834E-6,4.59999990,8.560000420
-158.79998682E-6,4.20000029,8.568000793
-158.59998530E-6,4.20000029,8.568000793
-158.39998377E-6,4.40000010,8.560000420
-158.19998225E-6,4.40000010,8.568000793
-157.99998073E-6,4.59999990,8.560000420
-157.79997921E-6,4.20000029,8.560000420
-157.59997768E-6,4.40000010,8.576000214
-157.39997616E-6,4.59999990,8.560000420
-157.19997464E-6,4.40000010,8.584000587
-156.99998767E-6,4.20000029,8.568000793
-156.79998614E-6,4.20000029,8.568000793
-156.59998462E-6,4.40000010,8.560000420
-156.39998310E-6,4.20000029,8.568000793
-156.19998157E-6,4.59999990,8.576000214
-155.99998005E-6,4.40000010,8.560000420
-155.79997853E-6,4.59999990,8.560000420
-155.59997701E-6,4.59999990,8.568000793
-155.39997548E-6,4.59999990,8.576000214
-155.19998851E-6,4.59999990,8.568000793
-154.99998699E-6,4.40000010,8.552000046
-154.79998547E-6,4.59999990,8.560000420
-154.59998394E-6,4.40000010,8.568000793
-154.39998242E-6,4.20000029,8.568000793
-154.19998090E-6,4.40000010,8.568000793
-153.99997937E-6,4.40000010,8.576000214
-153.79997785E-6,4.40000010,8.568000793
-153.59997633E-6,4.59999990,8.568000793
-153.39997481E-6,4.20000029,8.576000214
-153.19998784E-6,4.59999990,8.568000793
-152.99998631E-6,4.59999990,8.576000214
-152.79998479E-6,4.40000010,8.576000214
-152.59998327E-6,4.59999990,8.568000793
-152.39998174E-6,4.59999990,8.576000214
-152.19998022E-6,4.59999990,8.576000214
-151.99997870E-6,4.40000010,8.576000214
-151.79997717E-6,4.59999990,8.568000793
-151.59997565E-6,4.20000029,8.568000793
-151.39998868E-6,4.20000029,8.560000420
-151.19998716E-6,4.40000010,8.576000214
-150.99998564E-6,4.20000029,8.568000793
-150.79998411E-6,4.59999990,8.552000046
-150.59998259E-6,4.40000010,8.560000420
-150.39998107E-6,4.80000019,8.552000046
-150.19997954E-6,4.40000010,8.560000420
-149.99997802E-6,4.40000010,8.560000420
-149.79997650E-6,4.40000010,8.576000214
-149.59997497E-6,4.40000010,8.568000793
-149.39998800E-6,4.40000010,8.568000793
-149.19998648E-6,4.40000010,8.576000214
-148.99998496E-6,4.40000010,8.568000793
-148.79998344E-6,1.6000000,8.576000214
-148.59998191E-6,-200.00000298E-3,8.672000885
-148.3999804E-6,-200.00000298E-3,8.560000420
-148.1999789E-6,-400.00000596E-3,8.544000626
-147.9999773E-6,-200.00000298E-3,8.592000008
-147.7999758E-6,0.0,8.584000587
-147.5999888E-6,-200.00000298E-3,8.552000046
-147.3999873E-6,0.0,8.576000214
-147.1999858E-6,200.00000298E-3,8.568000793
-146.9999843E-6,-200.00000298E-3,8.576000214
-146.7999828E-6,-200.00000298E-3,8.552000046
-146.5999812E-6,0.0,8.576000214
-146.3999797E-6,200.00000298E-3,8.576000214
-146.1999782E-6,0.0,8.568000793
-145.9999767E-6,0.0,8.568000793
-145.7999751E-6,-200.00000298E-3,8.568000793
-145.5999882E-6,-400.00000596E-3,8.576000214
-145.3999866E-6,0.0,8.568000793
-145.1999851E-6,-200.00000298E-3,8.576000214
-144.9999836E-6,-200.00000298E-3,8.576000214
-144.7999821E-6,0.0,8.568000793
-144.5999806E-6,0.0,8.568000793
-144.3999790E-6,0.0,8.568000793
-144.1999775E-6,-200.00000298E-3,8.576000214
-143.9999760E-6,200.00000298E-3,8.584000587
-143.7999745E-6,-200.00000298E-3,8.576000214
-143.5999875E-6,0.0,8.552000046
-143.3999860E-6,0.0,8.568000793
-143.1999844E-6,-200.00000298E-3,8.584000587
-142.9999829E-6,-400.00000596E-3,8.576000214
-142.7999814E-6,0.0,8.560000420
-142.5999799E-6,-200.00000298E-3,8.576000214
-142.3999784E-6,0.0,8.560000420
-142.1999768E-6,0.0,8.576000214
-141.9999753E-6,0.0,8.568000793
-141.7999883E-6,0.0,8.568000793
-141.5999868E-6,0.0,8.568000793
-141.3999853E-6,-200.00000298E-3,8.568000793
-141.1999838E-6,-200.00000298E-3,8.568000793
-140.9999822E-6,-200.00000298E-3,8.584000587
-140.7999807E-6,0.0,8.568000793
-140.5999792E-6,0.0,8.552000046
-140.3999777E-6,0.0,8.576000214
-140.1999762E-6,0.0,8.568000793
-139.9999746E-6,200.00000298E-3,8.560000420
-139.7999877E-6,0.0,8.568000793
-139.5999861E-6,0.0,8.560000420
-139.3999846E-6,200.00000298E-3,8.568000793
-139.1999831E-6,-200.00000298E-3,8.560000420
-138.9999816E-6,0.0,8.560000420
-138.7999800E-6,0.0,8.576000214
-138.5999785E-6,-200.00000298E-3,8.576000214
-138.3999770E-6,0.0,8.560000420
-138.1999755E-6,0.0,8.568000793
-137.9999885E-6,-200.00000298E-3,8.568000793
-137.7999870E-6,-200.00000298E-3,8.568000793
-137.5999855E-6,-200.00000298E-3,8.560000420
-137.3999839E-6,-400.00000596E-3,8.560000420
-137.1999824E-6,-200.00000298E-3,8.568000793
-136.9999809E-6,0.0,8.568000793
-136.7999794E-6,-200.00000298E-3,8.560000420
-136.5999778E-6,-200.00000298E-3,8.568000793
-136.3999763E-6,0.0,8.560000420
-136.1999748E-6,-200.00000298E-3,8.568000793
-135.9999878E-6,0.0,8.568000793
-135.7999863E-6,0.0,8.560000420
-135.5999848E-6,0.0,8.560000420
-135.3999833E-6,200.00000298E-3,8.560000420
-135.1999817E-6,-200.00000298E-3,8.560000420
-134.9999802E-6,0.0,8.560000420
-134.7999787E-6,-200.00000298E-3,8.568000793
-134.5999772E-6,-200.00000298E-3,8.568000793
-134.3999757E-6,-200.00000298E-3,8.568000793
-134.1999887E-6,-200.00000298E-3,8.560000420
-133.9999872E-6,-400.00000596E-3,8.560000420
-133.7999856E-6,-200.00000298E-3,8.568000793
-133.5999841E-6,-400.00000596E-3,8.552000046
-133.3999826E-6,-200.00000298E-3,8.568000793
-133.1999811E-6,0.0,8.568000793
-132.9999795E-6,-200.00000298E-3,8.560000420
-132.7999780E-6,0.0,8.560000420
-132.5999765E-6,0.0,8.568000793
-132.3999750E-6,0.0,8.568000793
-132.1999880E-6,-200.00000298E-3,8.560000420
-131.9999865E-6,-200.00000298E-3,8.560000420
-131.7999850E-6,-200.00000298E-3,8.560000420
-131.5999834E-6,-200.00000298E-3,8.560000420
-131.3999819E-6,-200.00000298E-3,8.568000793
-131.1999804E-6,0.0,8.552000046
-130.9999789E-6,0.0,8.560000420
-130.7999773E-6,0.0,8.552000046
-130.5999758E-6,0.0,8.568000793
-130.3999743E-6,0.0,8.552000046
-130.1999873E-6,-400.00000596E-3,8.552000046
-129.9999858E-6,-200.00000298E-3,8.560000420
-129.7999843E-6,-200.00000298E-3,8.568000793
-129.5999828E-6,0.0,8.568000793
-129.3999812E-6,200.00000298E-3,8.560000420
-129.1999797E-6,-400.00000596E-3,8.568000793
-128.9999782E-6,0.0,8.568000793
-128.7999767E-6,-200.00000298E-3,8.560000420
-128.5999751E-6,-400.00000596E-3,8.560000420
-128.3999882E-6,-200.00000298E-3,8.552000046
-128.1999866E-6,-200.00000298E-3,8.552000046
-127.9999851E-6,0.0,8.568000793
-127.7999836E-6,0.0,8.560000420
-127.5999821E-6,0.0,8.560000420
-127.3999806E-6,0.0,8.560000420
-127.1999790E-6,-400.00000596E-3,8.560000420
-126.9999775E-6,-200.00000298E-3,8.552000046
-126.7999760E-6,0.0,8.552000046
-126.5999745E-6,0.0,8.576000214
-126.3999875E-6,-200.00000298E-3,8.560000420
-126.1999860E-6,0.0,8.552000046
-125.9999844E-6,0.0,8.568000793
-125.7999829E-6,-200.00000298E-3,8.560000420
-125.5999814E-6,0.0,8.552000046
-125.3999799E-6,-400.00000596E-3,8.576000214
-125.1999784E-6,0.0,8.560000420
-124.9999768E-6,-200.00000298E-3,8.568000793
-124.7999753E-6,-200.00000298E-3,8.552000046
-124.5999883E-6,-200.00000298E-3,8.560000420
-124.3999868E-6,0.0,8.560000420
-124.1999853E-6,0.0,8.576000214
-123.9999838E-6,-200.00000298E-3,8.560000420
-123.7999822E-6,0.0,8.560000420
-123.5999807E-6,0.0,8.568000793
-123.3999792E-6,-200.00000298E-3,8.568000793
-123.1999777E-6,0.0,8.544000626
-122.9999762E-6,0.0,8.552000046
-122.7999746E-6,0.0,8.552000046
-122.5999877E-6,0.0,8.568000793
-122.3999861E-6,-200.00000298E-3,8.568000793
-122.1999846E-6,0.0,8.560000420
-121.9999831E-6,0.0,8.552000046
-121.7999816E-6,0.0,8.560000420
-121.5999800E-6,-200.00000298E-3,8.552000046
-121.3999785E-6,-200.00000298E-3,8.552000046
-121.1999843E-6,0.0,8.560000420
-120.9999828E-6,0.0,8.552000046
-120.7999812E-6,0.0,8.560000420
-120.5999797E-6,-200.00000298E-3,8.560000420
-120.3999782E-6,-200.00000298E-3,8.552000046
-120.1999839E-6,0.0,8.560000420
-119.9999824E-6,-200.00000298E-3,8.568000793
-119.7999809E-6,-200.00000298E-3,8.560000420
-119.5999794E-6,-200.00000298E-3,8.552000046
-119.3999778E-6,-200.00000298E-3,8.560000420
-119.1999836E-6,0.0,8.560000420
-118.9999821E-6,0.0,8.560000420
-118.7999806E-6,-200.00000298E-3,8.560000420
-118.5999790E-6,-200.00000298E-3,8.568000793
-118.3999848E-6,200.00000298E-3,8.552000046
-118.1999833E-6,0.0,8.568000793
-117.9999817E-6,0.0,8.552000046
-117.7999802E-6,0.0,8.560000420
-117.5999787E-6,-200.00000298E-3,8.552000046
-117.3999844E-6,-200.00000298E-3,8.568000793
-117.1999829E-6,0.0,8.560000420
-116.9999814E-6,0.0,8.552000046
-116.7999799E-6,-200.00000298E-3,8.552000046
-116.5999784E-6,-200.00000298E-3,8.560000420
-116.3999841E-6,-200.00000298E-3,8.552000046
-116.1999826E-6,-200.00000298E-3,8.560000420
-115.9999811E-6,0.0,8.552000046
-115.7999795E-6,0.0,8.544000626
-115.5999780E-6,200.00000298E-3,8.560000420
-115.3999838E-6,0.0,8.552000046
-115.1999822E-6,0.0,8.560000420
-114.9999807E-6,0.0,8.552000046
-114.7999792E-6,-200.00000298E-3,8.560000420
-114.5999777E-6,0.0,8.560000420
-114.3999834E-6,-400.00000596E-3,8.552000046
-114.1999819E-6,-200.00000298E-3,8.560000420
-113.9999804E-6,200.00000298E-3,8.560000420
-113.7999789E-6,0.0,8.552000046
-113.5999846E-6,-200.00000298E-3,8.552000046
-113.3999831E-6,0.0,8.576000214
-113.1999816E-6,-400.00000596E-3,8.552000046
-112.9999800E-6,0.0,8.552000046
-112.7999785E-6,0.0,8.560000420
-112.5999843E-6,0.0,8.560000420
-112.3999828E-6,-200.00000298E-3,8.568000793
-112.1999812E-6,0.0,8.552000046
-111.9999797E-6,-200.00000298E-3,8.560000420
-111.7999782E-6,0.0,8.560000420
-111.5999839E-6,-200.00000298E-3,8.552000046
-111.3999824E-6,0.0,8.552000046
-111.1999809E-6,200.00000298E-3,8.560000420
-110.9999794E-6,0.0,8.544000626
-110.7999778E-6,200.00000298E-3,8.552000046
-110.5999836E-6,-200.00000298E-3,8.552000046
-110.3999821E-6,0.0,8.560000420
-110.1999806E-6,0.0,8.544000626
-109.9999790E-6,0.0,8.560000420
-109.7999775E-6,-400.00000596E-3,8.568000793
-109.5999833E-6,0.0,8.552000046
-109.3999817E-6,-200.00000298E-3,8.552000046
-109.1999802E-6,-200.00000298E-3,8.568000793
-108.9999787E-6,-200.00000298E-3,8.576000214
-108.7999844E-6,-400.00000596E-3,8.576000214
-108.5999829E-6,-200.00000298E-3,8.560000420
-108.3999814E-6,-200.00000298E-3,8.560000420
-108.1999799E-6,-200.00000298E-3,8.576000214
-107.9999784E-6,-200.00000298E-3,8.568000793
-107.7999841E-6,200.00000298E-3,8.560000420
-107.5999826E-6,0.0,8.552000046
-107.3999811E-6,0.0,8.552000046
-107.1999795E-6,-200.00000298E-3,8.552000046
-106.9999780E-6,0.0,8.560000420
-106.7999838E-6,200.00000298E-3,8.552000046
-106.5999822E-6,0.0,8.560000420
-106.3999807E-6,0.0,8.544000626
-106.1999792E-6,-200.00000298E-3,8.568000793
-105.9999777E-6,0.0,8.560000420
-105.7999834E-6,-200.00000298E-3,8.552000046
-105.5999819E-6,-400.00000596E-3,8.568000793
-105.3999804E-6,-200.00000298E-3,8.568000793
-105.1999789E-6,0.0,8.560000420
-104.9999846E-6,-200.00000298E-3,8.560000420
-104.7999831E-6,0.0,8.552000046
-104.5999816E-6,-200.00000298E-3,8.560000420
-104.3999800E-6,0.0,8.568000793
-104.1999785E-6,0.0,8.560000420
-103.9999843E-6,-200.00000298E-3,8.568000793
-103.7999828E-6,0.0,8.560000420
-103.5999812E-6,-200.00000298E-3,8.576000214
-103.3999797E-6,0.0,8.552000046
-103.1999782E-6,-200.00000298E-3,8.552000046
-102.9999839E-6,0.0,8.568000793
-102.7999824E-6,-200.00000298E-3,8.568000793
-102.5999809E-6,0.0,8.560000420
-102.3999794E-6,-200.00000298E-3,8.560000420
-102.1999778E-6,-200.00000298E-3,8.568000793
-101.9999836E-6,-200.00000298E-3,8.560000420
-101.7999821E-6,-200.00000298E-3,8.568000793
-101.5999806E-6,0.0,8.568000793
-101.3999790E-6,-200.00000298E-3,8.568000793
-101.1999775E-6,0.0,8.568000793
-100.9999833E-6,-200.00000298E-3,8.560000420
-100.7999817E-6,-200.00000298E-3,8.560000420
-100.5999802E-6,-200.00000298E-3,8.568000793
-100.3999787E-6,0.0,8.568000793
-100.1999844E-6,0.0,8.552000046
-99.999982922E-6,200.00000298E-3,8.568000793
-99.799981399E-6,0.0,8.576000214
-99.599979876E-6,200.00000298E-3,8.560000420
-99.399978353E-6,-200.00000298E-3,8.576000214
-99.199984106E-6,200.00000298E-3,8.568000793
-98.999982583E-6,0.0,8.560000420
-98.799981060E-6,2.6000001,8.560000420
-98.599979538E-6,4.80000019,8.432000160
-98.399978015E-6,4.40000010,8.568000793
-98.199983768E-6,4.59999990,8.576000214
-97.999982245E-6,4.59999990,8.568000793
-97.799980722E-6,4.40000010,8.560000420
-97.599979199E-6,4.40000010,8.560000420
-97.399977676E-6,4.40000010,8.568000793
-97.199983429E-6,4.40000010,8.560000420
-96.999981906E-6,4.59999990,8.552000046
-96.799980383E-6,4.40000010,8.560000420
-96.599978860E-6,4.40000010,8.560000420
-96.399977338E-6,4.59999990,8.560000420
-96.199983091E-6,4.40000010,8.544000626
-95.999981568E-6,4.80000019,8.568000793
-95.799980045E-6,4.40000010,8.560000420
-95.599978522E-6,4.40000010,8.560000420
-95.399984275E-6,4.80000019,8.544000626
-95.199982752E-6,4.80000019,8.552000046
-94.999981229E-6,4.20000029,8.552000046
-94.799979706E-6,4.59999990,8.560000420
-94.599978183E-6,4.59999990,8.560000420
-94.399983936E-6,4.20000029,8.544000626
-94.199982414E-6,4.40000010,8.552000046
-93.999980891E-6,4.20000029,8.552000046
-93.799979368E-6,4.40000010,8.544000626
-93.599977845E-6,4.59999990,8.560000420
-93.399983598E-6,4.40000010,8.560000420
-93.199982075E-6,4.40000010,8.536000252
-92.999980552E-6,4.40000010,8.544000626
-92.799979029E-6,4.59999990,8.648000717
-92.599977506E-6,4.00000000,8.560000420
-92.399983259E-6,4.40000010,8.560000420
-92.199981736E-6,4.20000029,8.544000626
-91.999980214E-6,4.20000029,8.552000046
-91.799978691E-6,4.40000010,8.576000214
-91.599984444E-6,4.20000029,8.576000214
-91.399982921E-6,4.59999990,8.576000214
-91.199981398E-6,4.59999990,8.544000626
-90.999979875E-6,4.80000019,8.560000420
-90.799978352E-6,4.40000010,8.552000046
-90.599984105E-6,4.20000029,8.560000420
-90.399982582E-6,4.20000029,8.560000420
-90.199981059E-6,4.40000010,8.568000793
-89.999979537E-6,4.40000010,8.568000793
-89.799978014E-6,4.40000010,8.560000420
-89.599983767E-6,4.40000010,8.568000793
-89.399982244E-6,4.40000010,8.576000214
-89.199980721E-6,4.40000010,8.576000214
-88.999979198E-6,4.59999990,8.576000214
-88.799977675E-6,4.40000010,8.568000793
-88.599983428E-6,4.40000010,8.576000214
-88.399981905E-6,4.59999990,8.576000214
-88.199980382E-6,4.59999990,8.568000793
-87.999978859E-6,4.59999990,8.568000793
-87.799977337E-6,4.59999990,8.568000793
-87.599983090E-6,4.40000010,8.560000420
-87.399981567E-6,4.40000010,8.568000793
-87.199980044E-6,4.59999990,8.560000420
-86.999978521E-6,4.59999990,8.576000214
-86.799984274E-6,4.40000010,8.568000793
-86.599982751E-6,4.40000010,8.552000046
-86.399981228E-6,4.40000010,8.568000793
-86.199979705E-6,4.59999990,8.568000793
-85.999978182E-6,4.59999990,8.560000420
-85.799983935E-6,4.40000010,8.576000214
-85.599982413E-6,4.20000029,8.560000420
-85.399980890E-6,4.59999990,8.568000793
-85.199979367E-6,4.20000029,8.568000793
-84.999977844E-6,4.40000010,8.568000793
-84.799983597E-6,4.40000010,8.568000793
-84.599982074E-6,4.80000019,8.568000793
-84.399980551E-6,4.40000010,8.568000793
-84.199979028E-6,4.40000010,8.568000793
-83.999977505E-6,4.59999990,8.552000046
-83.799983258E-6,4.40000010,8.560000420
-83.599981735E-6,4.40000010,8.560000420
-83.399980213E-6,4.40000010,8.560000420
-83.199978690E-6,4.59999990,8.560000420
-82.999984443E-6,4.59999990,8.560000420
-82.799982920E-6,4.40000010,8.568000793
-82.599981397E-6,4.59999990,8.568000793
-82.399979874E-6,4.40000010,8.584000587
-82.199978351E-6,4.40000010,8.568000793
-81.999984104E-6,4.40000010,8.560000420
-81.799982581E-6,4.59999990,8.560000420
-81.599981058E-6,4.59999990,8.560000420
-81.399979535E-6,4.59999990,8.552000046
-81.199978013E-6,4.20000029,8.560000420
-80.999983766E-6,4.40000010,8.568000793
-80.799982243E-6,4.20000029,8.568000793
-80.599980720E-6,4.59999990,8.568000793
-80.399979197E-6,4.40000010,8.552000046
-80.199977674E-6,4.20000029,8.560000420
-79.999983427E-6,4.40000010,8.568000793
-79.799981904E-6,4.40000010,8.568000793
-79.599980381E-6,4.20000029,8.560000420
-79.399978858E-6,4.40000010,8.568000793
-79.199977336E-6,4.20000029,8.552000046
-78.999983089E-6,4.20000029,8.560000420
-78.799981566E-6,4.59999990,8.568000793
-78.599980043E-6,4.40000010,8.560000420
-78.399978520E-6,4.40000010,8.568000793
-78.199984273E-6,4.40000010,8.568000793
-77.999982750E-6,4.59999990,8.568000793
-77.799981227E-6,4.00000000,8.576000214
-77.599979704E-6,4.59999990,8.568000793
-77.399978181E-6,4.40000010,8.560000420
-77.199983934E-6,4.40000010,8.560000420
-76.999982412E-6,4.20000029,8.568000793
-76.799980889E-6,4.59999990,8.560000420
-76.599979366E-6,4.80000019,8.552000046
-76.399977843E-6,4.59999990,8.568000793
-76.199983596E-6,4.80000019,8.568000793
-75.999982073E-6,4.40000010,8.568000793
-75.799980550E-6,4.40000010,8.560000420
-75.599979027E-6,4.59999990,8.560000420
-75.399977504E-6,4.40000010,8.568000793
-75.199983257E-6,4.20000029,8.560000420
-74.999981734E-6,4.59999990,8.576000214
-74.799980212E-6,4.40000010,8.576000214
-74.599978689E-6,4.40000010,8.576000214
-74.399977166E-6,4.40000010,8.576000214
-74.199982919E-6,4.40000010,8.552000046
-73.999981396E-6,4.40000010,8.568000793
-73.799979873E-6,4.40000010,8.568000793
-73.599978350E-6,4.59999990,8.576000214
-73.399984103E-6,4.40000010,8.568000793
-73.199982580E-6,4.59999990,8.560000420
-72.999981057E-6,4.59999990,8.576000214
-72.799979534E-6,4.59999990,8.576000214
-72.599978012E-6,4.59999990,8.544000626
-72.399983765E-6,4.59999990,8.552000046
-72.199982242E-6,4.20000029,8.552000046
-71.999980719E-6,4.40000010,8.552000046
-71.799979196E-6,4.40000010,8.560000420
-71.599977673E-6,4.59999990,8.560000420
-71.399983426E-6,4.59999990,8.552000046
-71.199981903E-6,5.00000000,8.560000420
-70.999980380E-6,4.59999990,8.552000046
-70.799978857E-6,4.20000029,8.560000420
-70.599977334E-6,4.40000010,8.568000793
-70.399983088E-6,4.40000010,8.568000793
-70.199981565E-6,4.59999990,8.560000420
-69.999980042E-6,4.40000010,8.552000046
-69.799978519E-6,4.59999990,8.576000214
-69.599984272E-6,4.40000010,8.568000793
-69.399982749E-6,4.59999990,8.568000793
-69.199981226E-6,4.20000029,8.560000420
-68.999979703E-6,4.40000010,8.568000793
-68.799978180E-6,4.59999990,8.576000214
-68.599983933E-6,4.40000010,8.568000793
-68.399982410E-6,4.40000010,8.568000793
-68.199980888E-6,4.80000019,8.568000793
-67.999979365E-6,4.40000010,8.584000587
-67.799977842E-6,4.59999990,8.568000793
-67.599983595E-6,4.59999990,8.568000793
-67.399982072E-6,4.40000010,8.560000420
-67.199980549E-6,4.40000010,8.560000420
-66.999979026E-6,4.59999990,8.560000420
-66.799977503E-6,4.59999990,8.584000587
-66.599983256E-6,4.40000010,8.576000214
-66.399981733E-6,4.20000029,8.568000793
-66.199980211E-6,4.40000010,8.568000793
-65.999978688E-6,4.40000010,8.568000793
-65.799977165E-6,4.20000029,8.560000420
-65.599982918E-6,4.20000029,8.568000793
-65.399981395E-6,4.40000010,8.576000214
-65.199979872E-6,4.80000019,8.568000793
-64.999978349E-6,4.40000010,8.568000793
-64.799984102E-6,4.40000010,8.568000793
-64.599982579E-6,4.20000029,8.576000214
-64.399981056E-6,4.40000010,8.568000793
-64.199979533E-6,4.40000010,8.560000420
-63.999978011E-6,4.20000029,8.568000793
-63.799983764E-6,4.00000000,8.560000420
-63.599982241E-6,4.80000019,8.576000214
-63.399980718E-6,4.40000010,8.576000214
-63.199979195E-6,4.80000019,8.560000420
-62.999977672E-6,4.40000010,8.560000420
-62.799983425E-6,4.40000010,8.568000793
-62.599981902E-6,4.20000029,8.560000420
-62.399980379E-6,4.40000010,8.576000214
-62.199978856E-6,4.40000010,8.568000793
-61.999977333E-6,4.59999990,8.568000793
-61.799983087E-6,4.59999990,8.568000793
-61.599981564E-6,4.40000010,8.568000793
-61.399980041E-6,4.40000010,8.560000420
-61.199978518E-6,4.59999990,8.576000214
-60.999980633E-6,4.40000010,8.560000420
-60.799979110E-6,4.40000010,8.568000793
-60.599981225E-6,4.40000010,8.584000587
-60.399979702E-6,4.40000010,8.576000214
-60.199981817E-6,4.59999990,8.568000793
-59.999980294E-6,4.59999990,8.568000793
-59.799978771E-6,4.20000029,8.568000793
-59.599980887E-6,4.40000010,8.568000793
-59.399979364E-6,4.20000029,8.568000793
-59.199981479E-6,4.40000010,8.568000793
-58.999979956E-6,4.59999990,8.576000214
-58.799982071E-6,4.59999990,8.568000793
-58.599980548E-6,4.59999990,8.560000420
-58.399979025E-6,4.20000029,8.576000214
-58.199981140E-6,4.20000029,8.576000214
-57.999979617E-6,4.40000010,8.576000214
-57.799981732E-6,4.40000010,8.568000793
-57.599980209E-6,4.59999990,8.560000420
-57.399982325E-6,4.40000010,8.560000420
-57.199980802E-6,4.40000010,8.576000214
-56.999979279E-6,4.59999990,8.568000793
-56.799981394E-6,4.59999990,8.576000214
-56.599979871E-6,4.59999990,8.568000793
-56.399981986E-6,4.40000010,8.568000793
-56.199980463E-6,4.59999990,8.560000420
-55.999978940E-6,4.59999990,8.568000793
-55.799981055E-6,4.59999990,8.568000793
-55.599979532E-6,4.59999990,8.568000793
-55.399981647E-6,4.40000010,8.560000420
-55.199980125E-6,4.40000010,8.568000793
-54.999982240E-6,4.40000010,8.560000420
-54.799980717E-6,4.40000010,8.576000214
-54.599979194E-6,4.20000029,8.568000793
-54.39998131E-6,4.40000010,8.560000420
-54.19997979E-6,4.40000010,8.568000793
-53.99998190E-6,4.40000010,8.568000793
-53.79998038E-6,4.40000010,8.592000008
-53.59997886E-6,4.59999990,8.568000793
-53.39998097E-6,4.40000010,8.560000420
-53.19997945E-6,4.80000019,8.576000214
-52.99998156E-6,4.40000010,8.568000793
-52.79998004E-6,4.40000010,8.552000046
-52.59998215E-6,4.40000010,8.568000793
-52.39998063E-6,4.40000010,8.568000793
-52.19997911E-6,4.40000010,8.576000214
-51.99998122E-6,4.40000010,8.560000420
-51.79997970E-6,4.40000010,8.568000793
-51.59998182E-6,4.40000010,8.568000793
-51.39998029E-6,4.80000019,8.560000420
-51.19997877E-6,4.59999990,8.568000793
-50.99998089E-6,4.20000029,8.560000420
-50.79997936E-6,4.20000029,8.576000214
-50.59998148E-6,4.59999990,8.568000793
-50.39997995E-6,4.40000010,8.576000214
-50.19998207E-6,4.59999990,8.576000214
-49.99998055E-6,4.20000029,8.568000793
-49.79997902E-6,4.20000029,8.568000793
-49.59998114E-6,4.40000010,8.584000587
-49.39997962E-6,4.40000010,8.584000587
-49.19998173E-6,4.40000010,8.576000214
-48.99998021E-6,4.20000029,8.568000793
-48.79997869E-6,2.0000000,8.576000214
-48.59998080E-6,-200.00000298E-3,8.680000305
-48.39997928E-6,0.0,8.552000046
-48.19998139E-6,0.0,8.544000626
-47.99997987E-6,-200.00000298E-3,8.592000008
-47.79998199E-6,0.0,8.592000008
-47.59998046E-6,0.0,8.560000420
-47.39997894E-6,0.0,8.576000214
-47.19998105E-6,0.0,8.576000214
-46.99997953E-6,0.0,8.576000214
-46.79998165E-6,0.0,8.568000793
-46.59998012E-6,0.0,8.576000214
-46.39997860E-6,0.0,8.568000793
-46.19998072E-6,-400.00000596E-3,8.576000214
-45.99997919E-6,-200.00000298E-3,8.560000420
-45.79998131E-6,-200.00000298E-3,8.584000587
-45.59997979E-6,0.0,8.568000793
-45.39998190E-6,-200.00000298E-3,8.576000214
-45.19998038E-6,-400.00000596E-3,8.576000214
-44.99997885E-6,0.0,8.568000793
-44.79998097E-6,-200.00000298E-3,8.568000793
-44.59997945E-6,0.0,8.568000793
-44.39998156E-6,0.0,8.568000793
-44.19998004E-6,-200.00000298E-3,8.568000793
-43.99998215E-6,-200.00000298E-3,8.568000793
-43.79998063E-6,-200.00000298E-3,8.560000420
-43.59997911E-6,0.0,8.568000793
-43.39998122E-6,0.0,8.568000793
-43.19997970E-6,0.0,8.568000793
-42.99998182E-6,0.0,8.560000420
-42.79998029E-6,0.0,8.568000793
-42.59997877E-6,-200.00000298E-3,8.568000793
-42.39998088E-6,0.0,8.576000214
-42.19997936E-6,-200.00000298E-3,8.568000793
-41.99998148E-6,0.0,8.584000587
-41.79997995E-6,-200.00000298E-3,8.576000214
-41.59998207E-6,-200.00000298E-3,8.560000420
-41.39998055E-6,-200.00000298E-3,8.560000420
-41.19997902E-6,0.0,8.568000793
-40.99998114E-6,200.00000298E-3,8.568000793
-40.79997962E-6,0.0,8.568000793
-40.59998173E-6,0.0,8.568000793
-40.39998021E-6,-200.00000298E-3,8.560000420
-40.19997868E-6,-200.00000298E-3,8.576000214
-39.99998080E-6,-200.00000298E-3,8.568000793
-39.79997928E-6,0.0,8.568000793
-39.59998139E-6,-200.00000298E-3,8.568000793
-39.39997987E-6,-200.00000298E-3,8.568000793
-39.19998198E-6,0.0,8.576000214
-38.99998046E-6,0.0,8.576000214
-38.79997894E-6,0.0,8.568000793
-38.59998105E-6,0.0,8.560000420
-38.39997953E-6,0.0,8.576000214
-38.19998165E-6,0.0,8.576000214
-37.99998012E-6,-200.00000298E-3,8.576000214
-37.79997860E-6,0.0,8.560000420
-37.59998071E-6,0.0,8.568000793
-37.39997919E-6,-200.00000298E-3,8.568000793
-37.19998131E-6,0.0,8.568000793
-36.99997978E-6,0.0,8.568000793
-36.79998190E-6,0.0,8.568000793
-36.59998038E-6,0.0,8.568000793
-36.39997885E-6,-200.00000298E-3,8.576000214
-36.19998097E-6,-200.00000298E-3,8.568000793
-35.99997945E-6,0.0,8.560000420
-35.79998156E-6,0.0,8.560000420
-35.59998004E-6,-200.00000298E-3,8.568000793
-35.39997851E-6,-200.00000298E-3,8.568000793
-35.19998063E-6,-200.00000298E-3,8.560000420
-34.99997911E-6,-200.00000298E-3,8.560000420
-34.79998122E-6,-200.00000298E-3,8.568000793
-34.59997970E-6,-200.00000298E-3,8.568000793
-34.39998181E-6,-200.00000298E-3,8.568000793
-34.19998029E-6,0.0,8.568000793
-33.99997877E-6,-200.00000298E-3,8.584000587
-33.79998088E-6,0.0,8.568000793
-33.59997936E-6,-200.00000298E-3,8.568000793
-33.39998148E-6,0.0,8.560000420
-33.19997995E-6,0.0,8.568000793
-32.99997843E-6,0.0,8.552000046
-32.79998054E-6,-400.00000596E-3,8.560000420
-32.59997902E-6,-600.000023842E-3,8.568000793
-32.39998114E-6,0.0,8.576000214
-32.19997961E-6,0.0,8.576000214
-31.99998173E-6,0.0,8.560000420
-31.79998021E-6,0.0,8.552000046
-31.59997868E-6,0.0,8.560000420
-31.39998080E-6,0.0,8.560000420
-31.19997928E-6,-200.00000298E-3,8.560000420
-30.99998139E-6,0.0,8.552000046
-30.79997987E-6,200.00000298E-3,8.560000420
-30.59998198E-6,-200.00000298E-3,8.568000793
-30.39998046E-6,0.0,8.560000420
-30.19998076E-6,0.0,8.568000793
-29.99998105E-6,-200.00000298E-3,8.560000420
-29.79997953E-6,-200.00000298E-3,8.568000793
-29.59997983E-6,-200.00000298E-3,8.568000793
-29.39998012E-6,-200.00000298E-3,8.560000420
-29.19998042E-6,0.0,8.568000793
-28.99998071E-6,-200.00000298E-3,8.576000214
-28.79998101E-6,0.0,8.544000626
-28.59997949E-6,0.0,8.560000420
-28.39997978E-6,0.0,8.552000046
-28.19998008E-6,-200.00000298E-3,8.552000046
-27.99998038E-6,0.0,8.560000420
-27.79998067E-6,0.0,8.568000793
-27.59998097E-6,0.0,8.568000793
-27.39997944E-6,-400.00000596E-3,8.568000793
-27.19997974E-6,0.0,8.552000046
-26.99998004E-6,-200.00000298E-3,8.560000420
-26.79998033E-6,0.0,8.576000214
-26.59998063E-6,0.0,8.544000626
-26.39998092E-6,-200.00000298E-3,8.576000214
-26.19997940E-6,0.0,8.576000214
-25.99997970E-6,-200.00000298E-3,8.560000420
-25.79997999E-6,-200.00000298E-3,8.560000420
-25.59998029E-6,0.0,8.576000214
-25.39998059E-6,0.0,8.568000793
-25.19998088E-6,-200.00000298E-3,8.576000214
-24.99997936E-6,-200.00000298E-3,8.560000420
-24.79997966E-6,-200.00000298E-3,8.560000420
-24.59997995E-6,0.0,8.560000420
-24.39998025E-6,0.0,8.576000214
-24.19998054E-6,-200.00000298E-3,8.568000793
-23.99998084E-6,200.00000298E-3,8.568000793
-23.79997932E-6,0.0,8.560000420
-23.59997961E-6,0.0,8.552000046
-23.39997991E-6,-200.00000298E-3,8.568000793
-23.19998021E-6,0.0,8.560000420
-22.99998050E-6,0.0,8.568000793
-22.79998080E-6,-200.00000298E-3,8.568000793
-22.59997927E-6,-200.00000298E-3,8.560000420
-22.39997957E-6,0.0,8.560000420
-22.19997987E-6,0.0,8.568000793
-21.99998016E-6,0.0,8.560000420
-21.79998046E-6,200.00000298E-3,8.544000626
-21.59998076E-6,-200.00000298E-3,8.568000793
-21.39997923E-6,-200.00000298E-3,8.576000214
-21.19997953E-6,-200.00000298E-3,8.560000420
-20.99997982E-6,-200.00000298E-3,8.552000046
-20.79998012E-6,-200.00000298E-3,8.568000793
-20.59998042E-6,0.0,8.568000793
-20.39998071E-6,0.0,8.560000420
-20.19997919E-6,-200.00000298E-3,8.576000214
-19.9999795E-6,-200.00000298E-3,8.560000420
-19.7999798E-6,0.0,8.576000214
-19.5999801E-6,-200.00000298E-3,8.560000420
-19.3999804E-6,200.00000298E-3,8.560000420
-19.1999807E-6,-200.00000298E-3,8.560000420
-18.9999810E-6,200.00000298E-3,8.560000420
-18.7999794E-6,0.0,8.568000793
-18.5999797E-6,0.0,8.568000793
-18.3999800E-6,-400.00000596E-3,8.568000793
-18.1999803E-6,200.00000298E-3,8.568000793
-17.9999806E-6,0.0,8.560000420
-17.7999809E-6,-200.00000298E-3,8.560000420
-17.5999794E-6,-200.00000298E-3,8.560000420
-17.3999797E-6,0.0,8.560000420
-17.1999800E-6,0.0,8.560000420
-16.9999803E-6,0.0,8.568000793
-16.7999806E-6,200.00000298E-3,8.584000587
-16.5999809E-6,-200.00000298E-3,8.568000793
-16.3999794E-6,0.0,8.552000046
-16.1999797E-6,0.0,8.568000793
-15.9999800E-6,200.00000298E-3,8.560000420
-15.7999802E-6,-200.00000298E-3,8.576000214
-15.5999805E-6,-200.00000298E-3,8.568000793
-15.3999808E-6,-200.00000298E-3,8.560000420
-15.1999802E-6,-200.00000298E-3,8.560000420
-14.9999796E-6,-200.00000298E-3,8.568000793
-14.7999799E-6,0.0,8.576000214
-14.5999802E-6,0.0,8.552000046
-14.3999796E-6,0.0,8.576000214
-14.1999799E-6,-200.00000298E-3,8.560000420
-13.9999802E-6,-200.00000298E-3,8.576000214
-13.7999796E-6,0.0,8.576000214
-13.5999799E-6,0.0,8.560000420
-13.3999802E-6,0.0,8.568000793
-13.1999805E-6,0.0,8.560000420
-12.9999798E-6,-200.00000298E-3,8.576000214
-12.7999801E-6,-400.00000596E-3,8.560000420
-12.5999804E-6,-200.00000298E-3,8.568000793
-12.3999798E-6,0.0,8.576000214
-12.1999801E-6,-200.00000298E-3,8.560000420
-11.9999804E-6,200.00000298E-3,8.552000046
-11.7999798E-6,-200.00000298E-3,8.560000420
-11.5999801E-6,-200.00000298E-3,8.552000046
-11.3999804E-6,200.00000298E-3,8.560000420
-11.1999798E-6,-200.00000298E-3,8.560000420
-10.9999801E-6,0.0,8.568000793
-10.7999804E-6,-200.00000298E-3,8.560000420
-10.5999798E-6,0.0,8.560000420
-10.3999801E-6,-200.00000298E-3,8.568000793
-10.1999804E-6,200.00000298E-3,8.568000793
-9.999979738E-6,0.0,8.560000420
-9.799980035E-6,-200.00000298E-3,8.568000793
-9.599980331E-6,-200.00000298E-3,8.560000420
-9.399979717E-6,-200.00000298E-3,8.560000420
-9.199980013E-6,-400.00000596E-3,8.576000214
-8.999980309E-6,200.00000298E-3,8.560000420
-8.799979696E-6,200.00000298E-3,8.552000046
-8.599979992E-6,0.0,8.560000420
-8.399980288E-6,-200.00000298E-3,8.560000420
-8.199979675E-6,-200.00000298E-3,8.560000420
-7.999979971E-6,0.0,8.560000420
-7.799980267E-6,0.0,8.560000420
-7.599980108E-6,0.0,8.560000420
-7.399979950E-6,0.0,8.552000046
-7.19997979E-6,0.0,8.560000420
-6.99998009E-6,-200.00000298E-3,8.560000420
-6.79997993E-6,0.0,8.560000420
-6.59997977E-6,-200.00000298E-3,8.560000420
-6.39998007E-6,0.0,8.560000420
-6.19997991E-6,0.0,8.560000420
-5.99997975E-6,0.0,8.560000420
-5.79998004E-6,200.00000298E-3,8.552000046
-5.59997989E-6,-200.00000298E-3,8.568000793
-5.39997973E-6,0.0,8.560000420
-5.19998002E-6,0.0,8.568000793
-4.99997986E-6,-200.00000298E-3,8.560000420
-4.79997971E-6,0.0,8.552000046
-4.59998000E-6,0.0,8.552000046
-4.39997984E-6,0.0,8.560000420
-4.19997968E-6,0.0,8.560000420
-3.99997998E-6,0.0,8.552000046
-3.79997982E-6,200.00000298E-3,8.552000046
-3.59997989E-6,200.00000298E-3,8.560000420
-3.39997996E-6,0.0,8.552000046
-3.19997980E-6,200.00000298E-3,8.560000420
-2.99997987E-6,200.00000298E-3,8.560000420
-2.79997994E-6,0.0,8.560000420
-2.5999798E-6,200.00000298E-3,8.552000046
-2.3999798E-6,0.0,8.568000793
-2.1999799E-6,0.0,8.568000793
-1.9999798E-6,0.0,8.544000626
-1.7999798E-6,-200.00000298E-3,8.568000793
-1.5999799E-6,0.0,8.560000420
-1.3999799E-6,200.00000298E-3,8.560000420
-1.1999798E-6,-200.00000298E-3,8.560000420
-999.979874905E-9,-200.00000298E-3,8.552000046
-799.979829935E-9,0.0,8.552000046
-599.979841809E-9,-200.00000298E-3,8.560000420
-399.97985368E-9,-200.00000298E-3,8.560000420
-199.97985135E-9,0.0,8.560000420
20.15099190E-12,-400.00000596E-3,8.552000046
200.02015333E-9,0.0,8.544000626
400.02015567E-9,-200.00000298E-3,8.560000420
600.020143793E-9,0.0,8.544000626
800.020188763E-9,0.0,8.552000046
1.0000201E-6,-200.00000298E-3,8.560000420
1.2000202E-6,2.2000000,8.568000793
1.4000202E-6,4.59999990,8.472000122
1.6000201E-6,4.40000010,8.528000832
1.8000202E-6,4.59999990,8.584000587
2.0000202E-6,4.40000010,8.568000793
2.2000202E-6,4.59999990,8.552000046
2.4000201E-6,4.59999990,8.568000793
2.6000203E-6,4.59999990,8.560000420
2.80002018E-6,4.80000019,8.560000420
3.00002011E-6,4.59999990,8.552000046
3.20002027E-6,4.40000010,8.560000420
3.40002020E-6,4.40000010,8.552000046
3.60002014E-6,4.80000019,8.552000046
3.80002029E-6,4.59999990,8.552000046
4.00002000E-6,4.40000010,8.568000793
4.20002016E-6,4.20000029,8.576000214
4.40002032E-6,4.59999990,8.560000420
4.60002002E-6,4.40000010,8.568000793
4.80002018E-6,4.40000010,8.560000420
5.00002034E-6,4.59999990,8.568000793
5.20002004E-6,4.59999990,8.576000214
5.40002020E-6,4.59999990,8.584000587
5.60002036E-6,4.20000029,8.552000046
5.80002006E-6,4.59999990,8.552000046
6.00002022E-6,4.59999990,8.568000793
6.20002038E-6,4.80000019,8.576000214
6.40002008E-6,4.40000010,8.560000420
6.60002024E-6,4.20000029,8.552000046
6.80002040E-6,4.20000029,8.568000793
7.00002010E-6,4.40000010,8.552000046
7.20002026E-6,4.59999990,8.560000420
7.400020422E-6,4.59999990,8.560000420
7.600020126E-6,4.59999990,8.560000420
7.800020285E-6,4.59999990,8.560000420
8.000019989E-6,4.80000019,8.552000046
8.200020602E-6,4.40000010,8.568000793
8.400020306E-6,4.40000010,8.552000046
8.600020010E-6,4.40000010,8.560000420
8.800020623E-6,4.59999990,8.576000214
9.000020327E-6,4.20000029,8.552000046
9.200020031E-6,4.59999990,8.576000214
9.400020645E-6,4.40000010,8.552000046
9.600020348E-6,4.59999990,8.568000793
9.800020052E-6,4.59999990,8.560000420
10.0000207E-6,4.40000010,8.552000046
10.2000204E-6,4.40000010,8.560000420
10.4000201E-6,4.80000019,8.568000793
10.6000207E-6,4.59999990,8.568000793
10.8000204E-6,4.59999990,8.576000214
11.0000201E-6,4.80000019,8.560000420
11.2000207E-6,4.59999990,8.552000046
11.4000204E-6,4.59999990,8.560000420
11.6000201E-6,4.59999990,8.568000793
11.8000207E-6,4.80000019,8.560000420
12.0000204E-6,4.80000019,8.568000793
12.2000201E-6,4.59999990,8.560000420
12.4000198E-6,4.80000019,8.568000793
12.6000205E-6,4.40000010,8.560000420
12.8000202E-6,4.59999990,8.560000420
13.0000199E-6,4.59999990,8.568000793
13.2000205E-6,4.40000010,8.576000214
13.4000202E-6,4.20000029,8.560000420
13.6000199E-6,4.20000029,8.568000793
13.8000205E-6,4.40000010,8.560000420
14.0000202E-6,4.59999990,8.568000793
14.2000199E-6,4.40000010,8.568000793
14.4000205E-6,4.59999990,8.568000793
14.6000202E-6,4.20000029,8.568000793
14.8000199E-6,4.59999990,8.560000420
15.0000205E-6,4.59999990,8.576000214
15.2000202E-6,4.59999990,8.568000793
15.4000209E-6,4.40000010,8.560000420
15.6000206E-6,4.59999990,8.560000420
15.8000203E-6,4.40000010,8.568000793
16.0000200E-6,4.80000019,8.560000420
16.2000197E-6,4.40000010,8.568000793
16.4000212E-6,4.59999990,8.568000793
16.6000209E-6,4.59999990,8.568000793
16.8000206E-6,4.40000010,8.568000793
17.0000203E-6,4.59999990,8.560000420
17.2000200E-6,4.59999990,8.568000793
17.4000197E-6,4.59999990,8.560000420
17.6000212E-6,4.59999990,8.568000793
17.8000209E-6,4.59999990,8.552000046
18.0000206E-6,4.59999990,8.568000793
18.2000203E-6,4.40000010,8.568000793
18.4000201E-6,4.59999990,8.568000793
18.6000198E-6,4.80000019,8.552000046
18.8000195E-6,4.40000010,8.544000626
19.0000210E-6,4.59999990,8.568000793
19.2000207E-6,4.59999990,8.568000793
19.4000204E-6,4.20000029,8.568000793
19.6000201E-6,4.59999990,8.560000420
19.8000198E-6,4.59999990,8.568000793
20.0000195E-6,4.80000019,8.560000420
20.20002103E-6,4.59999990,8.560000420
20.40002073E-6,4.59999990,8.560000420
20.60002043E-6,4.59999990,8.560000420
20.80002014E-6,4.40000010,8.568000793
21.00001984E-6,4.40000010,8.560000420
21.20001955E-6,4.20000029,8.560000420
21.40002107E-6,4.59999990,8.576000214
21.60002077E-6,4.40000010,8.544000626
21.80002048E-6,4.20000029,8.560000420
22.00002018E-6,4.40000010,8.560000420
22.20001988E-6,4.59999990,8.552000046
22.40001959E-6,4.40000010,8.560000420
22.60002111E-6,4.59999990,8.568000793
22.80002082E-6,4.59999990,8.568000793
23.00002052E-6,4.59999990,8.552000046
23.20002022E-6,4.40000010,8.568000793
23.40001993E-6,4.59999990,8.560000420
23.60001963E-6,4.59999990,8.576000214
23.80002115E-6,4.59999990,8.568000793
24.00002086E-6,4.40000010,8.560000420
24.20002056E-6,4.59999990,8.568000793
24.40002027E-6,4.00000000,8.560000420
24.60001997E-6,4.40000010,8.560000420
24.80001967E-6,4.40000010,8.568000793
25.00002120E-6,4.80000019,8.560000420
25.20002090E-6,4.80000019,8.576000214
25.40002060E-6,4.59999990,8.560000420
25.60002031E-6,4.40000010,8.560000420
25.80002001E-6,4.40000010,8.568000793
26.00001972E-6,4.40000010,8.568000793
26.20002124E-6,4.40000010,8.560000420
26.40002094E-6,4.80000019,8.552000046
26.60002065E-6,4.20000029,8.560000420
26.80002035E-6,4.40000010,8.560000420
27.00002005E-6,4.40000010,8.560000420
27.20001976E-6,4.59999990,8.576000214
27.40002128E-6,4.59999990,8.560000420
27.60002099E-6,4.59999990,8.536000252
27.80002069E-6,4.59999990,8.560000420
28.00002039E-6,4.59999990,8.560000420
28.20002010E-6,4.40000010,8.568000793
28.40001980E-6,4.40000010,8.552000046
28.60002132E-6,4.59999990,8.568000793
28.80002103E-6,4.20000029,8.568000793
29.00002073E-6,4.59999990,8.568000793
29.20002044E-6,4.40000010,8.568000793
29.40002014E-6,4.40000010,8.568000793
29.60001984E-6,4.59999990,8.576000214
29.80002137E-6,4.40000010,8.560000420
30.00002107E-6,4.40000010,8.568000793
30.20002077E-6,4.40000010,8.576000214
30.40002048E-6,4.59999990,8.560000420
30.60002200E-6,4.40000010,8.560000420
30.80001989E-6,4.59999990,8.560000420
31.00002141E-6,4.40000010,8.576000214
31.20001929E-6,4.40000010,8.576000214
31.40002082E-6,4.80000019,8.568000793
31.60002234E-6,4.40000010,8.560000420
31.80002022E-6,4.59999990,8.568000793
32.00002175E-6,4.20000029,8.560000420
32.20001963E-6,4.59999990,8.576000214
32.40002115E-6,4.40000010,8.568000793
32.60001904E-6,4.40000010,8.568000793
32.80002056E-6,4.40000010,8.568000793
33.00002209E-6,4.40000010,8.560000420
33.20001997E-6,4.20000029,8.560000420
33.40002149E-6,4.20000029,8.568000793
33.60001938E-6,4.40000010,8.568000793
33.80002090E-6,4.80000019,8.560000420
34.00001879E-6,4.40000010,8.568000793
34.20002031E-6,4.40000010,8.560000420
34.40002183E-6,4.59999990,8.576000214
34.60001972E-6,4.40000010,8.560000420
34.80002124E-6,4.40000010,8.560000420
35.00001912E-6,4.40000010,8.568000793
35.20002065E-6,4.40000010,8.560000420
35.40002217E-6,4.59999990,8.568000793
35.60002006E-6,4.59999990,8.560000420
35.80002158E-6,4.40000010,8.560000420
36.00001946E-6,4.40000010,8.576000214
36.20002099E-6,4.40000010,8.568000793
36.40001887E-6,4.20000029,8.576000214
36.60002039E-6,4.20000029,8.560000420
36.80002192E-6,4.59999990,8.560000420
37.00001980E-6,4.40000010,8.560000420
37.20002132E-6,4.59999990,8.568000793
37.40001921E-6,4.40000010,8.568000793
37.60002073E-6,4.40000010,8.552000046
37.80002226E-6,4.40000010,8.576000214
38.00002014E-6,4.40000010,8.576000214
38.20002166E-6,4.59999990,8.568000793
38.40001955E-6,4.40000010,8.576000214
38.60002107E-6,4.40000010,8.576000214
38.80001896E-6,4.40000010,8.576000214
39.00002048E-6,4.20000029,8.576000214
39.20002200E-6,4.20000029,8.568000793
39.40001989E-6,4.40000010,8.576000214
39.60002141E-6,4.40000010,8.568000793
39.80001929E-6,4.40000010,8.560000420
40.00002082E-6,4.80000019,8.576000214
40.20002234E-6,4.40000010,8.584000587
40.40002023E-6,4.40000010,8.568000793
40.60002175E-6,4.59999990,8.576000214
40.80001963E-6,4.20000029,8.576000214
41.00002116E-6,4.40000010,8.576000214
41.20001904E-6,4.59999990,8.576000214
41.40002056E-6,4.40000010,8.568000793
41.60002209E-6,4.40000010,8.568000793
41.80001997E-6,4.40000010,8.576000214
42.00002149E-6,4.20000029,8.576000214
42.20001938E-6,4.40000010,8.568000793
42.40002090E-6,4.80000019,8.576000214
42.60002243E-6,4.40000010,8.552000046
42.80002031E-6,4.80000019,8.576000214
43.00002183E-6,4.40000010,8.560000420
43.20001972E-6,4.59999990,8.560000420
43.40002124E-6,4.59999990,8.576000214
43.60001913E-6,4.40000010,8.568000793
43.80002065E-6,4.20000029,8.576000214
44.00002217E-6,4.20000029,8.576000214
44.20002006E-6,4.59999990,8.560000420
44.40002158E-6,4.59999990,8.576000214
44.60001946E-6,4.40000010,8.568000793
44.80002099E-6,4.40000010,8.568000793
45.00001887E-6,4.40000010,8.584000587
45.20002039E-6,4.40000010,8.576000214
45.40002192E-6,4.59999990,8.576000214
45.60001980E-6,4.40000010,8.568000793
45.80002133E-6,4.40000010,8.576000214
46.00001921E-6,4.40000010,8.592000008
46.20002073E-6,4.80000019,8.576000214
46.40002226E-6,4.40000010,8.568000793
46.60002014E-6,4.59999990,8.576000214
46.80002166E-6,4.40000010,8.584000587
47.00001955E-6,4.59999990,8.584000587
47.20002107E-6,4.40000010,8.576000214
47.40001896E-6,4.40000010,8.560000420
47.60002048E-6,4.59999990,8.576000214
47.80002200E-6,4.40000010,8.560000420
48.00001989E-6,4.40000010,8.568000793
48.20002141E-6,4.40000010,8.584000587
48.40001930E-6,4.59999990,8.576000214
48.60002082E-6,4.40000010,8.576000214
48.80002234E-6,4.59999990,8.584000587
49.00002023E-6,4.40000010,8.576000214
49.20002175E-6,4.40000010,8.584000587
49.40001963E-6,4.59999990,8.576000214
49.60002116E-6,4.40000010,8.584000587
49.80001904E-6,4.40000010,8.576000214
50.00002056E-6,4.40000010,8.576000214
50.20002209E-6,4.59999990,8.592000008
50.40001997E-6,4.80000019,8.592000008
50.60002150E-6,4.59999990,8.576000214
50.80001938E-6,4.59999990,8.584000587
51.00002090E-6,4.40000010,8.576000214
51.20002243E-6,2.2000000,8.568000793
51.40002031E-6,-200.00000298E-3,8.672000885
51.60002183E-6,0.0,8.584000587
51.80001972E-6,0.0,8.544000626
52.00002124E-6,0.0,8.576000214
52.20001913E-6,200.00000298E-3,8.576000214
52.40002065E-6,0.0,8.560000420
52.60002217E-6,0.0,8.576000214
52.80002006E-6,-200.00000298E-3,8.576000214
53.00002158E-6,0.0,8.576000214
53.20001947E-6,0.0,8.568000793
53.40002099E-6,-200.00000298E-3,8.568000793
53.60002251E-6,0.0,8.568000793
53.80002040E-6,0.0,8.576000214
54.00002192E-6,0.0,8.584000587
54.20001980E-6,-200.00000298E-3,8.576000214
54.40002133E-6,0.0,8.568000793
54.600019212E-6,0.0,8.560000420
54.800020735E-6,0.0,8.576000214
55.000022257E-6,0.0,8.568000793
55.200020142E-6,-200.00000298E-3,8.568000793
55.400021665E-6,0.0,8.560000420
55.600019550E-6,0.0,8.568000793
55.800021073E-6,0.0,8.576000214
56.000022596E-6,0.0,8.568000793
56.200020481E-6,-400.00000596E-3,8.576000214
56.400022004E-6,-200.00000298E-3,8.568000793
56.600019889E-6,0.0,8.576000214
56.800021412E-6,0.0,8.568000793
57.000019297E-6,200.00000298E-3,8.568000793
57.200020819E-6,0.0,8.576000214
57.400022342E-6,0.0,8.552000046
57.600020227E-6,-200.00000298E-3,8.584000587
57.800021750E-6,-200.00000298E-3,8.568000793
58.000019635E-6,200.00000298E-3,8.568000793
58.200021158E-6,-200.00000298E-3,8.576000214
58.400019043E-6,0.0,8.568000793
58.600020566E-6,200.00000298E-3,8.560000420
58.800022089E-6,-200.00000298E-3,8.568000793
59.000019974E-6,200.00000298E-3,8.560000420
59.200021497E-6,0.0,8.584000587
59.400019381E-6,-200.00000298E-3,8.576000214
59.600020904E-6,0.0,8.552000046
59.800022427E-6,200.00000298E-3,8.568000793
60.000020312E-6,-200.00000298E-3,8.560000420
60.200021835E-6,-200.00000298E-3,8.552000046
60.400019720E-6,0.0,8.560000420
60.600021243E-6,-200.00000298E-3,8.576000214
60.800019128E-6,-200.00000298E-3,8.576000214
61.000020651E-6,-200.00000298E-3,8.584000587
61.200022174E-6,-200.00000298E-3,8.568000793
61.400023696E-6,-200.00000298E-3,8.568000793
61.600017943E-6,-200.00000298E-3,8.568000793
61.800019466E-6,-200.00000298E-3,8.560000420
62.000020989E-6,0.0,8.568000793
62.200022512E-6,200.00000298E-3,8.576000214
62.400024035E-6,200.00000298E-3,8.568000793
62.600018282E-6,0.0,8.568000793
62.800019805E-6,0.0,8.568000793
63.000021328E-6,0.0,8.560000420
63.200022851E-6,200.00000298E-3,8.568000793
63.400024374E-6,0.0,8.576000214
63.600018620E-6,-200.00000298E-3,8.568000793
63.800020143E-6,-200.00000298E-3,8.568000793
64.000021666E-6,-200.00000298E-3,8.560000420
64.200023189E-6,0.0,8.584000587
64.400017436E-6,-200.00000298E-3,8.560000420
64.600018959E-6,-200.00000298E-3,8.552000046
64.800020482E-6,0.0,8.568000793
65.000022005E-6,-400.00000596E-3,8.576000214
65.200023528E-6,0.0,8.568000793
65.400017775E-6,-200.00000298E-3,8.544000626
65.600019298E-6,0.0,8.560000420
65.800020820E-6,-200.00000298E-3,8.568000793
66.000022343E-6,0.0,8.552000046
66.200023866E-6,-200.00000298E-3,8.552000046
66.400018113E-6,-400.00000596E-3,8.552000046
66.600019636E-6,0.0,8.560000420
66.800021159E-6,-200.00000298E-3,8.552000046
67.000022682E-6,0.0,8.544000626
67.200024205E-6,200.00000298E-3,8.552000046
67.400018452E-6,200.00000298E-3,8.560000420
67.600019975E-6,200.00000298E-3,8.544000626
67.800021498E-6,200.00000298E-3,8.552000046
68.000023020E-6,-400.00000596E-3,8.552000046
68.200024543E-6,200.00000298E-3,8.552000046
68.400018790E-6,0.0,8.568000793
68.600020313E-6,0.0,8.560000420
68.800021836E-6,-400.00000596E-3,8.544000626
69.000023359E-6,0.0,8.552000046
69.200017606E-6,-200.00000298E-3,8.568000793
69.400019129E-6,-200.00000298E-3,8.552000046
69.600020652E-6,-200.00000298E-3,8.560000420
69.800022175E-6,-200.00000298E-3,8.568000793
70.000023698E-6,0.0,8.568000793
70.200017944E-6,-200.00000298E-3,8.560000420
70.400019467E-6,0.0,8.568000793
70.600020990E-6,0.0,8.568000793
70.800022513E-6,0.0,8.552000046
71.000024036E-6,-200.00000298E-3,8.560000420
71.200018283E-6,0.0,8.560000420
71.400019806E-6,200.00000298E-3,8.568000793
71.600021329E-6,0.0,8.560000420
71.800022852E-6,-200.00000298E-3,8.560000420
72.000024375E-6,0.0,8.560000420
72.200018622E-6,-200.00000298E-3,8.552000046
72.400020144E-6,-200.00000298E-3,8.568000793
72.600021667E-6,-200.00000298E-3,8.560000420
72.800023190E-6,0.0,8.560000420
73.000017437E-6,0.0,8.552000046
73.200018960E-6,-200.00000298E-3,8.560000420
73.400020483E-6,0.0,8.560000420
73.600022006E-6,-400.00000596E-3,8.568000793
73.800023529E-6,0.0,8.568000793
74.000017776E-6,-200.00000298E-3,8.560000420
74.200019299E-6,-400.00000596E-3,8.560000420
74.400020821E-6,-200.00000298E-3,8.552000046
74.600022344E-6,-400.00000596E-3,8.552000046
74.800023867E-6,-200.00000298E-3,8.560000420
75.000018114E-6,-200.00000298E-3,8.560000420
75.200019637E-6,0.0,8.560000420
75.400021160E-6,0.0,8.552000046
75.600022683E-6,0.0,8.568000793
75.800024206E-6,0.0,8.560000420
76.000018453E-6,-200.00000298E-3,8.560000420
76.200019976E-6,0.0,8.560000420
76.400021499E-6,0.0,8.552000046
76.600023021E-6,0.0,8.552000046
76.800024544E-6,-200.00000298E-3,8.560000420
77.000018791E-6,-200.00000298E-3,8.552000046
77.200020314E-6,0.0,8.552000046
77.400021837E-6,0.0,8.560000420
77.600023360E-6,0.0,8.576000214
77.800017607E-6,0.0,8.560000420
78.000019130E-6,-200.00000298E-3,8.560000420
78.200020653E-6,-200.00000298E-3,8.544000626
78.400022176E-6,200.00000298E-3,8.568000793
78.600023699E-6,-200.00000298E-3,8.560000420
78.800017945E-6,0.0,8.568000793
79.000019468E-6,0.0,8.560000420
79.200020991E-6,-400.00000596E-3,8.552000046
79.400022514E-6,0.0,8.552000046
79.600024037E-6,0.0,8.552000046
79.800018284E-6,-200.00000298E-3,8.552000046
80.000019807E-6,-200.00000298E-3,8.560000420
80.200021330E-6,0.0,8.568000793
80.400022853E-6,0.0,8.568000793
80.600024376E-6,-400.00000596E-3,8.568000793
80.800018623E-6,0.0,8.560000420
81.000020145E-6,-200.00000298E-3,8.560000420
81.200021668E-6,-200.00000298E-3,8.560000420
81.400023191E-6,0.0,8.568000793
81.600024714E-6,-200.00000298E-3,8.560000420
81.800018961E-6,0.0,8.568000793
82.000020484E-6,200.00000298E-3,8.544000626
82.200022007E-6,0.0,8.552000046
82.400023530E-6,0.0,8.552000046
82.600017777E-6,0.0,8.552000046
82.800019300E-6,0.0,8.560000420
83.000020823E-6,0.0,8.560000420
83.200022345E-6,0.0,8.552000046
83.400023868E-6,-200.00000298E-3,8.552000046
83.600018115E-6,200.00000298E-3,8.568000793
83.800019638E-6,0.0,8.568000793
84.000021161E-6,-200.00000298E-3,8.560000420
84.200022684E-6,0.0,8.560000420
84.400024207E-6,200.00000298E-3,8.560000420
84.600018454E-6,0.0,8.568000793
84.800019977E-6,0.0,8.552000046
85.000021500E-6,-200.00000298E-3,8.568000793
85.200023022E-6,-200.00000298E-3,8.544000626
85.400024545E-6,-200.00000298E-3,8.568000793
85.600018792E-6,-200.00000298E-3,8.552000046
85.800020315E-6,0.0,8.544000626
86.000021838E-6,0.0,8.544000626
86.200023361E-6,-200.00000298E-3,8.552000046
86.400017608E-6,-200.00000298E-3,8.552000046
86.600019131E-6,0.0,8.560000420
86.800020654E-6,-200.00000298E-3,8.568000793
87.000022177E-6,0.0,8.552000046
87.200023700E-6,0.0,8.560000420
87.400017946E-6,0.0,8.552000046
87.600019469E-6,-200.00000298E-3,8.552000046
87.800020992E-6,-200.00000298E-3,8.560000420
88.000022515E-6,-200.00000298E-3,8.568000793
88.200024038E-6,0.0,8.568000793
88.400018285E-6,0.0,8.560000420
88.600019808E-6,-200.00000298E-3,8.552000046
88.800021331E-6,0.0,8.544000626
89.000022854E-6,-200.00000298E-3,8.568000793
89.200024377E-6,-200.00000298E-3,8.560000420
89.400018624E-6,-200.00000298E-3,8.560000420
89.600020146E-6,-400.00000596E-3,8.560000420
89.800021669E-6,-200.00000298E-3,8.560000420
90.000023192E-6,-200.00000298E-3,8.560000420
90.200024715E-6,-200.00000298E-3,8.552000046
90.400018962E-6,0.0,8.552000046
90.600020485E-6,-200.00000298E-3,8.560000420
90.800022008E-6,-400.00000596E-3,8.560000420
91.000023531E-6,0.0,8.560000420
91.200017778E-6,0.0,8.544000626
91.400019301E-6,0.0,8.552000046
91.600020824E-6,0.0,8.552000046
91.800022346E-6,0.0,8.560000420
92.000023869E-6,0.0,8.552000046
92.200018116E-6,200.00000298E-3,8.552000046
92.400019639E-6,-200.00000298E-3,8.568000793
92.600021162E-6,-200.00000298E-3,8.552000046
92.800022685E-6,-200.00000298E-3,8.552000046
93.000024208E-6,-200.00000298E-3,8.544000626
93.200018455E-6,200.00000298E-3,8.552000046
93.400019978E-6,0.0,8.560000420
93.600021501E-6,200.00000298E-3,8.560000420
93.800023024E-6,0.0,8.568000793
94.000024546E-6,0.0,8.568000793
94.200018793E-6,200.00000298E-3,8.552000046
94.400020316E-6,-200.00000298E-3,8.560000420
94.600021839E-6,-200.00000298E-3,8.552000046
94.800023362E-6,-200.00000298E-3,8.552000046
95.000024885E-6,200.00000298E-3,8.560000420
95.200019132E-6,0.0,8.552000046
95.400020655E-6,0.0,8.560000420
95.600022178E-6,0.0,8.568000793
95.800023701E-6,0.0,8.560000420
96.000017948E-6,200.00000298E-3,8.560000420
96.200019470E-6,-200.00000298E-3,8.560000420
96.400020993E-6,0.0,8.560000420
96.600022516E-6,-400.00000596E-3,8.552000046
96.800024039E-6,0.0,8.552000046
97.000018286E-6,0.0,8.552000046
97.200019809E-6,0.0,8.560000420
97.400021332E-6,-200.00000298E-3,8.560000420
97.600022855E-6,0.0,8.568000793
97.800024378E-6,0.0,8.552000046
98.000018625E-6,-200.00000298E-3,8.576000214
98.200020147E-6,-200.00000298E-3,8.552000046
98.400021670E-6,-400.00000596E-3,8.568000793
98.600023193E-6,0.0,8.560000420
98.800024716E-6,0.0,8.560000420
99.000018963E-6,0.0,8.544000626
99.200020486E-6,0.0,8.552000046
99.400022009E-6,-200.00000298E-3,8.576000214
99.600023532E-6,0.0,8.552000046
99.800017779E-6,0.0,8.552000046
100.0000193E-6,0.0,8.560000420
100.2000208E-6,-200.00000298E-3,8.576000214
100.4000223E-6,-200.00000298E-3,8.560000420
100.6000239E-6,0.0,8.560000420
100.8000181E-6,-200.00000298E-3,8.552000046
101.0000196E-6,-200.00000298E-3,8.560000420
101.2000212E-6,2.0000000,8.568000793
101.4000227E-6,4.40000010,8.447999954
101.6000242E-6,4.59999990,8.536000252
101.8000185E-6,4.59999990,8.584000587
102.0000200E-6,4.59999990,8.568000793
102.2000215E-6,4.40000010,8.568000793
102.4000230E-6,4.40000010,8.584000587
102.6000245E-6,4.80000019,8.560000420
102.8000188E-6,4.40000010,8.560000420
103.0000203E-6,4.59999990,8.544000626
103.2000218E-6,4.40000010,8.560000420
103.4000234E-6,4.20000029,8.552000046
103.6000249E-6,4.20000029,8.552000046
103.8000191E-6,4.40000010,8.560000420
104.0000207E-6,4.40000010,8.552000046
104.2000222E-6,4.59999990,8.552000046
104.4000237E-6,4.40000010,8.560000420
104.6000179E-6,4.40000010,8.560000420
104.8000195E-6,4.40000010,8.544000626
105.0000210E-6,4.20000029,8.552000046
105.2000225E-6,4.59999990,8.568000793
105.4000240E-6,4.20000029,8.576000214
105.6000183E-6,4.59999990,8.560000420
105.8000198E-6,4.59999990,8.552000046
106.0000213E-6,4.40000010,8.544000626
106.2000229E-6,4.20000029,8.544000626
106.4000244E-6,4.20000029,8.552000046
106.6000186E-6,4.40000010,8.552000046
106.8000201E-6,4.59999990,8.536000252
107.0000217E-6,4.59999990,8.576000214
107.2000232E-6,4.40000010,8.560000420
107.4000247E-6,4.20000029,8.560000420
107.6000190E-6,4.40000010,8.560000420
107.8000205E-6,4.40000010,8.568000793
108.0000220E-6,4.40000010,8.576000214
108.2000235E-6,4.59999990,8.560000420
108.4000251E-6,4.40000010,8.560000420
108.6000193E-6,4.40000010,8.576000214
108.8000208E-6,4.40000010,8.576000214
109.0000223E-6,4.40000010,8.560000420
109.2000239E-6,4.40000010,8.560000420
109.4000181E-6,4.40000010,8.568000793
109.6000196E-6,4.59999990,8.568000793
109.8000212E-6,4.40000010,8.560000420
110.0000227E-6,4.59999990,8.552000046
110.2000242E-6,4.59999990,8.568000793
110.4000185E-6,4.40000010,8.560000420
110.6000200E-6,4.40000010,8.560000420
110.8000215E-6,4.40000010,8.568000793
111.0000230E-6,4.59999990,8.560000420
111.2000245E-6,4.40000010,8.568000793
111.4000188E-6,4.59999990,8.552000046
111.6000203E-6,4.40000010,8.568000793
111.8000218E-6,4.40000010,8.560000420
112.0000234E-6,4.20000029,8.552000046
112.2000249E-6,4.40000010,8.560000420
112.4000191E-6,4.20000029,8.552000046
112.6000207E-6,4.40000010,8.552000046
112.8000222E-6,4.40000010,8.560000420
113.0000237E-6,4.59999990,8.560000420
113.2000179E-6,4.20000029,8.560000420
113.4000195E-6,4.59999990,8.568000793
113.6000210E-6,4.20000029,8.552000046
113.8000225E-6,4.40000010,8.560000420
114.0000240E-6,4.20000029,8.544000626
114.2000183E-6,4.20000029,8.560000420
114.4000198E-6,4.20000029,8.552000046
114.6000213E-6,4.40000010,8.552000046
114.8000229E-6,4.40000010,8.560000420
115.0000244E-6,4.40000010,8.552000046
115.2000186E-6,4.40000010,8.552000046
115.4000201E-6,4.59999990,8.568000793
115.6000217E-6,4.40000010,8.560000420
115.8000232E-6,4.40000010,8.560000420
116.0000247E-6,4.59999990,8.560000420
116.2000190E-6,4.59999990,8.560000420
116.4000205E-6,4.59999990,8.568000793
116.6000220E-6,4.59999990,8.544000626
116.8000235E-6,4.59999990,8.552000046
117.0000251E-6,4.40000010,8.568000793
117.2000193E-6,4.40000010,8.560000420
117.4000208E-6,4.40000010,8.568000793
117.6000223E-6,4.40000010,8.568000793
117.8000239E-6,4.20000029,8.568000793
118.0000181E-6,4.20000029,8.560000420
118.2000196E-6,4.40000010,8.560000420
118.4000212E-6,4.00000000,8.560000420
118.6000227E-6,4.59999990,8.568000793
118.8000242E-6,4.40000010,8.576000214
119.0000185E-6,4.59999990,8.560000420
119.2000200E-6,4.59999990,8.560000420
119.4000215E-6,4.40000010,8.560000420
119.6000230E-6,4.40000010,8.560000420
119.8000245E-6,4.20000029,8.560000420
120.0000188E-6,4.20000029,8.568000793
120.2000203E-6,4.40000010,8.568000793
120.4000218E-6,4.20000029,8.560000420
120.6000234E-6,4.59999990,8.568000793
120.8000249E-6,4.00000000,8.568000793
121.0000191E-6,4.40000010,8.568000793
121.2000207E-6,4.59999990,8.560000420
121.4000222E-6,4.40000010,8.560000420
121.6000237E-6,4.40000010,8.576000214
121.8000180E-6,4.59999990,8.584000587
122.0000195E-6,4.59999990,8.576000214
122.2000283E-6,4.40000010,8.568000793
122.4000152E-6,4.59999990,8.560000420
122.6000168E-6,4.40000010,8.568000793
122.8000183E-6,4.20000029,8.568000793
123.0000198E-6,4.40000010,8.576000214
123.2000213E-6,4.40000010,8.568000793
123.4000229E-6,4.40000010,8.560000420
123.6000244E-6,4.20000029,8.576000214
123.8000259E-6,4.40000010,8.560000420
124.0000274E-6,4.59999990,8.560000420
124.2000144E-6,4.59999990,8.576000214
124.4000159E-6,4.20000029,8.576000214
124.6000174E-6,4.20000029,8.568000793
124.8000190E-6,4.40000010,8.552000046
125.0000205E-6,4.80000019,8.568000793
125.2000220E-6,4.80000019,8.568000793
125.4000235E-6,4.59999990,8.560000420
125.6000251E-6,4.59999990,8.576000214
125.8000266E-6,4.40000010,8.544000626
126.0000281E-6,4.40000010,8.576000214
126.2000151E-6,4.59999990,8.568000793
126.4000166E-6,4.59999990,8.560000420
126.6000181E-6,4.59999990,8.560000420
126.8000196E-6,4.40000010,8.544000626
127.0000212E-6,4.40000010,8.560000420
127.2000227E-6,4.40000010,8.568000793
127.4000242E-6,4.20000029,8.560000420
127.6000257E-6,4.40000010,8.568000793
127.8000273E-6,4.40000010,8.568000793
128.0000288E-6,4.59999990,8.568000793
128.2000158E-6,4.40000010,8.568000793
128.4000173E-6,4.40000010,8.576000214
128.6000188E-6,4.40000010,8.584000587
128.8000203E-6,4.40000010,8.568000793
129.0000218E-6,4.40000010,8.568000793
129.2000234E-6,4.40000010,8.568000793
129.4000249E-6,4.20000029,8.576000214
129.6000264E-6,4.40000010,8.560000420
129.8000279E-6,4.59999990,8.552000046
130.0000149E-6,4.59999990,8.560000420
130.2000164E-6,4.59999990,8.568000793
130.4000180E-6,4.59999990,8.560000420
130.6000195E-6,4.40000010,8.568000793
130.8000210E-6,4.59999990,8.560000420
131.0000225E-6,4.20000029,8.568000793
131.2000240E-6,4.59999990,8.576000214
131.4000256E-6,4.40000010,8.568000793
131.6000271E-6,4.40000010,8.560000420
131.8000286E-6,4.59999990,8.560000420
132.0000156E-6,4.59999990,8.576000214
132.2000171E-6,4.20000029,8.568000793
132.4000186E-6,4.40000010,8.576000214
132.6000202E-6,4.40000010,8.568000793
132.8000217E-6,4.40000010,8.568000793
133.0000232E-6,4.40000010,8.568000793
133.2000247E-6,4.40000010,8.568000793
133.4000262E-6,4.59999990,8.560000420
133.6000278E-6,4.59999990,8.576000214
133.8000147E-6,4.59999990,8.568000793
134.0000163E-6,4.40000010,8.560000420
134.2000178E-6,4.40000010,8.552000046
134.4000193E-6,4.40000010,8.560000420
134.6000208E-6,4.59999990,8.552000046
134.8000224E-6,4.40000010,8.552000046
135.0000239E-6,4.40000010,8.560000420
135.2000254E-6,4.59999990,8.568000793
135.4000269E-6,4.40000010,8.576000214
135.6000284E-6,4.40000010,8.560000420
135.8000154E-6,4.20000029,8.568000793
136.0000169E-6,4.20000029,8.560000420
136.2000185E-6,4.59999990,8.576000214
136.4000200E-6,4.40000010,8.568000793
136.6000215E-6,4.40000010,8.568000793
136.8000230E-6,4.59999990,8.584000587
137.0000246E-6,4.40000010,8.560000420
137.2000261E-6,4.40000010,8.576000214
137.4000276E-6,4.59999990,8.560000420
137.6000146E-6,4.20000029,8.584000587
137.8000161E-6,4.59999990,8.576000214
138.0000176E-6,4.20000029,8.576000214
138.2000191E-6,4.20000029,8.576000214
138.4000207E-6,4.40000010,8.568000793
138.6000222E-6,4.40000010,8.576000214
138.8000237E-6,4.59999990,8.568000793
139.0000252E-6,4.59999990,8.568000793
139.2000268E-6,4.59999990,8.560000420
139.4000283E-6,4.40000010,8.576000214
139.6000152E-6,4.59999990,8.568000793
139.8000168E-6,4.20000029,8.584000587
140.0000183E-6,4.59999990,8.568000793
140.2000198E-6,4.59999990,8.584000587
140.4000213E-6,4.59999990,8.568000793
140.6000229E-6,4.40000010,8.568000793
140.8000244E-6,4.59999990,8.568000793
141.0000259E-6,4.59999990,8.576000214
141.2000274E-6,4.59999990,8.568000793
141.4000290E-6,4.59999990,8.568000793
141.6000159E-6,4.80000019,8.560000420
141.8000174E-6,4.59999990,8.576000214
142.0000190E-6,4.80000019,8.576000214
142.2000205E-6,4.59999990,8.568000793
142.4000220E-6,4.59999990,8.576000214
142.6000235E-6,4.80000019,8.584000587
142.8000251E-6,4.20000029,8.568000793
143.0000266E-6,4.40000010,8.576000214
143.2000281E-6,4.40000010,8.576000214
143.4000151E-6,4.20000029,8.576000214
143.6000166E-6,4.59999990,8.568000793
143.8000181E-6,4.80000019,8.576000214
144.0000196E-6,4.80000019,8.576000214
144.2000212E-6,4.20000029,8.576000214
144.4000227E-6,4.59999990,8.560000420
144.6000242E-6,4.20000029,8.568000793
144.8000257E-6,4.59999990,8.584000587
145.0000273E-6,4.59999990,8.576000214
145.2000288E-6,4.59999990,8.560000420
145.4000158E-6,4.40000010,8.576000214
145.6000173E-6,4.59999990,8.568000793
145.8000188E-6,4.40000010,8.576000214
146.0000203E-6,4.40000010,8.584000587
146.2000218E-6,4.59999990,8.560000420
146.4000234E-6,4.59999990,8.552000046
146.6000249E-6,4.80000019,8.576000214
146.8000264E-6,4.40000010,8.568000793
147.0000279E-6,4.40000010,8.560000420
147.2000149E-6,4.40000010,8.568000793
147.4000164E-6,4.40000010,8.584000587
147.6000180E-6,4.59999990,8.576000214
147.8000195E-6,4.40000010,8.576000214
148.0000210E-6,4.40000010,8.576000214
148.2000225E-6,4.20000029,8.584000587
148.4000240E-6,4.59999990,8.584000587
148.60002557E-6,4.20000029,8.568000793
148.80002709E-6,4.40000010,8.576000214
149.00002861E-6,4.40000010,8.568000793
149.20001558E-6,4.40000010,8.568000793
149.40001711E-6,4.59999990,8.592000008
149.60001863E-6,4.80000019,8.568000793
149.80002015E-6,4.80000019,8.584000587
150.00002168E-6,4.59999990,8.560000420
150.20002320E-6,4.59999990,8.576000214
150.40002472E-6,4.59999990,8.576000214
150.60002625E-6,4.80000019,8.568000793
150.80002777E-6,4.20000029,8.576000214
151.00001474E-6,4.40000010,8.568000793
151.20001626E-6,800.000011921E-3,8.568000793
151.40001778E-6,-200.00000298E-3,8.672000885
151.60001931E-6,0.0,8.592000008
151.80002083E-6,-200.00000298E-3,8.568000793
152.00002235E-6,0.0,8.592000008
152.20002388E-6,-200.00000298E-3,8.592000008
152.40002540E-6,-200.00000298E-3,8.568000793
152.60002692E-6,-200.00000298E-3,8.584000587
152.80002845E-6,-200.00000298E-3,8.568000793
153.00001542E-6,-200.00000298E-3,8.568000793
153.20001694E-6,-200.00000298E-3,8.576000214
153.40001846E-6,-200.00000298E-3,8.568000793
153.60001998E-6,-200.00000298E-3,8.568000793
153.80002151E-6,-200.00000298E-3,8.576000214
154.00002303E-6,-200.00000298E-3,8.560000420
154.20002455E-6,0.0,8.568000793
154.40002608E-6,200.00000298E-3,8.584000587
154.60002760E-6,200.00000298E-3,8.568000793
154.80002912E-6,-200.00000298E-3,8.576000214
155.00001609E-6,0.0,8.568000793
155.20001762E-6,-200.00000298E-3,8.568000793
155.40001914E-6,0.0,8.576000214
155.60002066E-6,-200.00000298E-3,8.568000793
155.80002218E-6,-200.00000298E-3,8.568000793
156.00002371E-6,0.0,8.576000214
156.20002523E-6,0.0,8.576000214
156.40002675E-6,0.0,8.560000420
156.60002828E-6,0.0,8.568000793
156.80001525E-6,-200.00000298E-3,8.560000420
157.00001677E-6,0.0,8.568000793
157.20001829E-6,-400.00000596E-3,8.568000793
157.40001982E-6,0.0,8.568000793
157.60002134E-6,-200.00000298E-3,8.568000793
157.80002286E-6,-200.00000298E-3,8.560000420
158.00002438E-6,-200.00000298E-3,8.576000214
158.20002591E-6,-400.00000596E-3,8.576000214
158.40002743E-6,-200.00000298E-3,8.568000793
158.60002895E-6,-200.00000298E-3,8.568000793
158.80001592E-6,0.0,8.568000793
159.00001745E-6,0.0,8.560000420
159.20001897E-6,0.0,8.576000214
159.40002049E-6,-200.00000298E-3,8.576000214
159.60002202E-6,-200.00000298E-3,8.560000420
159.80002354E-6,-200.00000298E-3,8.576000214
160.00002506E-6,0.0,8.560000420
160.20002658E-6,0.0,8.560000420
160.40002811E-6,0.0,8.576000214
160.60001508E-6,-200.00000298E-3,8.568000793
160.80001660E-6,0.0,8.560000420
161.00001812E-6,-200.00000298E-3,8.560000420
161.20001965E-6,200.00000298E-3,8.576000214
161.40002117E-6,0.0,8.560000420
161.60002269E-6,0.0,8.568000793
161.80002422E-6,0.0,8.560000420
162.00002574E-6,0.0,8.560000420
162.20002726E-6,200.00000298E-3,8.568000793
162.40002878E-6,0.0,8.560000420
162.60001576E-6,0.0,8.560000420
162.80001728E-6,0.0,8.576000214
163.00001880E-6,-200.00000298E-3,8.568000793
163.20002032E-6,0.0,8.568000793
163.40002185E-6,0.0,8.560000420
163.60002337E-6,-200.00000298E-3,8.552000046
163.80002489E-6,0.0,8.576000214
164.00002642E-6,0.0,8.560000420
164.20002794E-6,-200.00000298E-3,8.552000046
164.40001491E-6,-200.00000298E-3,8.560000420
164.60001643E-6,0.0,8.568000793
164.80001796E-6,-200.00000298E-3,8.576000214
165.00001948E-6,0.0,8.544000626
165.20002100E-6,-200.00000298E-3,8.560000420
165.40002252E-6,-200.00000298E-3,8.552000046
165.60002405E-6,0.0,8.560000420
165.80002557E-6,0.0,8.576000214
166.00002709E-6,0.0,8.552000046
166.20002862E-6,0.0,8.544000626
166.40001559E-6,200.00000298E-3,8.552000046
166.60001711E-6,-200.00000298E-3,8.544000626
166.80001863E-6,0.0,8.560000420
167.00002016E-6,-200.00000298E-3,8.552000046
167.20002168E-6,-200.00000298E-3,8.552000046
167.40002320E-6,0.0,8.568000793
167.60002472E-6,200.00000298E-3,8.560000420
167.80002625E-6,-400.00000596E-3,8.552000046
168.00002777E-6,0.0,8.560000420
168.20002929E-6,-200.00000298E-3,8.568000793
168.40001626E-6,-200.00000298E-3,8.560000420
168.60001779E-6,-200.00000298E-3,8.552000046
168.80001931E-6,0.0,8.560000420
169.00002083E-6,-200.00000298E-3,8.560000420
169.20002236E-6,0.0,8.560000420
169.40002388E-6,200.00000298E-3,8.560000420
169.60002540E-6,0.0,8.560000420
169.80002692E-6,0.0,8.544000626
170.00002845E-6,200.00000298E-3,8.560000420
170.20001542E-6,-200.00000298E-3,8.568000793
170.40001694E-6,0.0,8.560000420
170.60001846E-6,-200.00000298E-3,8.552000046
170.80001999E-6,200.00000298E-3,8.544000626
171.00002151E-6,-200.00000298E-3,8.560000420
171.20002303E-6,0.0,8.560000420
171.40002456E-6,-400.00000596E-3,8.552000046
171.60002608E-6,-400.00000596E-3,8.568000793
171.80002760E-6,0.0,8.560000420
172.00002912E-6,-400.00000596E-3,8.544000626
172.20001610E-6,-400.00000596E-3,8.568000793
172.40001762E-6,-200.00000298E-3,8.544000626
172.60001914E-6,-200.00000298E-3,8.560000420
172.80002066E-6,0.0,8.568000793
173.00002219E-6,-200.00000298E-3,8.552000046
173.20002371E-6,-200.00000298E-3,8.560000420
173.40002523E-6,-200.00000298E-3,8.544000626
173.60002676E-6,0.0,8.560000420
173.80002828E-6,-200.00000298E-3,8.552000046
174.00001525E-6,-200.00000298E-3,8.544000626
174.20001677E-6,-200.00000298E-3,8.568000793
174.40001830E-6,0.0,8.560000420
174.60001982E-6,-200.00000298E-3,8.552000046
174.80002134E-6,0.0,8.560000420
175.00002286E-6,0.0,8.568000793
175.20002439E-6,-200.00000298E-3,8.552000046
175.40002591E-6,-200.00000298E-3,8.568000793
175.60002743E-6,-200.00000298E-3,8.544000626
175.80002896E-6,0.0,8.552000046
176.00001593E-6,-400.00000596E-3,8.568000793
176.20001745E-6,0.0,8.552000046
176.40001897E-6,-200.00000298E-3,8.552000046
176.60002050E-6,0.0,8.552000046
176.80002202E-6,200.00000298E-3,8.552000046
177.00002354E-6,-400.00000596E-3,8.576000214
177.20002506E-6,-400.00000596E-3,8.560000420
177.40002659E-6,200.00000298E-3,8.552000046
177.60002811E-6,-200.00000298E-3,8.560000420
177.80001508E-6,0.0,8.560000420
178.00001660E-6,0.0,8.560000420
178.20001813E-6,-200.00000298E-3,8.560000420
178.40001965E-6,-200.00000298E-3,8.552000046
178.60002117E-6,0.0,8.552000046
178.80002270E-6,0.0,8.552000046
179.00002422E-6,-200.00000298E-3,8.552000046
179.20002574E-6,0.0,8.552000046
179.40002726E-6,0.0,8.568000793
179.60002879E-6,0.0,8.568000793
179.80001576E-6,0.0,8.560000420
180.00001728E-6,-200.00000298E-3,8.560000420
180.20001880E-6,-200.00000298E-3,8.560000420
180.40002033E-6,-200.00000298E-3,8.552000046
180.60002185E-6,0.0,8.560000420
180.80002337E-6,0.0,8.560000420
181.00002490E-6,0.0,8.560000420
181.20002642E-6,-200.00000298E-3,8.552000046
181.40002794E-6,-200.00000298E-3,8.560000420
181.60002946E-6,0.0,8.552000046
181.80001643E-6,-200.00000298E-3,8.568000793
182.00001796E-6,0.0,8.560000420
182.20001948E-6,0.0,8.552000046
182.40002100E-6,0.0,8.568000793
182.60002253E-6,-200.00000298E-3,8.560000420
182.80002405E-6,-200.00000298E-3,8.568000793
183.00002557E-6,0.0,8.568000793
183.20002710E-6,-200.00000298E-3,8.568000793
183.40002862E-6,0.0,8.560000420
183.60001559E-6,0.0,8.576000214
183.80001711E-6,0.0,8.560000420
184.00001863E-6,-200.00000298E-3,8.552000046
184.20002016E-6,0.0,8.568000793
184.40002168E-6,0.0,8.560000420
184.60002320E-6,0.0,8.568000793
184.80002473E-6,200.00000298E-3,8.560000420
185.00002625E-6,-200.00000298E-3,8.552000046
185.20002777E-6,-200.00000298E-3,8.544000626
185.40002930E-6,-200.00000298E-3,8.560000420
185.60001627E-6,0.0,8.568000793
185.80001779E-6,-200.00000298E-3,8.552000046
186.00001931E-6,0.0,8.552000046
186.20002083E-6,0.0,8.552000046
186.40002236E-6,0.0,8.544000626
186.60002388E-6,-200.00000298E-3,8.552000046
186.80002540E-6,0.0,8.560000420
187.00002693E-6,200.00000298E-3,8.560000420
187.20002845E-6,0.0,8.560000420
187.40001542E-6,0.0,8.560000420
187.60001694E-6,-400.00000596E-3,8.552000046
187.80001847E-6,0.0,8.560000420
188.00001999E-6,-200.00000298E-3,8.568000793
188.20002151E-6,-200.00000298E-3,8.560000420
188.40002303E-6,-200.00000298E-3,8.552000046
188.60002456E-6,0.0,8.560000420
188.80002608E-6,-200.00000298E-3,8.560000420
189.00002760E-6,-200.00000298E-3,8.560000420
189.20002913E-6,0.0,8.560000420
189.40001610E-6,0.0,8.560000420
189.60001762E-6,-200.00000298E-3,8.568000793
189.80001914E-6,-200.00000298E-3,8.560000420
190.00002067E-6,0.0,8.560000420
190.20002219E-6,0.0,8.568000793
190.40002371E-6,0.0,8.560000420
190.60002523E-6,0.0,8.552000046
190.80002676E-6,-200.00000298E-3,8.568000793
191.00002828E-6,0.0,8.560000420
191.20001525E-6,-200.00000298E-3,8.568000793
191.40001677E-6,-200.00000298E-3,8.568000793
191.60001830E-6,-200.00000298E-3,8.552000046
191.80001982E-6,-200.00000298E-3,8.560000420
192.00002134E-6,0.0,8.568000793
192.20002287E-6,0.0,8.552000046
192.40002439E-6,-200.00000298E-3,8.560000420
192.60002591E-6,200.00000298E-3,8.568000793
192.80002743E-6,-200.00000298E-3,8.552000046
193.00002896E-6,-400.00000596E-3,8.568000793
193.20001593E-6,0.0,8.568000793
193.40001745E-6,-200.00000298E-3,8.560000420
193.60001897E-6,-200.00000298E-3,8.560000420
193.80002050E-6,-200.00000298E-3,8.560000420
194.00002202E-6,-200.00000298E-3,8.552000046
194.20002354E-6,0.0,8.560000420
194.40002507E-6,200.00000298E-3,8.560000420
194.60002659E-6,0.0,8.560000420
194.80002811E-6,-400.00000596E-3,8.552000046
195.00002963E-6,-200.00000298E-3,8.552000046
195.20001661E-6,0.0,8.560000420
195.40001813E-6,0.0,8.544000626
195.60001965E-6,0.0,8.560000420
195.80002117E-6,-200.00000298E-3,8.544000626
196.00002270E-6,0.0,8.544000626
196.20002422E-6,-200.00000298E-3,8.568000793
196.40002574E-6,-200.00000298E-3,8.552000046
196.60002727E-6,0.0,8.560000420
196.80002879E-6,-200.00000298E-3,8.560000420
197.00001576E-6,-200.00000298E-3,8.552000046
197.20001728E-6,-200.00000298E-3,8.560000420
197.40001881E-6,-200.00000298E-3,8.552000046
197.60002033E-6,0.0,8.552000046
197.80002185E-6,-200.00000298E-3,8.560000420
198.00002337E-6,0.0,8.568000793
198.20002490E-6,-200.00000298E-3,8.552000046
198.40002642E-6,-200.00000298E-3,8.568000793
198.60002794E-6,-400.00000596E-3,8.560000420
198.80002947E-6,0.0,8.552000046
199.00001644E-6,-200.00000298E-3,8.568000793
199.20001796E-6,-200.00000298E-3,8.560000420
199.40001948E-6,-200.00000298E-3,8.568000793
199.60002101E-6,-200.00000298E-3,8.560000420
199.80002253E-6,0.0,8.552000046
200.00002405E-6,-200.00000298E-3,8.560000420
200.20002557E-6,-200.00000298E-3,8.560000420
200.40002710E-6,-200.00000298E-3,8.568000793
200.60002862E-6,-200.00000298E-3,8.552000046
200.80001559E-6,200.00000298E-3,8.560000420
201.00001711E-6,0.0,8.568000793
201.20001864E-6,3.79999995,8.568000793
201.40002016E-6,4.40000010,8.432000160
201.60002168E-6,4.80000019,8.528000832
201.80002321E-6,4.80000019,8.584000587
202.00002473E-6,4.40000010,8.560000420
202.20002625E-6,4.40000010,8.560000420
202.40002777E-6,4.40000010,8.576000214
202.60002930E-6,4.20000029,8.552000046
202.80001627E-6,4.40000010,8.568000793
203.00001779E-6,4.20000029,8.536000252
203.20001931E-6,4.80000019,8.560000420
203.40002084E-6,4.40000010,8.560000420
203.60002236E-6,4.59999990,8.552000046
203.80002388E-6,4.40000010,8.560000420
204.00002541E-6,4.40000010,8.560000420
204.20002693E-6,4.80000019,8.560000420
204.40002845E-6,4.40000010,8.560000420
204.60001542E-6,4.80000019,8.552000046
204.80001695E-6,4.20000029,8.552000046
205.00001847E-6,4.20000029,8.560000420
205.20001999E-6,4.20000029,8.568000793
205.40002151E-6,4.20000029,8.552000046
205.60002304E-6,4.40000010,8.544000626
205.80002456E-6,4.59999990,8.552000046
206.00002608E-6,4.59999990,8.552000046
206.20002761E-6,4.40000010,8.560000420
206.40002913E-6,4.00000000,8.552000046
206.60001610E-6,4.40000010,8.560000420
206.80001762E-6,4.59999990,8.560000420
207.00001915E-6,4.40000010,8.560000420
207.20002067E-6,4.40000010,8.576000214
207.40002219E-6,4.40000010,8.568000793
207.60002371E-6,4.20000029,8.552000046
207.80002524E-6,4.40000010,8.568000793
208.00002676E-6,4.59999990,8.576000214
208.20002828E-6,4.20000029,8.568000793
208.40002981E-6,4.40000010,8.568000793
208.60001678E-6,4.40000010,8.568000793
208.80001830E-6,4.40000010,8.576000214
209.00001982E-6,4.80000019,8.568000793
209.20002135E-6,4.40000010,8.560000420
209.40002287E-6,4.40000010,8.560000420
209.60002439E-6,4.40000010,8.568000793
209.80002591E-6,4.59999990,8.560000420
210.00002744E-6,4.80000019,8.560000420
210.20002896E-6,4.20000029,8.560000420
210.40001593E-6,4.40000010,8.568000793
210.60001745E-6,4.20000029,8.568000793
210.80001898E-6,4.40000010,8.560000420
211.00002050E-6,4.59999990,8.568000793
211.20002202E-6,4.40000010,8.552000046
211.40002355E-6,4.59999990,8.544000626
211.60002507E-6,4.40000010,8.560000420
211.80002659E-6,4.40000010,8.568000793
212.00002811E-6,4.40000010,8.560000420
212.20002964E-6,4.20000029,8.568000793
212.40001661E-6,4.40000010,8.568000793
212.60001813E-6,4.40000010,8.552000046
212.80001965E-6,4.20000029,8.568000793
213.00002118E-6,4.59999990,8.560000420
213.20002270E-6,4.20000029,8.552000046
213.40002422E-6,4.20000029,8.552000046
213.60002575E-6,4.20000029,8.560000420
213.80002727E-6,4.80000019,8.552000046
214.00002879E-6,4.59999990,8.560000420
214.20001576E-6,4.40000010,8.560000420
214.40001728E-6,4.40000010,8.560000420
214.60001881E-6,4.40000010,8.568000793
214.80002033E-6,4.59999990,8.560000420
215.00002185E-6,4.40000010,8.560000420
215.20002338E-6,4.59999990,8.560000420
215.40002490E-6,4.59999990,8.568000793
215.60002642E-6,4.40000010,8.568000793
215.80002795E-6,4.20000029,8.544000626
216.00002947E-6,4.80000019,8.552000046
216.20001644E-6,4.20000029,8.560000420
216.40001796E-6,4.40000010,8.576000214
216.60001948E-6,4.40000010,8.560000420
216.80002101E-6,4.20000029,8.568000793
217.00002253E-6,4.59999990,8.560000420
217.20002405E-6,4.40000010,8.560000420
217.40002558E-6,4.20000029,8.568000793
217.60002710E-6,4.40000010,8.568000793
217.80002862E-6,4.59999990,8.568000793
218.00001559E-6,4.40000010,8.560000420
218.20001712E-6,4.40000010,8.560000420
218.40001864E-6,4.40000010,8.552000046
218.60002016E-6,4.59999990,8.552000046
218.80002168E-6,4.20000029,8.560000420
219.00002321E-6,4.40000010,8.568000793
219.20002473E-6,4.20000029,8.576000214
219.40002625E-6,4.40000010,8.560000420
219.60002778E-6,4.59999990,8.552000046
219.80002930E-6,4.40000010,8.568000793
220.00001627E-6,4.40000010,8.568000793
220.20001779E-6,4.40000010,8.560000420
220.40001932E-6,4.59999990,8.568000793
220.60002084E-6,4.80000019,8.560000420
220.80002236E-6,4.59999990,8.560000420
221.00002388E-6,4.40000010,8.552000046
221.20002541E-6,4.40000010,8.560000420
221.40002693E-6,4.40000010,8.552000046
221.60002845E-6,4.59999990,8.568000793
221.80002998E-6,4.40000010,8.576000214
222.00001695E-6,4.40000010,8.560000420
222.20001847E-6,4.59999990,8.552000046
222.40001999E-6,4.40000010,8.560000420
222.60002152E-6,4.40000010,8.576000214
222.80002304E-6,4.40000010,8.552000046
223.00002456E-6,4.59999990,8.552000046
223.20002608E-6,4.59999990,8.560000420
223.40002761E-6,4.80000019,8.560000420
223.60002913E-6,4.40000010,8.576000214
223.80001610E-6,4.59999990,8.552000046
224.00001762E-6,4.59999990,8.568000793
224.20001915E-6,4.59999990,8.576000214
224.40002067E-6,4.80000019,8.544000626
224.60002219E-6,4.40000010,8.568000793
224.80002372E-6,4.20000029,8.552000046
225.00002524E-6,4.40000010,8.568000793
225.20002676E-6,4.40000010,8.576000214
225.40002828E-6,4.40000010,8.568000793
225.60002981E-6,4.59999990,8.552000046
225.80001678E-6,4.59999990,8.560000420
226.00001830E-6,4.80000019,8.568000793
226.20001982E-6,4.40000010,8.568000793
226.40002135E-6,4.20000029,8.560000420
226.60002287E-6,4.40000010,8.560000420
226.80002439E-6,4.59999990,8.576000214
227.00002592E-6,4.40000010,8.560000420
227.20002744E-6,4.59999990,8.576000214
227.40002896E-6,4.20000029,8.576000214
227.60001593E-6,4.20000029,8.576000214
227.80001746E-6,4.40000010,8.568000793
228.00001898E-6,4.40000010,8.568000793
228.20002050E-6,4.20000029,8.560000420
228.40002202E-6,4.40000010,8.568000793
228.60002355E-6,4.40000010,8.552000046
228.80002507E-6,4.80000019,8.560000420
229.00002659E-6,4.40000010,8.568000793
229.20002812E-6,4.59999990,8.568000793
229.40002964E-6,4.80000019,8.560000420
229.60001661E-6,4.59999990,8.560000420
229.80001813E-6,4.59999990,8.560000420
230.00001966E-6,4.40000010,8.552000046
230.20002118E-6,4.40000010,8.576000214
230.40002270E-6,4.59999990,8.568000793
230.60002422E-6,4.59999990,8.568000793
230.80002575E-6,4.40000010,8.560000420
231.00002727E-6,4.59999990,8.568000793
231.20002879E-6,4.59999990,8.552000046
231.40001576E-6,4.40000010,8.568000793
231.60001729E-6,4.40000010,8.560000420
231.80001881E-6,4.59999990,8.568000793
232.00002033E-6,4.40000010,8.568000793
232.20002186E-6,4.40000010,8.584000587
232.40002338E-6,4.40000010,8.560000420
232.60002490E-6,4.59999990,8.560000420
232.80002642E-6,4.40000010,8.552000046
233.00002795E-6,4.40000010,8.568000793
233.20002947E-6,4.40000010,8.568000793
233.40001644E-6,4.20000029,8.568000793
233.60001796E-6,4.59999990,8.552000046
233.80001949E-6,4.59999990,8.560000420
234.00002101E-6,4.59999990,8.560000420
234.20002253E-6,4.80000019,8.560000420
234.40002406E-6,4.59999990,8.576000214
234.60002558E-6,4.40000010,8.576000214
234.80002710E-6,4.40000010,8.560000420
235.00002862E-6,4.40000010,8.560000420
235.20003015E-6,4.40000010,8.568000793
235.40001712E-6,4.40000010,8.552000046
235.60001864E-6,4.80000019,8.552000046
235.80002016E-6,4.20000029,8.560000420
236.00002169E-6,4.40000010,8.560000420
236.20002321E-6,4.59999990,8.568000793
236.40002473E-6,4.40000010,8.576000214
236.60002626E-6,4.40000010,8.560000420
236.80002778E-6,4.59999990,8.568000793
237.00002930E-6,4.40000010,8.560000420
237.20001627E-6,4.40000010,8.560000420
237.40001780E-6,4.20000029,8.560000420
237.60001932E-6,4.40000010,8.576000214
237.80002084E-6,4.20000029,8.568000793
238.00002236E-6,4.59999990,8.576000214
238.20002389E-6,4.59999990,8.568000793
238.40002541E-6,4.59999990,8.568000793
238.60002693E-6,4.40000010,8.568000793
238.80002846E-6,4.40000010,8.576000214
239.00002998E-6,4.40000010,8.568000793
239.20001695E-6,4.40000010,8.584000587
239.40001847E-6,4.59999990,8.576000214
239.60002000E-6,4.20000029,8.584000587
239.80002152E-6,4.40000010,8.576000214
240.00002304E-6,4.40000010,8.560000420
240.20002456E-6,4.59999990,8.568000793
240.40002609E-6,4.40000010,8.568000793
240.60002761E-6,4.59999990,8.568000793
240.80002913E-6,4.59999990,8.568000793
241.00001610E-6,4.40000010,8.576000214
241.20001763E-6,4.40000010,8.568000793
241.40001915E-6,4.59999990,8.576000214
241.60002067E-6,4.20000029,8.576000214
241.80002220E-6,4.40000010,8.576000214
242.00002372E-6,4.20000029,8.576000214
242.20002524E-6,4.20000029,8.576000214
242.40002676E-6,4.40000010,8.576000214
242.60002829E-6,4.40000010,8.552000046
242.80002981E-6,4.59999990,8.576000214
243.00001678E-6,4.59999990,8.576000214
243.20001830E-6,4.20000029,8.568000793
243.40001983E-6,4.40000010,8.568000793
243.60002135E-6,4.59999990,8.568000793
243.80002287E-6,4.80000019,8.576000214
244.00002440E-6,4.59999990,8.560000420
244.20002592E-6,4.59999990,8.568000793
244.40002744E-6,4.40000010,8.568000793
244.60002896E-6,4.20000029,8.576000214
244.80003049E-6,4.59999990,8.568000793
245.00003201E-6,4.40000010,8.568000793
245.20003353E-6,4.40000010,8.576000214
245.40003506E-6,4.59999990,8.560000420
245.60003658E-6,4.80000019,8.560000420
245.80000900E-6,4.40000010,8.568000793
246.00001052E-6,4.59999990,8.560000420
246.20001204E-6,4.40000010,8.568000793
246.40001357E-6,4.40000010,8.568000793
246.60001509E-6,4.40000010,8.568000793
246.80001661E-6,4.59999990,8.568000793
247.00001813E-6,4.40000010,8.576000214
247.20001966E-6,4.20000029,8.576000214
247.40002118E-6,4.20000029,8.568000793
247.60002270E-6,4.59999990,8.576000214
247.80002423E-6,4.40000010,8.568000793
248.00002575E-6,4.40000010,8.584000587
248.20002727E-6,4.40000010,8.576000214
248.40002880E-6,4.40000010,8.568000793
248.60003032E-6,4.80000019,8.576000214
248.80003184E-6,4.40000010,8.584000587
249.00003336E-6,4.40000010,8.576000214
249.20003489E-6,4.40000010,8.576000214
249.40003641E-6,4.40000010,8.568000793
249.60000883E-6,4.59999990,8.568000793
249.80001035E-6,4.80000019,8.568000793
